0	0	0	0	0	0	0	0	0	1	1	0	饭我想去找你但是答应了别人要活到暑假的失望我真的好自私啊不顾他人的想法哈哈哈失望去哪跳楼好呢
0	0	0	0	0	1	0	0	0	0	0	0	我突然间觉得我没有一个朋友，因为我心里的那些话，我一个朋友不敢说，好像我说了，他们也不会真正理解我的处境。
0	1	0	0	0	0	0	0	0	0	0	0	我好累..真的好累..考试永远过不了 我不能拿我前途去赌 我好害怕
0	0	0	0	0	0	0	0	0	1	0	0	饭饭，我有些熬不住了。我受不了自己明明很悲伤却要笑着面对生活的样子。我讨厌别人否定我的努力，我讨厌他们伤害了我却又当作什么事都没有发生的样子。我要人格分裂了。两个都是我，但一个是假笑的玖娘，一个是阴暗至极的玖娘
0	0	0	0	0	0	0	0	0	1	0	0	我总是在逃避 我好没用
0	0	1	0	0	0	1	0	0	0	0	0	被洗脑花了1000多块钱，我真的好想捅死我自己
0	0	0	0	0	0	0	0	0	0	1	0	是我自己把自己过得一团糟
0	0	1	0	0	0	0	0	0	0	0	0	所以觉得自己太不孝了 可我也痛苦 每天都折磨的要崩溃 我也很累
0	1	0	0	0	0	0	0	0	0	0	0	我好想死我又不敢死，我压力真的好大。为什么他们都不相信我我说我很难过他们都不在意。我的存在是不是真的没意义。
0	0	0	0	0	1	0	0	0	0	0	0	我的情绪是靠药物在维持 一断药就完犊子
0	0	0	0	0	1	0	0	0	0	0	0	發現有些人根本沒有真把當你朋友，朋友有什麼用？當你真出事時也不見得幫得上什麼忙，最多安慰下你僅此而已。
0	0	0	0	0	0	0	0	0	1	0	0	好多时候觉得我好累啊 感觉自己像个小丑 我希望没有人能看到我这条评论 这样就没有人知道我有怎样的情绪了
0	0	1	0	0	0	1	0	0	0	0	0	饭，好久不见。我想和他分手了。我不知道该如何处置自己了。怎么办啊，我好想和他吵架啊。
0	0	0	0	0	0	0	0	0	1	0	0	活得好失败
0	0	0	0	0	0	0	0	1	0	0	0	还是想说一句 如果你根本没有那么大的决心 就别去碰那些孤独且一个人孤独的姑娘&nbsp;&nbsp;因为你的一时兴起 想做一个伟大的救世主 而把她推向更深的深渊 那样你真的该死
0	0	0	0	0	0	0	0	0	0	1	0	饭饭，我觉得我手欠了。开完会，剩一个领导和他下属还没离开会议室，我就顺手关了灯，这一点也不尊重领导😢。事后回去会议室取东西的时候，听到几个服务人员（女）在里间说“那个姑娘关了灯怎么不把门也锁了”，可能我一点都不懂职场生存规则😢。
0	0	0	0	0	0	0	0	0	1	0	0	你知道我有多么讨厌我自己吗 虚伪的人际 让我觉得自己是个扮演着恶心角色 却抽离不出来 还要陪这世界一起笑
0	0	0	0	0	0	0	0	0	1	0	0	我太差了
0	0	0	0	0	0	0	0	0	1	0	0	真实讽刺，对他的女儿那么好，还用我的东西，哈哈哈哈哈真的很好，我不是好人，做不到不迁怒，新来的人都知道我的碗和筷子不一样，家人却一点也不在意，无所谓了
0	0	0	0	0	0	0	0	0	1	0	0	饭你好啊，我虽然没有去医院看看我是不是有抑郁症，但我讨厌我的懦弱，无能，好玩，内向，而且似乎已经没有办法彻底改变了。但我觉得好死不如赖活着，希望我一直坚持这个道理吧嘻嘻鼓掌
0	0	1	0	0	0	1	0	0	0	0	0	昨天清明上坟，突然意识到爸爸走了已经6年了…………最近又经常跟男朋友吵架 工作压力又大 突然好崩溃 偷偷躲在房间里哭 都不敢让妈妈听到 我好难过 饭饭你带我走吧……我好累
0	0	1	0	0	0	1	0	0	0	0	0	一上班压力好大&nbsp;&nbsp;好痛苦&nbsp;&nbsp;真的好难受&nbsp;&nbsp;扛不过去
0	0	0	0	0	1	0	0	0	0	0	0	不会好了 不会
0	0	1	0	0	0	0	0	0	0	0	0	饭，我真的好难过，我不知道怎么说出来我压抑的要死了要喘不过气来了
1	0	0	0	0	0	0	0	0	0	0	0	没有继续的勇气，也没有放弃的勇气。活在黑白的边缘，真的好想解脱
0	0	1	0	0	0	0	0	0	0	0	0	不敢去医院开药，快疯了。每天对自己说“滚”，每天装得像个正常了。一个人好累。
0	0	0	0	0	1	0	0	0	0	0	0	是的，生命必然黑暗，一个人终究永远会一个人，两个人终究不会成为一个人
0	0	0	0	0	0	0	0	1	0	0	0	走饭 夏天马上就要来了 我低下头 就能看见手臂上的纹身 那个在我最难熬的时候刻下的纹身 「不如我们从头再来过」 我已经不想再跟他从头来过了 可我每次看到我的手臂 都觉得 这句话 他应该对我说的
0	0	0	0	0	0	1	0	0	0	0	0	头疼 被舍友吵了一整天 吵的我想跳楼 连着吃好几天药还是胃疼 爬马桶上吐了半天什么也没吐出来
0	0	0	0	0	0	0	0	0	1	0	0	厌恶自己的一切，不敢和别人对视，极度的自卑
0	0	1	0	0	0	1	0	0	0	0	0	感觉自己要被撕裂了。让我难受的东西像一汪水填在心里，没有一个出口。我不想活着了，但是我知道我不可能死，因为我死了爱我的人会痛苦。我恨他们的不理解但我舍不得伤害他们。我希望自己得绝症，这样就可以给他们接受我要死去的时间。
0	0	0	0	0	0	0	0	0	0	0	1	饭，好。我已经很久没感觉到我开心了，一直也不懂事，19岁了不读书，整天也在家里不工作，家里上上下下都给我灌输负能量，从小到大包括读书也没听到一句鼓励的话，造成了一个内向，怕事的我。我没有理想或者愿望，反正我觉得活着是好的，就算是当个乞丐也能体验一下这短暂的人生吧。
0	0	0	0	0	1	0	0	0	0	0	0	你才22.我24才毕业，找不到什么好工作，好的都需要考试自己又考不上，身边朋友该结婚的也都结了
0	0	1	0	0	0	0	0	0	0	0	0	我不喜欢这个世界 我也不喜欢自己
0	0	1	0	0	0	0	0	0	0	0	0	饭 厦门自杀一次 北京自杀一次 初三家里报了一次失踪 三次了见警察 进去两回了 为什么我要这么惨 为什么欺负我的人活的那么好 为什么我这么累 为什么没有一种药 能让我没有痛苦死掉 为什么没有一种药 能让欺负我的那个男人万劫不复的痛苦死掉 好累 好想睡
0	0	0	0	0	0	1	0	1	1	0	0	我是不是很没用，不小心碰了孩子一下，和他大吵了一顿，然后被他推到了地上。我是不是很没用，连孩子都照顾不好。我是不是很该死……
0	0	0	0	0	1	0	0	0	0	0	0	那我死了大家都解脱
0	0	0	0	0	0	0	0	1	0	0	0	饭饭，很遗憾，现在才认识你，真的很羡慕你做了至少算是解脱的事。我好像得病了，又好像没有，一个极度否认自己的人，怎么配拥有自信呢，每天都活在别人的评价中，连自信，都是靠别人的肯定。伤心伤心伤心其实我在想，如果不是因为害怕爸爸妈妈奶奶以后没有依靠，我真的撑不了这么久伤心
0	0	1	0	0	0	0	0	0	1	0	0	一无是处的我，真的很想离开，真的好想一睡不醒，不用再面对所谓的人际关系，处事原则，讨人喜欢，变得机灵，一个从小被父母说傻，说笨，自尊心从小就被践踏，还要再坚持到什么时候，才会灭亡，我好痛苦，我就一个人，我不想再苦了，我想睡觉，我想离开
0	0	0	0	0	1	0	0	0	0	0	0	饭饭今天早上和爸妈还有爷爷去扫墓的地方烧纸了，遇见了爸爸那边的亲戚，还是没有变，会越来越糟，“一直听到你妈妈在叽叽喳喳的，你还是不喜欢说话啊”，听到这样的话我还是沉默不语不不知道怎样应对，好糟糕
0	0	0	0	1	0	0	0	0	0	0	0	那个哥哥是不是现在已经睡着了啊 不然怎么不回我信息了呢 他都还没有告诉我他的名字呢 是不是我太烦了啊 人家又不认识我 我天天罗里吧嗦找人家干嘛啊 说不定又给他带来困扰了
0	0	0	0	0	1	0	0	0	0	0	0	好像再怎么努力 我也比不上靠运气或者极少努力就能考好的人
0	0	0	0	0	1	0	0	1	0	0	0	好像是不是必须得一直在焦虑痛苦绝望中渡过才是正常，为什么活着就总得忍受痛苦
0	0	1	0	0	0	1	0	0	0	0	0	哎，我一直都是个孤独的人，直到碰到了我的兔兔，昨天她走了，我觉得我的全世界都随着她的离开离开了，有一种真的是想离开这个操蛋的世界，想去找我的兔兔，哎，，。
0	0	0	0	0	0	0	0	0	1	0	0	我连死都觉得自己好怂
0	0	0	0	0	0	0	0	0	1	0	0	饭，我活的太失败了
0	0	0	0	0	0	0	0	0	1	0	0	我不能太自私了
0	0	1	0	0	0	0	0	0	0	1	0	好没意思，心灵特别迷茫！好讨厌自己！ 明明死亡可以终结，可是啊总是没勇气，所以只能苟活余生…… 旅游没劲，世界再美无人可享，世界与我无关……
0	0	0	0	0	0	0	0	0	1	0	0	阻止我与别人相处的一点是自卑 另外无法活成自己 害怕别人生气以及害怕别人讨厌自己吧 确实糟糕得很
0	0	0	0	0	1	0	0	0	0	0	0	越长大越痛苦，特别是现在，曾今我的说服自己不要去想，好好过日子，但现在我知道，不可能，我做不到，我什么也不敢说不敢做，我活着做什么啊
0	0	1	0	0	0	0	0	0	0	0	0	我不知道，我本来还有点怕的，现在越来越无所谓了，死好像变成了我唯一的愿望哈哈哈
0	0	1	0	0	0	0	0	0	0	0	0	因为种种羁绊，我无法解脱，始终找不到活着的意义在哪
0	1	0	0	0	1	0	0	0	0	0	0	谢谢你，但是自己无法掌控的情绪漩涡是摆脱不了了，不会快乐的，活着只是折磨
0	0	1	0	0	0	0	0	0	0	0	0	我只想死掉不想再感受了我覺得好黑.
0	0	0	0	0	0	0	0	0	1	0	0	不想出去，讨厌虚伪的人类，可是不出去就没有钱啊
0	0	0	0	0	0	0	0	0	1	0	0	可是我是真的不知道要说什么呀，我知道我很奇怪，我可能还很自私的吧，是这样的，和你们说的每一句话我都会深思熟虑，我真的怕，怕我说错那个字你们就不要我了，我是希望大家都过的好呀，可是我又该怎么办呢，跟每个人的交往我都会不由自主的产生距离，我怕，怕有一个人会看破我，看破我虚无荒诞的内心
0	0	0	0	0	0	0	0	0	1	0	0	告诉我什么时候到头告诉我可以允许自己软弱我就是这么痛苦再洗脑也没用
0	0	0	0	0	1	0	0	0	0	0	0	没有人能救你
0	0	0	0	0	0	0	0	0	1	0	0	我真的废柴啊 看见生活的残酷就不敢动弹了
0	0	0	0	0	0	0	0	0	1	0	0	她说我想的太多，遇到事情不去解决只想着死，可我就是这样，就是这样没用..
0	1	0	0	0	0	0	0	0	0	0	0	觉得以前做的事 都是错误的，哎，痛苦
1	0	1	0	0	0	1	0	0	0	0	0	饭饭，你说这个世界怎么可以这么坏呢！我拿着3500的工资被骗了2000，一个以问路为开始，一步一步精心设计好的骗局……我好难过。为什么要在原本已经受伤的心灵上撒盐
0	0	0	0	0	0	0	0	0	0	1	0	啊试图自救来着，又觉得嗯我这种人吧死不足惜。。。慌。。。什么时候安乐死才能有啊
0	0	1	0	0	0	0	0	0	0	0	0	唯一合的来说得上话的舍友不在宿舍，觉得这里好恶心，那种蚂蚁在身上爬的难受
0	0	0	0	0	1	0	0	0	0	0	0	我以前也不快乐，未来也不快乐
0	0	0	0	0	0	0	0	0	1	0	0	早上好，其实又睡了两小时睡不着了哈哈哈，这世界就是这样，谁在乎谁就输了 。所以我就成了走不出来的人
0	0	0	0	0	0	0	0	0	1	0	0	饭，我觉得自己快撑不下去了感觉自己乱糟糟的身边的人都觉得我想太多可是我努力再改来了但是真的好累你能带我走吗你在那个世界还好吗
0	0	0	0	0	0	0	0	0	1	0	0	我怎么这么懦弱啊
0	0	0	0	0	0	0	0	0	1	1	0	饭，生活太痛苦了，今天差点去找你了呢，可不行啊，我还有宝宝，她是个女孩呢，可他们都不喜欢她，我不能丢下她。每天内心倍受煎熬，没有一个人意识到我病了，他们都说我傻，没有一个人知道我一天天的过得多么痛苦，我的宝宝那么可爱，可我是个太糟糕的妈妈，我对不起她，让她跟着我受苦了，我对不起她
0	0	0	0	0	1	0	0	0	0	0	0	没有人会来救我
0	0	0	0	0	1	0	0	0	0	0	0	说什么会有我的幸运到来 其实都是安慰 我确实是没有幸运的
0	0	1	0	0	0	1	0	0	0	0	0	剪了个巨丑无比的刘海 然后伤心的哭了起来 可是又不是因为这破刘海哭 。
0	0	1	0	0	0	1	0	0	0	0	0	我现在自己一个人，坐在小区的长椅上。风吹的我有点冷，把钱打给家里换房贷，真好。没有工作了，房子5.10到期了，兜里还有10块钱，还有三支烟，没有火机。丧失了工作的勇气。和面对生活的能力。我讨厌来这个世界上走着一圈。
0	0	0	0	0	0	0	0	0	1	0	0	支撑我活到现在的，是我的怂。如果有一天我突然死了，那一定是我变勇敢了。 ​​​
0	1	0	0	0	1	0	0	0	0	0	0	很奇怪 今天异常的想她 可能是快要来姨妈了吧 仿佛这世上的快乐都与我无关
0	0	0	0	0	0	0	0	0	1	1	0	小饭，其实我好难受，时常觉得自己无能，总把错误揽在自己身上
0	0	0	0	0	0	0	0	1	0	0	0	我这种人不配吧
0	0	0	0	0	0	0	0	0	1	0	0	从小到大担惊受怕 害怕被人欺负 害怕被骗 很容易相信别人 也很容易被打动 像一只流浪狗 傻傻丑丑的 没有人会想要抱一抱
0	1	0	0	0	0	0	0	0	0	0	0	我真的很努力在活着了，可是对不起，满脑子都是对不起，我总是在做无用功，我什么人都不想见，对不起我也不知道我为什么就哭到停不下来，为什么设想好的全都做不到，为什么好好睡个觉都做不到，我知道不要钻牛角尖，我真的很努力了，可是我真的做不到，求求自己不要哭了，安静一点宝贝，为什么要哭呢
0	0	0	0	0	0	0	0	0	1	0	0	饭饭，我不抑郁，我只是想找你倾诉，不想麻烦别人，我原谅不了自己怎么办，我为什么如此弱小泪
0	0	0	0	0	0	0	0	0	1	0	0	有一个人就快死了，我在等他死，因为有怨恨，如果他死了，我会很开心吧？也许会…我还希望有几个人死，她们都死了我会更开心。对，有些时候我特别阴暗且恶毒。我对那些对我好的人可以无限制的宠溺报答，无底线的好，去付出。但是反之我也格外的狠毒…爱恨分明算不算阴暗呢？嘻嘻
0	0	0	0	0	0	0	0	0	1	0	0	我骗他我有对象了以后不联系了，其实我屁都没有，孤独的像条狗
0	0	0	0	0	0	0	0	0	1	0	0	我太懦弱了
0	0	0	0	0	0	0	0	1	0	0	0	饭饭，如果没有我该多好，能不能来带走我
0	0	1	0	0	0	0	0	0	0	0	0	活着没意思
0	0	0	0	0	0	0	0	0	1	0	0	饭饭，还差500块想割双眼皮好久了，觉得自己好丑。
0	0	0	0	0	1	0	0	0	0	0	0	焦虑只会越来越严重
0	0	0	0	0	0	0	0	0	1	0	0	既然没能力做父母 为什么选择要生下我 他们比刽子手还要可恶
0	0	0	0	0	0	0	0	1	0	0	0	可是我本来就该死了吖，是因为她给我的希望才让我苟延残喘至今的，现在她走了，希望也没啦，说起来还挺感谢她的，让我多活了那么久。
0	0	0	0	0	1	0	0	0	0	0	0	唉 生活只会变得更加不好啊 我可以陪陪你吗 你在的宇宙是不是可以飞在空中自由自在 快乐无限呢 或者 我想永远跟你一起 活着真的好苦啊
0	0	0	0	0	0	0	0	0	1	0	0	自己剥夺了自己的快乐，都以为我很坚强，只有自己能看见自己有多懦弱
0	0	1	0	0	0	0	0	0	0	0	0	作为一个大一新生即便在尽力过高三那段苦读，可我还是没有来到理想的学校和专业，在高中就有过自残倾向的我，有时候会莫名其妙的哭起来在大一入学的心理测试中，我被测试为有自杀倾向的人，班主任还找我谈过话我有时候觉得自己很可悲，因为我很自卑，饭饭可是我也想热爱这个世界啊，我也想开心的活着啊
1	0	0	0	0	0	0	0	0	0	0	0	虽然现在很痛苦 很难过 但我好像真的没有过后悔的念头 我真的一点都不后悔 这到底是好是坏啊 走饭
0	0	1	0	0	0	0	0	0	0	0	0	有些事情真的烦，我在对象家，她父母一心想赶我走，然后我对象拦着和她妈吵架打架就为了留我，她每天上学，我每天在她家，我家里人被他们家的人说我一个个来说我，把压力挤在我身上，我能把压力挤在谁身上呢？ 我对象她每天自己上学，还要操心我们之间的事情，有些事情的压力真的不应该在加她身上了。
0	0	1	0	0	0	1	0	0	0	0	0	有没有人能带我一起工作啊，我没有勇气去面对这个社会，没有勇气去证明自己，没有勇气因为自己什么都不知道什么都不懂我活着到底有什么用
0	0	0	0	0	1	0	0	0	0	0	0	被全世界抛弃了，爱情没了友情也没了一无所有
0	0	0	0	0	0	0	0	1	0	0	0	我有罪我该死
0	0	0	0	0	1	0	0	0	0	0	0	什么都做不好a
0	0	0	0	0	1	0	0	0	0	0	0	死也觉得羞愧，羞于见他们，害怕他们的质问。可活着也不敢见他们，没有脸见。可是后来我想，死后，我这么个人是下地狱，受尽苦难，爷爷和爸爸，是在天堂啊。
0	0	1	0	0	0	0	0	0	0	0	0	我找不到让我活下去的理由 我真的太难熬了 真无助
0	0	0	0	0	1	0	0	0	0	0	0	漫无目的的日子，是生活对我失望了吧
0	1	0	0	0	0	1	0	0	0	0	0	今天考科目二挂掉了 当时感觉天都要踏了
0	0	0	0	0	0	0	0	0	1	0	0	那个哥哥知道我给他发了消息 不知道 我一直抱着手机在等他的回复 他或许并不愿意告诉我他的想法吧 应该是我太自私了 怎么奢求一个刚认识的人就把一切都告诉我呢 我应该明白的 我于他而言 只是行人 陌生人
0	0	0	0	0	0	0	0	0	1	0	0	我真低级
0	0	0	0	0	0	0	0	0	1	0	0	你其实挺自私的，不想要自己难过，所以选择让我难过
0	0	0	0	0	0	0	0	0	1	0	0	赚钱赚的好少，每天低头像狗一样，整天嘴里就是没钱没钱，被人看不起啊，活着没意思，但还要为了父母赚钱，我活着就是要孝顺
0	0	0	0	0	1	0	0	0	0	0	0	这个世界上好像没有真正爱我的人
0	1	0	0	0	1	0	0	0	0	0	0	我什么都做不好
0	0	0	0	0	1	0	0	0	0	0	0	为什么我什么都做不好呢
0	0	1	0	0	1	0	0	0	0	0	0	活着真的是一种负担
0	0	0	0	0	1	0	0	0	0	0	0	被莫名其妙的情绪耗费掉太多精力了，真的太累了，做人太难了，看着爱自己，自己爱的都过的不好，才明白善有恶报，恶有善报。
0	0	0	0	0	0	0	0	1	0	0	0	活着不应该如此痛苦。
0	0	0	0	0	1	0	1	0	0	0	0	我真的真的真的很难过了，我不知道我为什么要受这样的折磨，我生在这个世上就是最大的折磨。
0	0	1	0	0	0	1	0	0	0	0	0	你好，抱歉在极其奔溃的时候上网查一些东西知道了你。抱歉借你的地方给我发泄一下。最近好像很多事情都不顺利呢。一点都不和善的家庭，不停歇的工作，和并没有你想的那么好的朋友。一次性同时，感觉自己很崩溃。想离开这个世界，但真的很害怕亲人奔溃。因为啊 我梦过自己的亲人离开就已经无法再想了。
0	0	0	0	0	0	0	0	0	1	0	0	其实我真的很自卑啦
0	0	1	0	0	0	1	0	0	0	0	0	前几天被辞退了，去年从第一家公司出来陆陆续续换了三四家都没有一家留的久的，最近也没和家里人联系，今晚妈妈跟我视频，我不想接，她说看不到我明天就马上买车票来找我，于是很不耐烦地和家里人视频了，朋友们都很耐心的开导我，可是我觉得我好像一直走不出来，饭饭我是不是很差劲啊
0	0	0	0	0	1	0	0	0	0	0	0	你看呐 你消失所有人都不会记得你来过呢！或者更本就没存在过失望失望
0	0	0	0	0	1	0	0	0	1	0	0	今夜，我还清醒着，思考着所谓的人生，明知道没有意义却还奢望着幻想着，有那么几分钟打鸡血地我觉得我该好好爱自己，去做一切自己热爱的事情，不要管别人的看法说法。下一秒又丧到底，现实是残酷的，我不行，不会，不可能，我做不到的，我那么自卑懦弱孤僻…
0	0	0	0	0	0	0	0	0	1	0	0	我一定是疯了
0	0	0	0	0	1	0	0	0	0	0	0	我也想走，我也很想死，但是我觉得我每一句话都像在说我想活着，但是可能只有死才能证明我活过，走饭姐姐，如果有一天你看到我了，我们拥抱一下吧
0	1	1	0	0	0	0	0	0	0	0	0	我自杀过俩回，一次是吃安眠药一次是割腕，我一天比一天焦虑，最近，自杀的念头又冒出来，你别说世界大，美好的事情这样的话来恶心我，这个世界一点也不好 可又想到我是爸妈眼里的开心果，如果我死了，我爸妈会不会接受不了， 每过一天，就想，终于又熬过一天了，也不知道什么时候就不想熬也熬不下去了
0	0	1	0	0	0	0	0	0	0	0	0	要多烦有多烦 要多痛苦有多痛苦
0	0	0	0	0	0	0	0	0	0	1	0	我开始变成自己最讨厌的那种人了，开始会揣着恶意来想别人，开始变的虚伪，开始迎合着别人，开始委屈自己了……
0	1	0	0	0	1	0	0	0	0	0	0	深情从来都是被辜负，只有薄情才会被反复思念
0	0	0	0	0	0	0	0	1	0	1	0	生而为人是我应受的屈辱，生而为人是我不配得到的荣耀 我讨厌吃药，可又停不了，那该死的良心无时无刻不在谴责我，我听见自己说恨我，恶心我，我求她可不可以稍微喜欢我一点，可是没用啊！那么多理智的人说我愚蠢，可是怎么办啊？我已经偏执到回不了头了，看到自己流血，会痛，就会有点放松。
0	0	1	0	0	0	1	0	0	0	0	0	今天又派成績了，成績比我想像中的還更糟糕，不知道怎麼辦...努力了這麼久還是沒用，看著身邊的人慢慢進步，我卻停留在原本。我連前面的方向都看不到，我不知道我還可以怎麼做...快高三了，這成績肯定進不了大學。我知道付出過的努力可以沒有收穫，但看在我念念不忘的份上，不要放棄我好嗎。
0	0	0	0	0	0	0	0	0	1	0	0	我自私懦弱，起码想在离开之后给他们的负面影响降到最低。或许会突然出去旅游，在准备好遗书和所有东西后，跳下某个山崖？这样搜救人员也很累。挑个湖边吧，弄个装置可以把我的尸体牵引回来。
0	0	0	0	0	0	1	0	0	0	1	0	我受不了我了，心情不好只会对亲金额的人发脾气，明明他们什么也没做，我想杀了我自己
0	0	0	0	0	0	0	0	0	1	0	0	以前还觉得自己有一丝灵气，现在是满满的死气沉沉
0	0	0	0	0	0	0	0	0	1	0	0	我是不是很糟糕啊
0	0	0	0	0	0	0	0	0	1	0	0	飯飯，我是一無是處，想永遠離開。
0	0	0	0	0	1	0	0	0	0	0	0	回到家我爸妈肯定会把我赶回学校
0	0	0	0	0	0	0	0	0	1	0	0	人情世故还是一如既往的差劲
1	0	0	0	0	0	0	0	1	0	0	0	明明我很好 我一切都很好 身边有重要的朋友有爱我的父母有幸福的家庭 可有时候真的会突然崩溃 会想放弃一起啊！！！！！不应该啊 但也无能为力啊 既不能一直开心的活着 却也不能干净利落的一了百了 毕竟放不下的太多 真的挺希望有一场意外 能带我离开
0	0	0	0	0	0	1	0	0	0	0	0	别人都觉得我只是脾气差精神脆弱，可能我确实是的，我经常因为一点别人觉得一点小事的东西发疯。我也想停，如果能停我也想停。为什么我就这样。
0	0	1	0	0	0	1	0	0	0	0	0	我所认为的心理学是，你做了什么样的决定，就要承担什么样的后果。但我有的时候真的蒙了。就比如说我的父母给我钱，我买了我需要的东西，但是我妹没有她就问我要，我不想给，我就会有多种复杂的情绪产生，让人非常难受，我看到了纠缠无尽的纠缠
0	0	0	0	0	1	0	0	0	0	0	0	什么都不会好了
0	0	0	0	0	0	0	0	1	0	0	0	警察也是讲你不要死在他们的地盘上 多麻烦 对阿我们这类的人本来就不应该存在吧
1	0	0	0	0	0	0	0	0	0	0	0	这个想法一直没有在我脑海若隐若现，或者我战胜它，或许被它拖入深渊。
0	0	0	0	0	1	0	0	0	1	0	0	爱我的人，选择了离开。。。可能我是个孤独终老的命格吧。。
0	0	0	0	0	0	0	0	0	1	0	0	能从什么地点学会聪明呢？怕是到死也是这副笨样子吧
0	1	0	0	1	0	0	0	1	0	0	0	人类的悲欢其实并不相通 甚至人自己都不能理解自己的悲欢 什么关心都是假的 利益 嘴里说着的情啊爱啊 对荷尔蒙的美称 说到底不过是一大坨子化合物 激素和生化反应 我眼界狭隘 所以我就这么理解 而且我认为 都该死 明天该买药了
0	0	0	0	0	0	0	0	0	1	0	0	有没有不痛苦的死法&nbsp;&nbsp;&nbsp;我是个胆小鬼
0	1	0	0	0	1	0	0	0	0	0	0	我好讨厌自己 我什么都做不好
0	0	0	0	0	0	0	0	0	1	0	0	yep我有点毛病
0	1	0	0	0	1	0	0	0	0	0	0	这一切真的是恶性循环，只会让我更加绝望
0	1	0	0	0	1	0	0	0	0	0	0	这个世界永远有想也想不到的恶意在等着自己 一切都不值得
0	0	0	0	0	0	0	0	0	1	0	0	原来觉得自己不怕死只是欠一个理由一个死的原因但是在我找到理由原因的时候我发现，我确实不敢死，连死都不敢相的人。。。真卑微，就这样懦弱一辈子吧，或者哪天闭着眼睛从高楼一跳，什么什么心理医生心理辅导都是骗人的想拜托抑郁症只能靠自己，走不出来就死了算了，不然反而很煎熬
0	0	0	0	0	1	0	0	0	0	0	0	我是做不了任何事的
0	0	0	0	0	0	0	0	0	1	0	0	我不太好
0	0	1	0	0	0	0	0	0	0	0	0	我一闭上眼睛 满脑子都是痛苦的回忆 我就这样睁着眼睛到天亮 我活到21岁 只记得那天的海 只有那天 我真正觉得幸福 只有那么一天啊…
0	0	0	0	1	0	1	0	0	0	0	0	:-(突如其来的难过期，，，，忽然感觉大家都在针对我，同学是，老师也是，最近不知道怎么回事，对什么都没兴趣，连动弹一下都懒得动，清明两天假，我妈出去玩，我真的是连拒绝都懒得说，就是不理她，她没办法了就带着弟弟走了，我就在家里躺了两天，一顿饭都没吃，真的好难过啊
0	0	0	0	0	0	0	0	0	1	0	0	昨天老板找我了，说让我做财务，我拒绝了，挺不知好歹的吧，今天是一个月的最后一天了，准备离职了，我不知道以后会怎么样，但我不后悔。
1	0	0	0	0	0	0	0	0	0	0	0	反正对于我妈来说，我的这些行为，都是在作，要么是闲，要么就是在气她
0	0	0	0	0	0	1	0	0	1	0	0	有一天我在学校里不小心把头给洗了(本来隔天洗一次的)，当时很晚了头没吹干就断电了，加上最近的压力，我崩溃了。我实在太蠢了。而我最亲的朋友，居然还在我发疯的时候说:不就是头没吹干吗？干嘛这样。我终于知道人的真面目是什么了，对他人的痛苦不假思索地冷嘲热讽，连我都是这样。
0	0	0	0	0	1	0	0	0	0	0	0	最糟糕的事情没有发生，不代表不会发生，最绝望的时刻没有来临，不代表不会来临，所能做的就是在等待中挣扎，直到我的丧钟鸣起。
0	0	0	0	0	1	0	0	0	0	0	0	走饭我好累，好难过。不管怎么努力争取，都无法得到。
0	0	1	0	0	0	0	0	0	0	0	0	這個社會壞人太多，有時會感到絕望，死去的人也很多，卻無可奈何
0	0	1	0	0	0	1	0	0	0	0	0	有一次和同事吵架没吵几句我就拿起桌上玻璃烟灰缸指着他 他当时没敢说话 其他人也拉住了 不是我吓唬他当时无法控制情绪气到极点，如果他反驳一句我有勇气几烟灰缸砸死他的冲动 现在都不想出门见人也越来越害怕出门
0	0	0	0	0	0	0	0	0	1	0	0	被困在没有生命的世界里，日夜沉沦，逃不开，躲不掉。我感觉到女朋友介意了，我是个有问题的人，我承认得很坦然，但是内心的痛苦有谁能懂。承认了反而轻松，我就是个有问题的人，爱我的人，我会更爱你，不爱的人走了，我会痛苦，会崩溃，但是你永远也没有机会，知道我曾经有多爱你了。也许你根本不在乎
0	0	0	0	0	1	0	0	0	0	0	0	所有人都要把我往死里逼
0	0	0	0	0	0	0	0	0	1	0	0	走饭 你知道吗 我心里有好多好多话想要说啊 可真的不知道该从何说起 自己一个人胡言乱语 又要发病了 想让自己的大脑麻痹 想永远地离开
1	0	0	0	0	0	0	0	0	1	0	0	成熟的人是不会有情绪的，有情绪的人都是傻子
0	0	0	0	0	0	1	0	0	0	0	0	饭饭，我现在听到别人在我身边聊天，就烦躁，听到刺耳的声音就心慌，吃完东西，就想吐，不睡觉就头疼
0	0	0	0	0	0	0	0	1	0	0	0	死是最好的选择
0	0	0	0	0	0	0	0	1	0	0	0	我的头脑跟我说我得做惊天动地造福生灵才对，成天挣大钱才对，成天做头脑里认为对的事才对，除了这些全都是错的，我特么，该死，真该死，
0	0	1	0	0	0	1	0	0	0	0	0	情绪上来的时候难过的要死，在楼上恨不得马上跳下去，又忍住好好去吃了药，哭的稀里哗啦
0	0	0	0	0	0	1	0	0	0	0	0	我心跳一下也累。吃饭的时候还会叹气。也很累。
0	0	1	0	0	0	0	0	0	0	0	0	重度真的太难坚持了，每天都没意义，躺在床上一整天，然后发病，自杀等等，我真的很累啊
0	1	0	0	0	0	0	0	0	0	0	0	祭奠完逝去的亲人，心情很沉重。 每天都是压抑的，没有一天是快乐的。慢慢赚钱，够了就离开。
0	0	0	0	0	0	0	0	0	1	0	0	我是精神病，我想别人真的抱抱我，陪陪我，可是他们害怕我，他们说要报警来抓我，听到以后我就哭了
0	0	1	0	0	0	0	0	0	0	0	0	如果难过是一次性的就好了，全部累积在一起痛的想死也没关系，终究都会过去的。这种不能言说，时不时从心底里漫出来的小的难过，才是最折磨人的。一年多了，我不知道什么时候能够结束
0	0	0	0	0	1	0	0	0	0	0	0	活着好累，感觉在哪，自己都像是多余的，多一个不多，少一个也不算少。
0	0	1	0	0	0	0	0	0	0	0	0	难受的要发疯，情绪找不到出口，我是怎么了。泪
0	0	0	0	0	0	0	0	0	1	1	0	所以说，我是个没人喜欢的垃圾，我做的一切都是错的，我给世界添麻烦了……对不起
0	0	1	0	0	0	0	0	0	0	0	0	饭，今天是4月4了，我好像很烦，很迷茫。我现在又觉得世界不过如此我不想走这一遭了。我18马上高考了，想到父母心真的真的会很痛，拜托拜托，真的太难坚持了。我想睡了
0	0	0	0	0	0	0	0	0	1	0	0	昨天被一个人欺骗得好惨，真想不通这世上有如此丑陋的人。丑陋的人心!
0	0	1	0	0	0	0	0	0	0	0	0	我又回到焦虑、恐惧、愤恨中了，脑子里想的是——人生是不是再也好不起来了？
0	0	1	0	0	0	0	0	0	0	0	0	第一次来看你，没想到是七年后，今年，面对抑郁症，我选择坦然面对，不逃避，我总是害怕如果我跟别人说我有抑郁症，会被人认为我是网上傲娇的孩子，我曾以为抽烟可以缓解我的抑郁，可当烟瘾和抑郁一起折磨我的时候，我知道我需要治疗，可我又不希望身边的人知道，我每天都在焦虑，可却不知道在焦虑什么
0	0	1	0	0	0	0	0	0	1	0	0	在吃一碗猪食 很难吃又很大份 我自虐的依然吃下去并决定吃完 是的 我在贬低我自己 我在发烧 头疼 我一个人 我被抛弃了
0	0	0	0	0	0	0	0	0	1	0	0	我真的太渴望好了啊，真的是想让身边的人都看一看我啊，我不能这样啊，好像个乞丐啊
0	0	0	0	0	0	0	0	0	1	0	0	我感觉我过来他们身边就是没什么用处的，自己一无是处
0	1	0	0	0	1	0	0	0	0	0	0	做得再好也好 都不會被珍惜
0	0	0	0	0	0	0	0	0	1	0	0	自卑的种子已经在我心中长成参天大树了
0	0	0	0	0	0	0	0	0	1	0	0	我为什么还活着……我介个拖油瓶又一次度过了艰难的一天加油
0	0	1	0	0	0	0	0	0	1	0	0	我真的已经开心不起来了 我成为了拖累 被一次次告知让人失望让人觉得心烦让人觉得累 我不想好好活了 我满脑子都想着怎么样死 医生让我要结合心理治疗 我却不愿意
0	0	0	0	0	1	0	0	0	0	0	0	没有人能救我
0	0	0	0	0	0	0	0	0	1	0	0	饭，我有些分不清自己是抑郁，还是懦弱失望
0	0	1	0	0	0	0	0	0	0	0	0	活着就是等死，从身体到心，一点一点失去力量
0	0	0	0	0	1	0	0	0	0	0	0	饭，今天我被赶出来了，我无处落脚，我知道，这是上天在不断的逼我走上绝路。他连1.5平方米的安身之处都不肯给我。我对着我的凉席说，你跟我都好可怜，天下之大，竟然没有你我的容身之处，或许你最好的归宿是垃圾桶，而我则是坟场。但我终究还是没有把他扔进垃圾桶，因为这张凉席还愿意与我相依为命。
0	0	0	0	0	0	0	0	1	0	0	0	我拼命去讨好别人，但是最后我还是被扔掉了，我的真心就是那么不值钱
0	0	0	0	0	0	1	0	0	1	0	0	她和他两个人在她房间吃火锅，聊的停不下来，我感觉我好多余啊
0	0	0	0	0	1	0	0	0	0	0	0	我觉得，我一定死得特别早吧
0	0	1	0	0	0	0	0	0	0	0	0	焦慮&nbsp;&nbsp;每天都想跳樓&nbsp;&nbsp;不會鋪床每天都在想
0	0	0	0	0	0	0	0	0	1	1	0	我又来了，现在心里特别难受，感觉人生无望，觉得特别对不起父母，我一把年纪的人了，还要他们操心，我怎么这么无能
0	1	0	0	0	0	0	0	0	1	0	0	什么都做不好，连普通人都做不到，一无是处的我
0	0	0	0	0	0	0	0	0	1	0	0	“你每天都这么消极能不能积极一点？”“你这样让人感到很烦你知不知道？”“你成天想这么多就是因为太闲。”这是我听过最多的安慰我的话，一句句都像刀子一样刺穿着心，在布满荆棘的路上找自己，走着走着走散了，行尸走肉般的存活着，痛苦着。这辈子浑浑噩噩的下去吧，下辈子不当人了，厌恶了。
0	0	1	0	0	0	0	0	0	1	0	0	活着竟是这样悲哀的事，看不到未来，不想结婚却被视作怪人，究竟我这一生是在替别人活还是怎样？苟延残喘一样有气无力的坚持着，我不知道能撑到哪天，我不想结婚，就算我真的是怪物，我也没有去伤害别人，我只是希望活得自由些而已。
0	0	1	0	0	0	0	0	0	0	0	0	我没有留恋的，我什么都不行，长相平平，性格不好，也不会处理人际关系，未来一点也看不到，上个学期抑郁得瘦了好几斤，室友在背后说我有点自闭，我很努力很努力调整自己的心态，每天都笑得很开心，我让自己看起来不自闭，每天都好累，又无能为力。
0	0	0	0	0	0	0	0	0	1	0	0	突然很期待有个人能走进我的生活 可是我又是这个鬼样子
0	0	0	0	0	1	0	0	0	0	0	0	全世界真的都不要我了
0	0	0	0	0	0	0	0	1	0	0	0	昨晚和朋友讨论怎么死才会不痛苦&nbsp;&nbsp;以前呢&nbsp;&nbsp;都是怕死怕疼又想死&nbsp;&nbsp;&nbsp;从昨天开始好像就不怕痛了呢&nbsp;&nbsp;&nbsp;好像是一瞬间就觉着该彻底放下这一切了
0	0	1	0	0	0	0	0	0	0	0	0	一直以为自己又开朗又坚强，慢慢的骗过了身边的所有人，包括亲人都开始不在意我的心理状态，经常会说出些很伤人的话。最近的我，越来越常想自杀，要是有饭饭的勇气就好了，这样就不会度过每一个黯淡无光的明天
0	0	0	0	0	0	0	0	1	0	0	0	我就不应该相信任何人
0	0	0	0	0	0	0	0	1	1	0	0	可能是我我活该吧，从出生到现在真的就是个loser。没有做成功任何一件事，想好好的谈一场恋爱又异常的艰难。我真的不配吧。
0	0	1	0	0	0	0	0	0	0	0	0	压力大，亲人不理解，很难过，还有婚前焦虑症
0	0	0	0	0	1	0	0	0	0	0	0	好累啊 我不会变好了
0	0	0	0	0	0	0	0	0	1	0	0	什么狗屁朋友 表面装的真好
0	0	0	0	0	1	0	0	0	0	0	0	快乐这件事情 从来不会发生在我身上
0	0	0	0	0	1	0	0	0	0	0	0	未来看不到光明
0	0	0	0	0	0	0	0	1	0	0	0	每次看到有那些年纪轻轻却发生意外或是遇到天灾，都会觉得很心痛，老天爷为什么要把他们带走，为什么死的人不是我，我才是最应该死的那个啊
0	0	0	0	0	0	0	0	0	1	0	0	我不是想死 我怕痛的 但是那个自卑 自闭 怀疑自己 不自信的自己 讨厌 要杀掉它 但是做不到 我还是舍不得
0	0	0	0	0	1	0	0	0	0	0	0	走饭姐啊 我今天在你的评论里遇见了一个哥哥 他不是很开心 我找了他聊天 我希望我可以给他带来快乐和希望 我能感同身受他的内心 不过 他好像并不是很在意我的认真啊 失望失望失望
0	0	1	0	0	0	0	0	0	0	0	0	临去上班的时候，我请了个病假，可是我并没有发烧，只是单纯地不想见到任何人，不想强装笑容，不想活着
0	0	0	0	0	0	0	0	1	0	0	0	所以到底是抑郁还是社恐，不对，应该是都有才对
0	0	0	0	0	0	0	0	1	0	0	0	我又做错了什么？我最大的错是一开始就不该来到这个世界上我最大的错是一出生就该夭折我最大的错就是离家出走之后就不该活着回来我最大的错就是服药自尽不应该被救我最大的错就是还舔着脸活在这世上！我该死我最该死！
0	0	1	0	0	0	0	0	0	0	0	0	生活无望
0	0	0	0	0	0	0	0	0	1	0	0	我已经感觉不到自己了，大脑混乱，真的很无奈没有一点点调节能力了，不是别人说就能理解的，说不出来的感觉，不知道自己能坚持到什么时候，苟且偷生的活着，没有一点目标了，真的感觉自己只剩一个躯壳了，连自己的家人都感觉很陌生……
1	0	0	0	0	0	0	0	0	0	0	0	这种天堂地狱随时切换的日子什么时候才能消停一会呀！
0	0	1	0	0	0	1	0	0	1	0	0	打卡，我今天又分手了，我求了他好长时间，他说好累，真的不想和我走了，我懂很多道理，可是我就是走不出来，从小被孤立的原因吧，我觉得自己就是没有用的人，一个人离开我我真的受不了，我想睡也睡不着，我不敢去医院，也买不到安眠药，就吞了之前买的退黑素，我倒了很多在嘴里，但我还是睡不着
0	0	0	0	0	1	0	0	0	0	0	0	一切都不会好了
0	0	0	0	0	0	0	0	0	1	0	0	每次听老师说什么责任担当之类的话，就感觉自己很没用。每天都只是为了活着而活着，还讲什么以后。
0	0	0	0	0	0	0	0	0	1	0	0	"好像没有什么可以依赖相信的人了	对家人也疏离	我感觉真的我很糟糕啊"
0	0	1	0	0	0	1	0	0	0	0	0	又被屁大点事压得喘不过气了根本不知道自己想要什么只能循规蹈矩地努力也不知道为了什么
0	0	0	0	0	0	0	0	0	1	0	0	就让我恶心透顶吧，我是恶人，你就这么认为吧
0	0	0	0	0	1	0	0	0	0	0	0	这次小猪她们估计得恨死我了，姑姑说我死了她也活不了，她的两个孩子怎么办，窒息的感觉越来越强烈了，我马上也要走了
0	0	0	0	0	0	0	0	1	0	0	0	我是不是不应该存在啊伤心
0	0	0	0	0	0	0	0	0	1	0	0	我最近很老实的吃药好像也遇上了那种好人，胃口有改善了睡眠也是，医生跟我说人这一辈子不知道会遇到多少你知道又或者你不知道的帮助你的人，像是父母光是对他们好你也没有办法完全回报他们，其实这些我都清楚，可我还是自私的我不愿意我不想除了他们去对其他人负责。
0	0	0	0	0	0	0	0	0	1	0	0	可是我真的好懦弱
0	0	0	0	0	0	1	0	0	1	0	0	家人朋友都抛弃了我 我是多失败哈哈哈哈哈 一切都没有意义了 谢谢你安慰我 安慰了这么多人 你会幸福的
0	1	0	0	0	0	1	0	0	0	0	0	不知道哪里好，浑身的缺点。表达能力也不行，交际也不行。。。
0	0	0	0	0	0	0	0	0	1	0	0	(真奇怪 总想路过一个在哭的女孩子 总想抱住她 可能我太沙雕了所以从来不敢多哭 可如果你哭 我一定会抱住你啊
0	0	0	0	0	0	0	0	0	1	0	0	我大概是很暴躁了，改不好论文格式想把电脑都甩出去扔了
0	0	0	0	0	1	0	0	0	0	0	0	昨天终于去了心理咨询。其实是一件一直没有勇气去做的事情，去了之后才确认了其实我真的真的一只脚已经离开地面了。我会虽然会继续活着，但我却确定我无法获得快乐。
0	1	0	0	0	1	0	0	0	0	0	0	大概所有事情都不会好了
0	1	0	0	0	0	0	0	0	0	0	0	我今天好难过 原以为只是抑郁情绪而已 好像从18年爷爷去世开始我就会莫名其妙的哭 可是我回想一直以来我从来没有开心过 走饭 我该怎么办啊
0	0	0	0	0	0	0	0	0	1	0	0	我真的好没用&nbsp;&nbsp;好蠢啊 眼泪都不想掉下来了
0	0	0	0	0	0	0	0	0	0	1	0	真的很难过，给你们带来困扰，我很抱歉
0	0	1	0	0	0	0	0	0	0	0	0	早上起来还是觉得很烦很烦&nbsp;&nbsp;很累很累&nbsp;&nbsp;为什么这么多波折&nbsp;&nbsp;&nbsp;为什么就是我
0	0	1	0	0	0	0	0	0	0	0	0	我想自杀，没人知道，我没有爸爸了，我根本就走不出来，每次还要很开心地当姐姐，我工作还做不好，给不了家里什么，妈妈的担子很重，我不想背负很重家里的包袱，我想做自己喜欢的事情，陌生的城市我一个人都不认识呐，我还怕黑，每天都开灯睡觉，难过的时候没次都要躲一个小角落里自己抱自己，伤心
0	0	0	0	0	1	0	0	0	0	0	0	我觉得这个世界都不需要我了
0	0	1	0	0	0	0	0	0	0	0	0	本来想去陪你的 我妈也不要我 我爱的人也放弃我 所以割腕自杀 可是失败了 被拦下来了 真的疼 割了好几次血才滴的多一点 觉得胳膊 手指都是冰的 好好奇你是怎么死的 不疼吗 我好不容易有勇气割腕却失败了 失望
0	0	1	0	0	0	1	0	0	0	0	0	能不能不爱了，因为爱太痛了，我痛的快死了
0	1	0	0	0	1	0	0	0	0	0	0	永远都是不被珍惜的人
0	0	0	0	0	0	0	0	0	1	0	0	讨厌外贸，讨厌做客户的舔狗，讨厌节假日还要回消息
0	0	0	1	0	0	0	0	0	0	0	0	我又来了 今天跟朋友出去玩 去到人多的地方 我突然有种很怪的感觉 这个世界好多人 我就算出去玩也觉得好累好累 我不知道我活着是为了什么 工作是为了什么 我其实什么都不想做 什么都不想有
0	0	0	0	0	1	0	0	0	0	0	0	爱情会发生，但我不相信会发生在我身上，也不相信任何感情真的能够一辈子，希望你们遇到的都能长长久久。
0	0	0	0	0	0	0	0	0	1	0	0	辜负了时光，辜负了亲情爱情友情，辜负了自己，辜负了所有美好的事物，生而为人，我很失败。
0	0	1	0	0	0	0	0	0	0	0	0	我今晚又哭了，躲在被窝里不敢放声，内心压抑的要窒息，不知道我还有没有明天，我不想这般累，我想快乐
0	0	0	0	0	0	1	0	0	0	0	0	别人一句无心的话 就可以让我怒火中烧 我太敏感了 真的好难……
0	0	0	0	0	1	0	0	0	0	0	0	失眠了，好烦，有时候觉得人活着真没意思。感觉自己的最美好的时光已经过去了，从毕业开始，再也不会有在大学时候的那种快乐了。
0	0	0	0	0	0	0	0	0	1	0	0	有时候，总幻想自己手中有刀，然后狠狠的捅进心脏。直到有天，我真的拿起了一把刀，快要往心脏捅去的时候，又触电似的丢开，开始颤抖着不断的骂自己神经病神经病啊。我好害怕。
0	0	0	1	0	0	0	0	0	0	0	0	没有快乐 没有灵魂 没有兴趣&nbsp;&nbsp;什么都没有的 一个躯壳而已&nbsp;&nbsp;看到一些暖 也会难过
0	0	0	0	0	0	1	0	0	0	0	0	崩溃，一上午题目没做出来几道，答案还看不懂。
0	0	0	0	0	1	0	0	0	0	0	0	预约了星期三的精神科看病，可是我不想治好。所有的现实不会变好，最终都会向我所预想的最坏结果发展的，短暂的健康还有意义吗？祈祷我得绝症，如果有另一个努力奋斗的人有生命危险的话，请用我替换他，也算是愿望。
0	0	0	0	0	0	0	0	0	1	0	0	饭哥，对不起，又懦弱地来你微博下哭泣。我不知从何说起我的悲伤，只知道有一个伤口估计要好久好久才能愈合。
0	0	0	0	0	0	0	0	0	1	0	0	我懦弱的连死亡的勇气都不具备，想过无数次，可每次到那个地方，却又止住了脚步，退了回去，又陷入无尽的折磨当中，我也不知道吃药多少能死透，我也不知道这个过程会有多久，会有多痛，不知道父母该怎么办，我该怎么给他们一个交代，还有我的朋友，和我老师，我亲戚，这么多牵挂啊，什么时候才能抛开
0	0	0	0	0	0	0	0	0	1	0	0	饭饭，我还是调整不好我的心态。我不想去上学了真的不愿意了，我害怕学校，我只是一个很懦弱的人而已，我想告诉我爸所有的事情，我想休学，但我又害怕他对我失望
0	0	0	0	0	1	0	0	0	0	0	0	我不要做噩梦了我不要做噩梦了 没有人会安慰我
0	0	0	0	0	0	0	0	0	1	0	0	我是一个绝缘体，生活在地球
0	0	1	0	0	0	0	0	0	0	0	0	饭饭，我真的难过，莫名其妙的难过，想伤害自己，还不想让别人知道，想回家，又不想回家，我为什么是家里的希望啊，根本就是个笑话，真的
0	0	0	0	0	0	1	0	0	0	0	0	最近工作上好累，而且领导一直给压力，感觉怎么做都做不好，作为一个哥哥，也不称职，作为家里长子，也不称职，好想死一死
0	0	1	0	0	0	0	0	0	0	0	0	毕业以后，工作不顺利。因为毕业异地，和男朋友也分手了。家里投资也赔了很多钱，妈妈也受到了很大的打击，我却无能为力。三四个月胖了十斤，夜里经常睡不着。本该给父母更好生活的年纪现在却更让她们担心我。瞒着我给我找了个稳定的工作，现在就要离开我喜欢的城市回家了。看不到未来
0	1	0	0	0	1	0	0	0	0	0	0	已经没什么人心疼我了&nbsp;&nbsp;他也远离我了伤心或许真的到了结尾了
0	0	0	0	0	0	0	0	1	0	1	0	我想好好的忏悔一下，关于我做人方面失败的事情。因为得了躁狂症，把曾经的好朋友的微信删掉了。很对不起她，这段感情中，是我不对，我不应该太情绪化把事情弄到这个地步。是我不该。我要好好忏悔。希望我们都能忘掉对方吧，然后各自好好的生活。希望她也能过得好。
0	0	0	0	0	1	0	0	0	1	0	0	我真的真的好喜欢好喜欢你啊 可是那怎么办呢 你看你啊 像是月光 明亮纯洁 我只是黑暗里的尘埃。永远无法靠近你&nbsp;&nbsp;我只希望这一世你能永远幸福快乐 你的家庭多美满啊 我真的不想给你造成困扰 那我就悄悄藏好了 我下一世一定会在对的时间遇见你 那个时候 你就不要把我当小孩了
0	0	0	0	0	0	0	0	0	1	0	0	走在人满为患的大街，感觉自己孤独得像尘，随风飘散
0	0	0	0	0	0	0	0	0	1	0	0	忘了晚上一个人崩溃过多少次 怕别人知道不敢哭出声 放声大哭都不敢 真差劲
0	0	0	0	0	0	0	0	0	1	0	0	羡慕你，我有些社恐，跟人对视都困难，特别想一个人生活，可惜每天被迫面对很多人，简直生不如死。
0	0	0	0	0	0	0	0	0	1	0	0	原来我这么招人烦啊，真令人难过😔
0	0	0	0	0	0	1	0	0	0	0	0	我快要毕业了，这样就可以回家这样做了，可是在家又会让父母被说闲话，不知道，没有好的办法，我能想到的可能是得病吧，搞垮身体，就容易死亡。
0	0	0	0	0	0	0	0	0	1	0	0	这还是男朋友吗？这不整个一诈骗犯吗？
0	0	0	0	0	0	0	0	0	1	0	0	就让我恶心透顶吧
0	0	0	0	0	0	0	0	0	0	0	1	我其实讨厌我爸的自作主张，明明都说好了，我明天一定去上学的，他给班主任打电话，又是一顿说教，说什么为了我好，好吧确实是，但不能听听我的意见吗？我就想冷静一下，一定要逼我，我真的累了，瞒着这个瞒着那个，强打起精神也很累，我就出去散散心
0	0	0	0	0	1	0	0	0	0	0	0	我绝对和他成不了要好的朋友，但我真的好想好想和她成为最要好的朋友。。。
0	0	0	0	0	0	0	0	0	1	0	0	饭饭啊，真的很难受呢，我都变成自己小时候在电视上看到的神经病了，自己都觉得特别矫情何况别人呢。一直很后悔为什么不让父母多生一个弟弟，这样我走了，也不会连累他们呢
0	1	0	0	0	1	0	0	0	0	0	0	死是一定会死的， 解脱是不会解脱的， 死都不会解脱的
0	0	1	0	0	0	0	0	0	0	0	0	好想死 好难受 我努力生活了 都认为我过的很好 但是真的好想死 每天每天都想
0	0	0	0	1	0	0	0	0	0	0	0	工作被领导针对，同事还在背后说坏话告状。今天一气之下走人了，没拿工资，这个月还要交房租，没有钱，很快连住的地方也没有了。父母也好多年没联系了，一直一直一个人，努力支撑着活下去，太累了
0	0	0	0	0	0	0	0	0	1	0	0	我甚至很讨厌我自己。觉得我自己真的很差劲很差劲
0	0	0	0	1	0	0	0	0	0	0	0	好讨厌我们班主任啊，我不就是不爱说话吗，你凭什么针对我啊，你凭什么捧高踩低啊，你凭什么问都不问我就给我下定义还背后说我坏话啊，你配当老师吗，妈的
0	0	1	0	0	0	0	0	0	0	0	0	人生，这么的让人很绝望。或者说是我的人生，很绝望。估计死也是这一两年的事了，但先把债还清吧，不想拖累家人
0	0	1	0	0	0	1	0	0	0	0	0	每分每秒都在煎熬，胸口很酸，眼泪止不住，可我不想它掉下来。
0	0	0	0	0	0	0	0	0	1	0	0	我真的喜欢你喜欢到快要疯了
0	0	0	0	0	0	1	0	0	0	0	0	每天早上睡醒后，过了一会儿又没劲了，只觉得昏昏沉沉，一想起些事就烦的不得了，我在情绪上还是有障碍，极端状态，要么就好好的，但只要别人一个眼神，一句话语气不对，就不管是啥只要触碰到我敏感神经，我就想打他甚至动手要他的命，然后我就进入地狱，唉，好累，至从上次情绪崩溃，现在也没太缓过来
0	0	0	0	0	0	0	0	0	1	0	0	周围无知且无趣的人真的太多了，压抑自我也变成了同样。我想哭一哭，你可不可以暂时先别睡悲伤悲伤
0	0	0	0	0	1	0	0	0	0	0	0	怎么才能正常的与别人交流，好像被这个世界所隔离一下，很难受
0	0	0	0	0	0	0	0	0	1	0	0	饭，我好傻真的好傻好傻。为他付出了一切，所有所有的一切，钱也没了，身体也垮了。孩子也没有了。可他说我给不了他想要的。为什么我会这么傻？三年来，照顾他的饮食起居，帮工作，出谋划策，我什么都不要，只想跟他在一起，到头来为什么会这样？所有的事情我一个人抗。
0	0	0	0	0	0	1	0	0	0	0	0	一点情感上的小挫折就让我内心起了轩然大波，朋友都劝我不要把那么多心思放在情情爱爱上，可他们不能理解，我无父无母，无所依托，内心的漂泊无人能知，我得有个依靠有个寄托，我才能活。
0	1	0	0	0	0	0	0	0	1	0	0	其实有时候我真的觉得自己是个累赘，每天除了拖累家人什么都做不了
0	0	1	0	0	0	0	0	0	0	0	0	走饭，我恋爱了。希望是她，绝望更是她。 我好想逃避，可是老天为什么给我牵挂。 活着太难了。
0	0	0	0	0	0	0	0	0	1	0	0	我真的是个很差劲的人啊 被大家讨厌当成扫把星 我也不想被生出来来到这个槽糕的世界上 妈妈说如果当初把我堕胎了该多好 就不用经历这些不好的事情了
0	0	1	0	0	0	0	0	0	0	0	0	饭啊 我最近总是爱哭 我的神经好像越来越敏感了 觉得吵闹 觉得头疼 我已经23了 讲道理 我觉得自己活够了 很累很累的那种 但是我很害怕 我有好多舍不得的东西呀
0	1	0	0	0	0	0	0	0	0	0	0	从不被理解，也不需要被理解
0	0	1	0	0	0	0	0	0	0	0	0	好累啊饭，外面天气那么好，可是我却绝望到要崩溃了，你说我该怎么办，好想有人能够帮帮我泪泪
0	0	0	0	0	1	0	0	0	1	0	0	有目标的男生计划里没有人，他是一个有野心的人，你也是可有可无，在利益面前可以随便抛弃你
0	1	0	0	0	0	0	0	0	0	0	0	原来生活从来没有对我好过，呵呵。此刻我只感觉瑟瑟发抖，又一次见证了人心最丑陋最恶心的一面。
0	0	0	0	0	1	0	0	0	1	0	0	经常笑只是不想给别人带来负能量，实则内心有多痛苦也就自己知道，有时候活得就像会演戏的小丑，人们只在意他们所看到的表面，当触及真心的时候却又临阵退缩。 我的勇气只有那么几次，每一次几乎都是用尽了全身力气，然而在对方看来可能也只是屈指可数中的一条鱼，甚至都不存在他的故事里。
0	0	0	0	0	0	0	0	0	1	0	0	我也是啊，别人都说我内向，我也恐惧社交，但是我就是不知道怎么跟别人相处，我也不喜欢孤独
0	0	0	0	0	1	0	0	0	1	0	0	我这么无趣 没人想跟我聊天
1	0	0	0	0	1	0	0	0	0	0	0	为什么别人都活的这么好，我每次活的这么差
0	0	0	0	0	0	0	0	0	1	0	0	饭饭 我很失败
0	0	0	0	0	0	0	0	0	1	0	0	曾经我真的认为我是一个不差的女孩子 也许不够成熟 但一定值得一份&quot;非我不可的爱&quot; 可为什么 接近我又逃离我 我真的有这么不堪吗
0	0	1	0	0	0	0	0	0	0	0	0	我做不到这样安慰自己我的未来会很好，我表现的我对未来充满希望，我在对未来奋斗着，其实我只是一个丧的一批，害怕死却渴望着死，身心疲惫却还要装作什么事都没有，笑着安慰那些被伤到的朋友，用自己的事告诉他们要相信未来，可我从来都没有相信我会有未来这种东西啊
0	0	1	0	0	0	0	0	0	0	0	0	我每天光是走出房门下楼，就感觉好累噢，当我打起精神和人交流的时候内心想逃，好疲惫，好累
0	0	1	0	0	0	1	0	0	0	0	0	每到夜晚，对于生活的无力感像鬼一样地缠着我，死亡近在咫尺
0	0	1	0	0	0	0	0	0	0	0	0	真的没有想到会到这种地步，饭饭，为什么活着这么累这么难。为什么要来到这个世界上，活着的意义是什么。
0	0	1	0	0	0	0	0	0	0	0	0	饭 从我记事起父母就离婚了我跟了爸爸 但我爸从我上小学二年级的时候把我接到上海丢我叔叔家就不怎么管我 小时候上学一个人 长大了步入社会也是一个人 没有亲情 没有友情 没有爱情 从小到大有什么事情从来都是我自己一个人扛 过节的时候别人都回家过节了可我连家都没有 我真的好累 不知道为什么而活着
0	0	0	0	0	1	0	1	0	0	0	0	我以为这一次我会一直好下去，但是这段时间又犯了，所有的负面情绪都来了，感觉又被丢弃了，好失败，随便一个人都比我厉害。
0	0	0	0	0	0	0	0	0	1	0	0	人情世故还是一如既往的差劲，事情办的不全面
0	0	0	1	0	0	0	0	0	0	0	0	我明明在跟朋友逛街吃饭看电影K歌这是我喜欢的事情 但是就不是发自内心的快乐 只感觉人生好累 好想真正开心起来 这样的感觉太难受了悲伤
0	0	1	0	0	0	0	0	0	0	0	0	怎么度过接下来的日子，我很害怕。很讨厌现在的一切，想消失，讨厌学校，讨厌各种考试面试。
0	0	0	0	0	1	0	0	0	0	0	0	放弃吧，我的特性注定了会孤独
0	0	0	0	0	1	0	0	0	0	0	0	深夜崩溃这不是常有的事儿吗？我在矫情什么？爱别离意难平 所有的一切都在折磨着我，不止在折磨我还折磨着世人 为什么要有感情呢，七情六欲 四识五感呢 死了不好吗
0	0	0	0	0	1	0	0	0	0	0	0	得了抑郁症，活着就不再是一件美好的事了
0	0	0	0	0	1	0	0	0	0	0	0	"父母对子女的羡慕嫉妒已决定了人性的丑恶 <a  alt=""http://t.cn/E6SYBnc"" suda-uatrack=""key=transmit_pic&value=transmit_pic_minicard"" href=""javascript:void(0);"" action-type=""widget_photoview"" action-data=""object_id=1022:23059731927741941809687351f70737b2804a&pid=006Cwjl5ly1g1wckun483j308c08caa2&mid=3424883176420210&cid=4359167479782736&short_url=http://t.cn/E6SYBnc"" imagecard=""pid=006Cwjl5ly1g1wckun483j308c08caa2""><i class=""W_ficon ficon_cd_img WBficon"">¡</i>评论配图</a>"
0	0	1	0	0	0	1	0	0	0	0	0	我真的快撑不住了，我快忍不住了，我好压抑，我喘不过气来，我害怕去上班，是害怕 不是讨厌 我真的很怕
0	0	1	0	0	1	0	0	0	0	0	0	饭啊，你啥时候带我走啊？真的1活够了活怕了，一天24小时1440分钟86400秒，却没有一刻能够轻松的喘口气为自己而活。无止境的债务，无止境的责任，赚多少钱也填不完家里的洞。我真的放弃了，我已经尽我最大的努力了，还是不行。
0	0	1	0	0	0	0	0	0	0	0	0	我又来了，我受不住了，我这两天把每一段感情都搞砸啦……我每次都在后悔为什么我要这样做 可是每一次我都会这样 我好累我想睡了 我感受不到爱 人生真的很没意思对吧
0	1	0	0	0	0	0	0	0	1	1	0	我已经解释到无力，我不想说了，真的，很难过啊！大概我就是个愚昧的人，可我为什么会是个人？为什么非得是我？这世界创造了我，却无时无刻不在嘲笑我，我也很讨厌自己，我为什么还没有死？他们看着我难过，我很羞耻！我听着指责，对不起，是我的错，是我想太多才会抑郁，我很抱歉，可是我真的控制不了
0	0	0	0	0	0	0	0	0	0	1	0	理所当然的认为自己没问题，可是处处是问题，既然都认为没责任，所以啊，最后是我的问题
0	0	1	0	0	0	1	1	0	0	0	0	今天的我很不开心，下了班家里却没人，也没有饭吃，妈妈要在别人家吃了饭才能给我带回来，没有人知道此时的我多么难过无助，就像被全世界抛弃了一样。
0	0	0	0	0	0	0	0	0	0	1	0	路都是自己走的&nbsp;&nbsp;当你做每一种选择的时候必然要面对每一种可能&nbsp;&nbsp;讨厌失控的自己&nbsp;&nbsp;&nbsp;我讨厌我自己&nbsp;&nbsp;讨厌这个比昨天更喜欢你的我
0	0	0	0	0	0	0	0	0	1	0	0	我活的太失败啦 身边的人几乎都不知道我病了 我也不愿意说 但是我也好想被安慰
0	0	0	0	0	1	0	0	0	1	0	0	果然自己一无是处
0	0	1	0	0	0	0	0	0	0	0	0	第一次看到你的微博，我非常想知道您在那边过得怎么样，我也好想逃离现在的世界。我真的，太痛苦了，我不想再被痛苦萦绕了，我什么都没有，家人朋友爱人，我都没有，我只是孤身一人，我好孤独，我真的想被人拥抱，如果您方便可以在梦里抱抱我安慰我吗，谢谢了
0	1	1	0	0	0	0	0	0	0	0	0	生活真没意思……苟活也累！每天工作麻痹自己！旅游玩什么的都没意思！真的一切毫无意思
0	1	1	0	0	0	0	0	0	0	0	0	没什么，只是在绝望的深渊继续挣扎着，但我挣扎的好累啊，明明他一直在陪着我，可我为什么始终都逃离不了绝望的深渊
0	0	0	0	0	1	0	0	0	1	0	0	最难受的莫过于别人看来挺正常的，只有自己知道浆糊样脑袋，话说的别人听不明白，怎么尝试努力大都那么无力是多么绝望
0	0	0	0	0	0	0	0	0	1	0	0	饭 我好自私 我就希望有一个人能来救救我
0	0	0	0	0	0	0	0	0	0	1	0	是我让我自己的生活变成这样
0	0	0	0	0	1	0	0	0	0	0	0	爱我的都会离开我，连养条狗狗都不喜欢和我这个郁郁寡欢动不动就掉眼泪的人呆一起，嫌累。除了我那个我从不敢在他面前表露情绪的爸，因为他不能理解我不快乐得有了病。还除了那个因无法自控爱着我的妈妈，一个家庭主妇开始去了解抑郁症。我要死了，我爸得多想不通啊，我妈得多伤心呢？可是我真的好累…
0	0	1	0	0	0	1	0	1	0	0	0	饭饭，割了之后会不会好点？我这么丑是不是应该死了？
0	0	1	0	0	0	0	0	0	0	0	0	孤独，深深的孤独缠绕着我，对一切都提不起来兴趣，我没有动力向前走，生活逼得我停不下来。
0	0	1	0	0	0	0	0	0	0	0	0	饭饭，我又来了，昨天觉得有点甜，今天又觉得好苦了，没有了阳光，整个人都觉得好丧，想要逃离，可是我又该逃哪里去呢？
0	0	0	0	0	0	0	0	0	1	0	0	活着好累，每个人都好虚伪
1	0	0	0	0	0	0	0	0	1	0	0	饭，给我安排一场意外吧？我不再撑下去了。最后一次，让我解脱吧？让我扔掉这自卑，扔掉负罪感吧？我不想要再取悦任何人了。我好累好累啊？改不掉这性格，那就让我解脱吧？
0	1	0	0	0	0	0	0	0	0	1	0	父母，同学，同事，，好像从没有遇到过对的人，都是自己的问题吧，学会知足一点不好吗，为什么这么贪心
0	1	0	0	0	1	0	0	0	1	0	0	我想会玩心机一定特别棒。 两个可怜兮兮的人在一起唠嗑。 身边的人没有一个可以相信的。 我是挺招人烦的。 我的坚持很快就会被一些不定因素打破。 如果哪天我因为小事离开了，肯定又要被说闲话了。
0	0	0	0	0	0	0	0	0	1	0	0	我不喜欢晚上，一点也不。讨厌那个无法控制又心无比肮脏的我。晚上和白天根本就不是一个人啊。
0	0	0	0	0	0	0	0	1	0	0	0	饭，也许这就是命，羡慕能解脱的
0	0	0	0	0	0	0	0	1	0	0	0	是吧，有时候我在想应该是我的问题，看不进那些东西
0	0	0	0	0	1	0	0	0	0	0	0	我根本不会变好 我没救了我早就知道
0	0	0	0	0	0	0	0	0	1	0	0	饭，你看，没人喜欢身边有负能量的人。有负能量的我啊，在别人眼里就如臭虫一样，这个世界总是不容我嘛。所以我学会了假笑，敷衍，有的时候勇敢到自己都能骗过自己。比如，今天艳阳高照，我们去踏青吧。又是阴天嘛。
0	1	0	0	0	1	0	0	0	0	0	0	真讨厌啊 自己明明什么都做不到呢
0	0	0	0	0	0	0	0	0	1	0	0	大部分人其实都有或多或少自卑的～我有时候也会觉得自己挺糟糕的，不过要自己找一找发泄的方法，比如听一听音乐掉一掉眼泪，只要你开心只要不伤害自己都好～ 身边可能真的有人没法理解自己，因为有一部分人天生不会主动也学不会撒娇，我也算是其中一员，不过反过来想，在小世界自得其乐未尝不可
0	0	1	0	0	0	1	0	1	0	0	0	不管是我的家庭还是感情 都是被伤害的一塌糊涂 我还在努力的活着 为什么呢 其实我早就该死的 其实割喉也不疼的
0	0	1	0	0	0	0	0	0	0	0	0	知道吗我刚刚和心理医生打完电话她要我做了一套试题 我做完了发给她看结果了医生建议我去大医院看看我可能需要吃药微笑我知道我脑子里面那些想法是不好的 但是我还是忍不住想 泪我感觉我很累 很压抑 真的我要撑住 嗯 我可以的嗯加油
0	0	0	0	0	1	0	0	0	0	0	0	我仍然希望，在活着的日子找到属于我的避风港，让我体验一下被爱的感觉，如果没有也无所谓，找到了也不好，没有人会喜欢我，特别是我现在这种状态
0	0	0	0	0	0	0	1	0	1	0	0	自残后感觉自己坏掉了。和周围的人不一样，感觉怪怪的。真切的感觉自己是另类。伤口的疼痛告诉自己还活着，告诉自己过的并不顺心，刚才看佛祖的视频还笑出了声，是不是我作啊，自己作自己，弄出一身伤。
0	0	1	0	0	0	0	0	0	0	0	0	饭 我太累了。甚至打字都觉得累。没希望 没动力。甚至感觉不到疼了。我只想好好睡一觉。没人知道我的状态。连我自己都不知道为什么。晚安祝好
0	0	1	0	0	0	0	0	0	0	0	0	我的今生摯愛對我做了一件事，不辭而別。我不知道接下來生活怎麼能快樂起來。
0	0	1	0	0	1	0	0	0	0	0	0	我好难过啊，好难过好难过，可是没有人可以听我说没有人能值得我去分享，我又害怕又冷，太难了活着太难了。
0	0	0	0	0	1	0	0	1	0	0	0	我不配幸运
0	0	0	0	0	0	1	0	0	0	0	0	又催了，以前有可能的时候一直拦着不让，现在没有可能了，一直催一直催，然后就争吵，恶性循环，一整天难过，什么时候才能替我考虑一下，为我想一下，我觉得一个人挺好的啊，没有伤害，过自己的生活，为什么非要两个人，可不可以不要催我了啊，我好难受啊
0	0	1	0	0	0	0	0	0	0	0	0	外面下好大的雨，真冷，感觉不到温暖，我想活着，但是对身体的折磨太痛苦了，我感觉不到自己活着了，我还是要再熬一熬。
0	0	1	0	0	0	0	0	0	0	0	0	可是活着好累 心里好累 身体好累
0	0	0	0	0	1	0	0	0	0	0	0	去看了精神科，挂了焦虑抑郁门诊，检查出来中度强迫状态，中度焦虑症状，重度抑郁症状以及中度敌对症状，重度恐惧和中度偏执状态，今天是确诊的第二天，我花了两年多的时间才有勇气踏足那个地方，这期间我给自己找了无数的借口，不敢往那方面想，但是最近真的撑不住啦，世界很美好哦，好不了的是我
0	0	0	0	0	0	0	0	0	1	0	0	哎，懦弱的人啊…那一点点痛苦都承受不了，怎么自杀啊
0	0	0	1	0	0	0	0	0	0	0	0	昨天和喜欢的人在一起来了，开心了一整天，可今天早上醒了又开始哭，下午哭，一直都在哭，他跟我说，有不开心的事要跟他说，可是我真的说不出来，我很后悔，一年前的我对我不够善良
0	0	0	0	0	0	0	0	0	0	1	0	我哪里做的不好，你告诉我，对不起，我总是执着的不是地方
0	0	0	0	0	0	0	0	0	1	0	0	我又来了，今天还是不开心呀，从昨天哭到今天，我真软弱！
0	0	0	0	0	1	0	0	0	0	0	0	这个世界不会好了
0	0	0	0	0	1	0	0	0	0	0	0	总之真没人在意的
0	0	1	0	0	0	0	0	0	0	0	0	我什么都不想干 想沉下去 一点点掉下去 无底洞似的 摔不死也活不成
0	0	1	0	0	0	0	0	0	0	0	0	麻木麻木麻木，因为一些奇怪的事情笑，也不是开心，我不知道开心是什么感觉了。整个人浑浑噩噩什么都不想做，回首过去都是空白，未来也没有一点光。
0	0	0	0	0	0	1	0	0	0	0	0	分手了我们 我知道是小事 以后回头来看一定是小的不能再小的事 但我现在好难受呀
0	0	1	0	0	0	0	0	0	0	0	0	走饭你知道吗，我今天是真的不想活了，人生好累啊，我以前觉得我妈妈特别不容易，她总说我死了她也活不成了，于是我活着。可是今天的我真的累了，他说我是装样子的，其实不是，如果不是我奶奶我弟弟拦着我，那把刀已经把我的手腕割开了。如果我的死能够使这一切终结，那么我真的愿意。
0	0	1	0	0	0	1	0	0	0	0	0	几年前我觉得自己挺好的 真的是越来越不行了 一切都在下坡路 什么时候是尽头啊 我好像掉进无底洞
0	0	1	0	0	0	0	0	0	0	0	0	现在已经平淡了 毕竟还没有出社会 人性最初的恶我已经尝过了 等到看过了人类最坏的本性 让我再不屑一点 体验绝望的日子 就无憾了 也没有什么好期许的 我只希望现在可以让自己快乐一点
0	0	0	0	0	0	0	0	0	1	0	0	害怕嘛 很是很怂 也会怕在一起喜欢的人会有不开心的时候怕他不舒服分开我有舍不得想得太多吧
0	0	1	0	0	0	0	0	0	0	0	0	抑郁很长时间了，想死很多次了，直到有一天当我把刀片放到手腕上但是没有勇气划下去的时候才发现，我不贪生，一点都不，但是我怕死，很怕，后来就没有再想死了，但是却常常觉得很累，很累，有时候觉得连呼吸都会痛，睁眼都觉得光线刺眼，眼泪顺着眼角就那样溢出，擦都擦不完。真的很累，很累。
0	1	0	0	0	0	0	0	0	0	0	0	什么都做不好
0	0	0	0	0	1	0	0	0	0	0	0	我是今天才知道“走饭”这个微博的，在知乎上看到的。来这里评论的人，一定都活的不容易吧。我也是。
0	1	0	0	0	0	0	0	0	1	0	0	我啊是个很糟糕的人呢每认识一个人最后都会离我而去
0	0	0	0	0	0	1	0	0	0	0	0	没上过大学很自卑 被别人问起 你这个年龄不是在上大学吗 这句话让我难过了
0	0	0	0	0	1	0	0	0	0	0	0	我才是他们幸福生活的最大障碍嘻嘻
0	0	0	0	0	1	0	0	0	0	0	0	哈哈哈哈哈哈哈我以后一定不是合格的老师
0	0	0	0	0	1	0	0	0	1	0	0	我知道没有人会心疼我在乎我 毕竟我只是个丑小鸭
0	0	1	0	0	0	0	0	0	0	0	0	特别不想活又特别怕死，每次想着要是一睡再也醒不来了该有多好，每天都不开心，每天都对任何事情感到厌烦，其实我好羡慕身患绝症的人。饭饭，你什么时候带走我，我真的要受不了了啊
0	0	0	0	0	0	0	0	0	1	0	0	自己好没用啊，饭
0	1	1	0	0	0	0	0	0	0	0	0	怎么办啊。我什么都做不了。没有一点温暖。对不起，我找不到活下去的意义。
0	0	1	0	0	0	0	0	0	1	0	0	饭饭，我想走了，我在开始准备，玻璃心的我要活下去真的好难好难，我总是因为一些小事难过，我受够了，还有我知道这个世界上的人还有好多好多好的，但我们那个班的人，恶心死了
0	0	1	0	0	0	0	0	0	1	0	0	很羡慕你能勇气，感觉自己就是个胆小的老鼠。她把我删了，妈妈觉得我是个异类总是谈起离婚前的事情让我自己去找爸爸。老师觉得我是累赘，快毕业了工作也签不上，面试就觉得我是个消极的人，朋友借了钱跑路了，这些事，依然没有勇气站起来也没有胆量去结束，如果得了绝症该有多好，可以理所应当的离开了
0	0	1	0	0	0	1	0	0	0	0	0	所有人都在嫌我不工作，死了算了，不想再看见他们那势力的眼神了……
0	0	1	0	0	0	0	0	0	0	0	0	偶尔的失眠，会焦虑头痛情绪有快要爆发控制不住的时候，每到凌晨睡不着就开始疯狂被负面情绪包围影响。害怕自己撑不下去，爸爸妈妈现在对我很好，她们要怎么办，虽然家里有姐姐弟弟还是怕她们会太过伤心。每天都过得很难受，唯一的好友无法理解我，不敢告诉家人，我不知道我为什么会变成这样，太累了…
0	0	0	0	0	0	0	0	0	1	0	0	一個人生了一天的悶氣，跟傻子一樣。還吃了好多亂七八糟的東西，也能撫平我心中的火氣。😔
0	0	0	0	0	0	0	0	0	1	0	0	如果我是抑郁症，那我觉得我还有救，可怕的是，如果我不是抑郁症，那我觉得我这个人真的彻底废了，我不敢去医院，我怕医生说，你一切正常。
0	0	1	0	0	0	0	0	0	0	0	0	本来以为不会好起来，也不会恶化了，还是我天真了，人间真的不值得，我也不值得。
0	0	0	0	0	0	0	0	0	1	0	0	我是杀了人还是放了火，让你这么怕我，我知道你不在乎我，我没想过跟你在一起了，你凭什么这么伤害我，我对你是真心的，但是你呢，为什么我就要陷入这种无边的黑暗中，你却当什么事都没有发生过，我知道我脆弱，我矫情，我知道我有很多缺点，可你为什么还要伤害我，为什么
0	0	0	0	1	0	0	0	0	1	0	0	昨晚还一起看深夜电影接吻在我小区门口抱着半小时不撒手，今天一天都不回消息微笑男人都大猪蹄子，大概我只是一条鱼吧
0	0	0	0	0	0	0	0	0	1	0	0	现在想想我爸跟苏大强有点像，有点懦弱，只不过没苏大强那么懦弱，我妈比赵美兰温柔多了，遇事犹豫不决，自己做不了决定，别人做决定还嫌弃
0	0	1	0	0	0	0	0	0	0	0	0	昨天和她们骑自行车，难得出去，可是不开心，缺了什么，好像世界与我无关，边缘人……醒来不开心…… 好累，不想再出去了，不想出去拍照在朋友圈刷存在感……
0	0	0	0	0	0	1	0	0	0	0	0	他拒绝好友申请 我好难过 心好痛
0	0	0	0	0	0	0	0	0	1	0	0	这辈子就是太懒太软弱太没毅力太没坚持 才让自己太过无能 整日焦虑 无法好好去把握自己的未来 对未来的人生真是抱不起任何的希望
0	0	0	0	0	0	0	0	0	0	1	0	造成这一切的原因是我对自己要求太高了
1	0	0	0	0	0	0	0	0	0	0	0	我愤怒的来源的一部分，我物质上也不想舍，精神上也不想舍，这是我的理想状态，可现实是我物质缺少了一部分，精神上的就不会缺失。物质上充足了，精神上就会流走一部分，这是我现在理想和现实的矛盾，我没有办法很好的整合好
0	0	0	0	1	0	0	0	0	0	0	0	刘建华我喜欢你，可你讨厌我
0	0	0	0	0	0	1	0	0	0	0	0	听到别人的脚步声走向我都会觉得很焦虑，千万不要走过来，千万不要进来啊，我真的想一个人呆着
0	0	0	0	0	0	0	0	0	0	1	0	是我自己把路走成这样的，世间有人有梦想也在为此努力，而我只是度日如年。
0	0	0	0	0	0	0	1	0	0	0	0	情绪总是莫名低落，时起时伏，我自己也不知道怎么了！好时感觉整个世界都在发光，一点小事兴奋好久，不好时总想哭。我真不知道自己这是怎么了！ 我很不喜欢周围人随时把抑郁这类词语挂在嘴边，可我解决不了自己的问题。总觉得自己熬不过去，不知道怎么了！
0	0	1	0	0	0	0	0	0	0	0	0	饭呀！我好无奈。毕业了不想去北京，不喜欢去我姑姑家。我跟爸妈关系不好。那是我后妈我不太喜欢她。她对我好，可终究不是我亲妈。还是有距离感呀！我很迷茫。我奶奶年纪也大了。再等个5年10年。我奶奶走了我就没有家了啊这世上就剩我自己了
0	0	0	0	0	0	0	0	0	1	0	0	哈喽 时隔两年 我又来啦 最近我很差劲 仔细想一想好像都没有真正开心的时候 我想回家 想抱着我的狗 把它搂在怀里 这样我就会特别开心了
0	0	1	0	0	0	0	0	0	0	0	0	饭，我突然发现，不管再亲近的人，不是抑郁症就永远不会理解发作时绝望的心情，那种找不到活下去的理由，整个世界一片灰暗的感觉真的很不好，从他知道我有抑郁症开始就一直在陪着我，可他不会理解那种心情，他说让我别胡思乱想，想点开心的，如果不是胡思乱想怎么会有抑郁症，所以我不知道该怎么诉说
0	0	1	0	0	0	0	0	0	0	0	0	每天十二个小时的班，每天不到凌晨两三点睡不着，每天睡四五个小时的觉，生活中不被人理解，爱人吵架能把自己逼的精神奔溃，眼泪直流，脑子特疼，特别累
0	0	1	0	0	0	0	0	0	0	0	0	我正在偷偷的崩溃，哭，压力好大，好难过
0	0	1	0	0	0	0	0	0	0	0	0	我没什么要活的，对所有的没有兴趣没有爱，孤独的没有灵魂的我。病态的我。没办法控制思绪的我，等等的我，都让我只想死了，我能想想我死的时候什么样子。我不在以后是什么样子 。我都觉得很好，但活着真不好。
0	0	0	0	0	0	0	0	0	1	0	0	我爷爷是公务员 奶奶是文工团的 这么好的家庭条件 我爸成家后就混日子 明明可以和其他人一样的 被我爸弄的 呵呵 真不想叫他爸 恶心
0	0	0	0	0	0	0	0	0	1	0	0	作为一个姬佬…如果我出柜遭到反对 如果到了不得不妥协的地步 我最多做到为了他们一辈子不找女朋友 我为了我自己也一辈子不会找男朋友…虽然我真的找不到女朋友跪了
0	0	0	0	0	0	0	1	0	0	0	0	真好 你那么有勇气 我夹杂在活与死之间很痛苦 活着确实是个令人痛苦的过程 死了也解脱了吧
0	0	0	0	0	0	0	0	0	1	0	0	我太自以为是了 想掐死自己
0	0	1	0	0	0	0	0	0	0	0	0	每天晚上都希望第二天死掉
0	0	0	0	0	0	0	0	0	1	0	0	喜欢城市的喧闹，又喜欢安静美丽的山庄，我都快人格分裂了，有时候希望自己有什么超能力，能做点什么，让别人记住你，至少能感觉到自己的存在有意义，而不是整天两点一线，这样或者真的无聊，天天都像复制粘贴一样，感觉自己的存在可有可无，白天装笑晚上失眠，那种感觉睡着了却又感觉还醒着，真的难受
0	0	1	0	0	0	1	0	0	0	1	0	哈哈二十五岁，马上就二十六啦，还是没有男朋友，我妈担心我嫁不出去，我越来越愧疚，感觉对不起他们，生活工作都是一团乱麻，我也好想闭上眼睛，再也不醒过来
0	0	0	0	0	1	0	0	0	0	0	0	总是有一种无力感，就好像被人突然抽走了所有。感觉没有一个人能理解我。难受
0	1	0	0	0	0	0	0	0	0	0	0	我从不渴望救赎，因为根本不会有人救赎我。从小到大我所有的委屈都是我一个人扛下来。谁对谁错根本不重要，重要的是从来都没有人站在我的身边明确的说，你做的很好，做的很棒，剩下的交给我吧。根本没有！
0	0	0	0	0	0	0	0	0	0	1	0	走饭小姐姐还有16天就是我生日了 我已经孤单过好几次生日了&nbsp;&nbsp;这一次我打算今天一个人提前就过了 我已经赖活着撑到现在我觉得真的太累了 我对不起这个世界太多人了最对不起就是我 20多年没有像一个正常人一样活着 给周围填了太大麻烦 我自知我以已然撑不下去了&nbsp;&nbsp;枉到了另一个地方可以与你相见
0	0	0	0	0	1	0	0	0	1	0	0	我没有未来，好像一个乞丐
0	0	1	0	0	0	1	0	0	0	0	0	我是中度抑郁，平时表面上笑嘻嘻，对每个人都笑，转头说不定就开始哭，我觉得我没什么希望活下去。父母的嫌弃和唾骂，亲人的责备，我真的快疯了。他们最常对我说的就是你要听话，你大了，能不能体谅父母，你怎么那么不懂事。别人都能坚持你为什么不能。网络给了我一点慰藉，感谢那个一直陪我的少年。
0	0	1	0	0	0	0	0	0	0	0	0	爸妈现在也都没工作了，不知道他们是怎么想的，感觉未来一片黑暗
0	1	0	0	0	0	0	0	0	0	0	0	因为会做一些糟糕的决定，所以，越来越差越来越差
0	1	0	0	0	1	0	0	0	0	0	0	这个世界一点也不喜欢我&nbsp;&nbsp;我也不喜欢它了
0	0	1	0	0	0	0	0	0	0	0	0	所以什么时候我可以死一死，好难受，好痛苦，根本不是一回事，真的很难受，我不想坚持了，是不是死了就好了
0	0	1	0	0	0	0	0	0	0	0	0	我还是想…有机会的话，我要烂在一个角落里。不需要任何人。
0	1	0	0	0	1	0	0	0	0	0	0	就好像只有我受苦
0	0	0	0	0	1	0	0	1	0	0	0	对啊 一点点爱就好 可是长大了还是得到一点点爱就被抛弃 也许我就不应该活在这个世上 正常人的幸福我是不配拥有的
0	0	0	0	0	1	0	0	0	0	0	0	父母只不过时时刻刻想着嫁人的事，可是连活都不想了，还会想着别的事吗
0	0	0	0	0	0	0	0	0	0	1	0	我是错的
0	0	0	0	0	0	0	0	1	0	0	0	也可能不是自我贬低 大概我就是这个样子吧
0	0	0	0	0	1	0	0	0	0	0	0	她过得还是很好，即便我真的用尽心思让她过的没那么好，为什么她做了那么多坏事却是永远在幸运永远在幸福
0	0	0	0	0	0	0	0	0	1	0	0	我就像是一坨屎，谁见了都讨厌
0	0	0	0	0	0	0	0	0	1	0	0	傻，还天真，借别人钱去催他还钱，他不但不还还叫人打我，结果下一次他可怜的假样又找我借钱我还是借了，没有人说你宽容，善良，只会说你是个烂好人，还没脑子，自己做事从来都是约束自己做不好一件事给人家道歉还心有愧疚给人家补偿，想做恶人但是潜意识却想做个好人，可笑
0	0	0	0	0	1	0	0	0	1	0	0	饭啊，我好像得抑郁症了，羡慕你做了自己喜欢的人，世界上没有人在乎我的感受呢，我也想自杀，但时间上我不放心的有太多，连这世界都不让我安心的死去，我是不是太贪生怕死，可以抱抱我吗，永远不放开的那种💔
0	0	0	0	0	0	0	1	0	0	0	0	总想依靠一份感情来拯救自己，最后发现，折磨了别人，更痛苦了自己，也许我就是不配得到爱
0	0	1	0	0	0	1	0	0	0	0	0	好累，每天都在被情绪折磨，折磨到我已经无法正常生活了，连洗澡都觉得是一件很累的事情，跟身边所有人说，都没有人相信我，觉得我在作…没有人理解…每天都活着好痛苦…
0	0	1	0	0	0	1	0	0	0	0	0	饭饭，分手第二天，我已经接受了分手事实&nbsp;&nbsp;但是情绪不停陷入崩溃 时不时大哭
0	0	0	0	0	1	0	0	0	0	0	0	走饭，我难过的时候就会来你这里看看。越来越多的觉得没有人能理解我的痛苦。也没有人真正的感同身受，他们或许还会觉得我小题大做，觉得我不够坚强，不够有责任感，才会冒出想要一了百了的念头。我现在觉得活着是多么的艰难啊，我无法控制自己不去难过悲伤。无法控制自己的消极忐忑。
0	0	0	0	0	0	0	0	0	1	0	0	我喜欢一个人 就只是喜欢了 是不是太懦弱 怕连话都说不了
0	0	0	0	0	0	0	0	0	0	1	0	我是个罪人
0	0	0	0	0	1	0	0	0	1	0	0	我妈肯定有焦虑症因为子女的没出息 看看 这都三点多了她还在自言自语 谁少了她钱💰
0	0	0	0	0	0	0	0	0	1	0	0	我一点也不够努力…我什么也不想干，我很懒也很怕死，饭饭你真的很厉害，但也许活着，会更好吧
0	0	1	0	0	0	0	0	0	1	0	0	我老是在想，活着有什么意义呢，挺没趣的。我是这样一个空洞洞的人，没有喜欢的东西，没有很多的朋友，没有想要做的事情，就这样像个孤魂野鬼苟活于世。活着又有什么意思呢
0	0	0	0	0	0	0	0	0	1	0	0	饭饭，我好累了，又睡不着觉真的好绝望。淚。我只会哭哭哭真是没用，废材
0	0	0	0	0	0	0	0	0	1	0	0	她们都是大白菜
0	0	1	0	0	0	0	0	0	1	0	0	亲情，友情，职业都无从下手，越来越觉得自己社恐，这人生真的不是自己想要的，想放弃了
0	0	1	0	0	0	0	0	0	0	0	0	饭饭-我现在都不知道活着是为了什么，感觉毫无意义。但是又怕我的家人们伤心，我不知道怎么样能够做的更好。
0	0	0	0	0	0	0	0	0	0	0	1	她怎么可以如此伤害我啊 我做错了什么 每天被嘲讽贬低谩骂 你本地人就如此高贵吗 为什么别的寝室都好好的 我却 说话都被打断制止
0	0	1	0	0	0	0	0	0	0	0	0	我怕哪天我就真的这样不见了……变得越来越反感自己了 光是活下去已经用尽全部的力气了
0	0	0	0	0	1	0	0	0	0	0	0	我看看，再糟还会糟成什么样，一起来吧
0	0	1	0	0	0	0	0	0	0	0	0	谁他妈的来救救我，我真的要崩溃了，压力太大。
0	1	0	0	0	1	0	0	0	0	0	0	今天有点开心 可是我害怕 开心永远不属于我 一点点的开心的背后就是无尽的黑暗
0	0	0	0	0	0	0	0	0	1	0	0	走饭啊 今天不知道该说什么了 人真的都挺自私的 现在我还是怕黑&nbsp;&nbsp;还是一个人孤孤单单的 就这样啊 一直到死掉
0	0	0	0	0	0	0	0	0	1	0	0	我为何如此堕落
0	0	1	0	0	0	1	0	0	1	0	0	变得越来越敏感了 以为自己不会在意失败的事情 但别人一提起还是很难过很崩溃 战胜不了自己 鼓不起勇气 觉得自己废了 没有人能倾诉了 只有这里了
0	0	0	0	0	0	1	0	0	0	0	0	我朋友说 终于明白为什么你刚来宿舍的时候那么多东西不会了 因为你被保护的太好了 我也觉得啊 我以前真的是被保护的太好了 有男朋友保护 家里也不缺钱 和和睦睦的 可是男朋友背叛我了 家里生意也出经济问题了 这些事情都一起来的 他们把我压迫了 强制性把我换性格了淚
0	0	1	0	0	0	0	0	0	0	0	0	感觉被生活压的喘不过气了，瞪着眼睛熬到天亮，即便困得流泪。在想，我们这么活着是为了什么呢，有什么意义啊，苦多甜少，还要这样，为了生存而生存吗？
0	0	0	0	0	0	0	0	0	1	0	0	为什么我被欺负了总是不会发飙，她太恶心了
1	0	0	0	0	0	0	0	0	0	0	0	今天的自己 充滿了怨恨⋯憤怒⋯⋯⋯每天不是難過 就是憤怒 我到底該怎麼走出來 我快被自己的腦子逼瘋了
0	0	0	0	0	0	0	0	0	1	0	0	对方是个很容易接受别人的人，我不行，我做不到，我大概是个自闭儿
0	0	0	0	0	1	0	0	0	0	0	0	真的没有人会在意我 我死了也无所谓
0	0	1	0	0	0	0	0	0	0	0	0	工作被排挤，家里人不想我留家里啃老，房价太高，恐婚，看不见未来，如果明天六点起来我还是这种心情，那我选择死亡
0	1	0	0	0	0	0	0	0	1	0	0	胆小 懦弱 一无是处的人啊
0	0	0	0	0	0	0	0	0	0	1	0	我现在真的太怕回应别人的喜欢了，就感觉好像一直在辜负他们，辜负任何人，我记得大学毕业的时候，我是想去外面的，可是我也不知道为什么就留在了县城，我把自己的生活过的一点都不像以前想的，然后在这样的生活里面渐渐的不知道自己到底应该做什么？我真的真的太需要一个拥抱也太需要一份目标了
0	0	1	0	0	0	0	0	0	0	0	0	忽如其来的恐惧像阴影一样罩在我身上无法脱离，这种窒息感让我感觉自己随时会死去失望
0	0	1	0	0	0	1	0	0	0	0	0	饭饭 我之前一直觉得为失恋那么痛苦的人很可笑 可是现在我离开他真的太悲伤难受了 我失去最后一根救命稻草了
0	0	0	0	0	0	0	0	0	0	0	1	我妹一早起就开始看电视，一直到现在，还在那屋扑腾的跳，跺的地板响，还发出怪声音笑，简直吵死了，烦死了，真想一脚给踢出去
0	0	0	0	0	0	0	0	0	1	0	0	研没考上 工作也找不到 我这个垃圾
0	1	1	0	1	0	0	0	0	0	0	0	我好像每天都在期待意外死亡&nbsp;&nbsp;我也不知道为什么 感觉每个人对我但是不好的 每个人都排挤我讨厌我&nbsp;&nbsp;我在哪里都是多余的&nbsp;&nbsp;我每天白天但是要开开心心的我真的好难受&nbsp;&nbsp;我到了晚上我就特别想哭&nbsp;&nbsp;我觉得做人真的好难好难.....
0	0	1	0	0	0	0	0	0	0	0	0	讲出来太累啦， 想过了 就那样一天一天下去 承受不住的时候 就离开 带着这些年所有的难过 离开
0	0	0	0	0	1	0	0	0	0	0	0	生病了才发现其实我一个朋友也没有……
0	0	1	0	0	1	0	0	0	0	0	0	你全身而退，我满盘皆输。高健，你赢了呀，可我怎么办呢？我活着真的一点意义都没有了。
0	0	1	0	0	0	0	0	0	0	0	0	每天都让人觉得生活无望
0	0	0	0	0	0	0	0	0	1	0	0	又是哪个猪蹄子啊？想归想但是这个时间你不睡觉伤身体啊喂，快给我睡觉(ﾉ｀⊿´)ﾉ
0	0	0	0	0	0	0	0	0	1	0	0	其实我愧疚的点在于，我知道我父母给我花的多，给她花的少，我钱花的多得到的东西也多，但我看不见的付出的也不少，比如在这个家，我只能偷偷摸摸，像做贼一样去“享受”这些“战利品”，如果我们姐妹花的一样，我就能光明正大的，但在金钱上能利用的就少了很多，所以啊，一切都是平衡的
0	0	0	0	0	0	0	0	0	1	0	0	下周又得去开药了，开一次药没4分之1生活费。我太败家了
0	0	0	0	0	1	0	0	0	0	0	0	心情很糟糕，怀疑男朋友身心出轨，想分手，但经济还没独立，烦
0	1	0	0	0	0	0	0	0	0	0	0	又来这儿了，成年人的世界总有发泄不完的负面情绪，总有愤愤不平你， 好像就这样没人在乎的死去
0	0	0	0	0	0	0	0	1	0	0	0	我不该来到这个世界
0	0	1	0	0	0	0	0	0	0	0	0	无所谓了吧 四月的春天都救不了我 站在太阳下面 我只觉得遗憾 如果能重来 我会做的好一点吧 唉 无所谓了 我用棉花塞满了我的伤口 日复一 等到他们溃烂的一天 就不要说我没有坚持过吧 起码现在的眼泪 都是为坚持而流的
0	0	1	0	0	0	1	0	0	0	0	0	遇到好笑的哪怕一点点小事我都可以笑半天，不是因为笑点低，我只是假装快乐告诉自己开心起来，但是内心沉的不行在乎别人的想法，一举一动，经常觉得在为别人活着，生活也就没有意义，拼命想融入集体，但是每次都失败也就放弃了一个人自言自语做事散步，玩游戏 谢谢，对不起 经常说但是还是有人说自己
0	0	0	0	0	1	0	0	0	1	0	0	我好没用 蠢人不配过得轻松 只能一直付出很多很多无用功
0	0	0	0	0	0	0	0	0	0	1	0	从初三到现在，我求救了好多次了，15年的时候，我拥有了你，拥有了光，可是我不好，把我的光推开了，对于你来说，这几年，其实很难受吧，最后还要在我身边，没办法和喜欢的人在一起
0	0	0	0	0	0	0	0	0	1	0	0	我讨厌这个肮脏的世界，我讨厌那些肮脏的人，
0	0	1	0	0	0	0	0	0	0	0	0	十几二十岁的时候，我就开始整天想死，那时就诊断为抑郁症，过了十几二十年，快四十岁了，还是一遇到不想面对的事情时，就想离开这个世界，死的念头一直没停过，想的最多的是，如果没来过这个世界，那该多好啊。
0	0	0	0	0	0	0	0	0	1	0	0	有时候我很想像以前一样，哇的一声大哭出来。但是我突然发现我没眼泪了，麻木了。想一个布偶娃娃，感觉不到人间情味了
1	0	0	0	0	0	0	0	0	0	0	0	要么让我快点好起来，要么让我得个绝症，要病就病得彻底一点
0	1	0	0	0	0	0	0	0	0	0	0	工作不顺心，和同事也处的不开心，好像从来都不合群，又渴望合群。
0	0	1	0	0	0	0	0	0	0	1	0	饭。今天外面一直在下雨，然后突然之间就停电了，我爸妈说她们觉得我有性格缺陷，他们无法理解，我会动不动就拉黑别人删除别人，我总是喜欢活在过去的事情里面，然后无法自拔，然后自我折磨。其实我也知道我所有的压力都来自于我自己，可是事实上，我连一点改变都做不了，我真的真的太讨厌现在的自己了
0	0	1	0	0	0	1	0	0	1	0	0	感觉自己好没用，把身份证掉了，去补的路上受不了自己，边走边哭。我感觉快要坚持不下去了，我这种人为什么还要活着 点点事情都做不好
0	0	0	0	0	0	0	0	0	0	1	0	同样的日子，为什么别人过得开心，而我天天挑剔，一定是我的过错
0	0	1	0	0	0	0	0	0	0	0	0	走饭，我暴食了，我不敢说，我真的好难过。活着真的好累
0	0	0	0	0	0	0	0	0	0	1	0	我并不善良，当我选择死亡的时候，我就把父母朋友放在了接受负面的影响里了，非常对不起他们
0	0	1	0	0	0	0	0	1	1	0	0	我是一名双相情感障碍患者，我跳楼自杀了却活下来了，耗费了钱财，耗费了亲人的精力，在恢复期的我却还是天天难过，自卑自哀觉得自己不该活着，自己不堪入目的灵魂就应该被炸掉就应该粉身碎骨。
0	0	0	0	0	0	0	0	0	1	0	0	今天又被喜欢的人否定质疑了 唉 他可是我的小太阳啊给我希望给我光 每次被凶总觉得是自己的错 可我不想解释了好累啊 今天又下雨了 不该奢求会有人来拯救我 我只会变成别人的负担 我明明也不想哭啊为什么 我怎么这么软弱 我又想偷偷离开了可是我不敢
0	0	0	0	0	1	0	0	0	0	0	0	记忆力越来越差了 是不是有一天谁也不记得了&nbsp;&nbsp;是不是更好
0	0	0	0	0	1	0	0	0	0	0	0	然而你要明白的是 你的父母不可能成为你理想中的那种完美周到的样子 他们不会改变 你要做的就是逃 能逃多远谈多远 再也不要回来了 再也不要靠近他们了
0	0	0	0	0	0	1	0	0	0	0	0	我多羡慕你的决心。我真的好累。我好想死。我真的好想死 我受不了了
0	0	0	0	0	0	0	0	0	1	0	0	饭我太没出息了，都不知道到底为什么在哭，明明今天心情还可以的
0	0	0	0	0	0	0	0	0	1	0	0	好颓废 不想活了🙃
0	0	1	0	0	0	0	0	0	0	0	0	如果你能看到我的内心 你会发现它早已经千苍百孔了 生活已经让我伤痕累累了。
0	0	0	0	0	1	0	0	1	0	0	0	像我这样的理想主义者根本就不适合活在这个世界上吧
0	0	1	0	0	0	1	0	0	0	0	0	比昨天更喜欢他了&nbsp;&nbsp;好像毒药一样&nbsp;&nbsp;会上瘾&nbsp;&nbsp;我发现我好像戒不掉了&nbsp;&nbsp;我是不是太贪恋他了&nbsp;&nbsp;突然觉得这辈子活的真累
0	0	0	0	1	0	0	0	0	0	0	0	上班好像又被针对了，别人让我学聪明点，可我真的不知道要怎么才叫聪明
0	0	0	0	0	1	0	0	1	1	0	0	我也在等这样的人出现，但是又觉得如此不堪的我，应该不会有人接近。
0	0	0	0	0	0	0	0	0	1	0	0	觉得自己变得越来越冷漠了&nbsp;&nbsp;坐地铁旁边有个人没站稳倒我身上&nbsp;&nbsp;&nbsp;我竟然 懒得去扶一下&nbsp;&nbsp;&nbsp;让她自己扶着我站起来的
0	0	1	0	0	0	0	0	0	0	1	0	胡扯，累死了，每天自责恐惧，身体病痛折磨，我还是早早规划一下，早日脱离苦海
0	0	0	0	1	0	0	0	0	0	0	0	我的同事可能会觉得我阴郁吧，看起来奇奇怪怪的样子
0	0	1	0	0	0	1	0	0	0	0	0	我巴不得现在就死掉算了，不然还要害怕每一个明天情绪崩溃的时刻，我真的受不了了，我忍不住了
0	0	0	0	1	0	0	0	1	0	0	0	闹了这么一通，我在房间却听到我妈和弟弟妹妹很开心很开心的大笑。叫了我一天没起床她的态度称呼就开始变得烦躁埋怨。 碰到摆了一床的玩偶，我想如果我死了，它们该怎么办，衣服可以烧点，书可以送人，可是这些玩偶陪了我这么多年已经旧了过时了，如果我死了，它们应该会出现在垃圾堆吧。
0	0	1	0	0	0	0	0	0	0	0	0	这些年依然生活在黑暗中，可是却已经不想要阳光了，担心能够触及阳光的时候，就会害怕一旦失去阳光重回黑暗，那种感觉比从未拥有更加难受
0	0	0	0	0	1	0	0	0	0	0	0	一天没有吃饭了，不饿，也不想吃，希望今天晚上睡着后可以猝死，不用醒来了。手机里留好了告别信，以防万一我突然的离开，也可以减轻他们的痛苦，为我开心。当然，还是希望我醒不过来吧。
0	1	0	0	0	1	0	1	0	0	0	0	我真是记性差到极点，记忆混乱到极点，脾气差到极点，心情差到极点，干什么都不行
0	0	0	0	0	0	0	0	1	0	0	0	我不配拥有好运气好心情
0	0	0	0	0	0	0	0	0	1	0	0	然而她不知道我这些年怎么过来的。初中知道了，当时真的自己非常嫌弃自己，觉得自己脏了，真的...被性侵过后伤害是永久的，还会有二次伤害。我感觉自己要疯掉了，太难受了
0	0	0	0	0	0	0	0	0	1	0	0	我也很自卑，是真的真的自卑，多希望不要有优秀的人出现在我的世界里
0	1	0	0	0	0	0	0	0	0	0	0	近两年我的新年愿望生日愿望都是希望家人朋友身体健康，可今年大舅走了，所以愿望只能是愿望根本不会实现。我一个26岁的成年人了。居然还像个孩子一样相信愿望。
0	0	0	0	0	0	0	0	1	0	0	0	今年第不知道多少次的崩溃，或许我本来就不该存在
0	0	1	0	0	0	0	0	0	0	0	0	自己停了药，情绪完全崩溃，真的活着好累，为什么死不了为什么？活着一天折磨我一天
0	0	1	0	0	1	0	0	0	0	0	0	想活着，但是为什么我爱的人都要逼我呢！一次又一次，我真的不知道怎么办了，要不是还有一大堆事情没有做完，我希望真的可以就这样睡着睡着就不要再醒过来了，来带我走吧，我走了他们就不会烦了
0	0	0	0	0	0	0	0	0	0	1	0	讨厌这样的自己，又改变不了这样的自己。。是因为寂寞吗？
0	1	0	0	0	1	0	0	0	0	0	0	嗯对，坚持有什么用呢，反正都是苦难
0	0	1	0	0	0	1	0	0	0	0	0	失去了工作能力 没办法和人交流&nbsp;&nbsp;能干什么工作呢
0	0	1	0	0	0	0	0	0	0	0	0	我该对谁说我生病了，是心里有病的那种，不想见熟人，不想回消息，不想回电话，我不想这样的。我已经很努力在装作自己很乐观积极向上了，真的有很努力了，可是我还是会忍不住动那个念头，好难继续装作乐观积极，感觉自己快疯了
0	0	1	0	0	0	0	0	0	0	0	0	饭饭，你知道吗，其实我有很长一段时间无比厌恶自己。现在也是。可是，我只有在这种厌恶里才能觉得自己是真实存在的，好难过，好像真的快坚持不了了，这么恶心的自己。自己都不想在看到了
0	0	0	0	0	0	0	0	0	1	0	0	谁叫我是穷鬼
0	0	0	0	0	0	0	0	0	1	0	0	可是我就是很笨啊，
0	0	0	0	0	0	0	0	0	1	0	0	抱有这样想法的他们才是有病
0	0	1	0	0	1	0	0	0	0	0	0	反正没办法控制情绪了 我一定要好起来啊 或者千万不要好起来啊 越来越糟才更好
0	1	0	0	0	1	0	0	0	0	0	0	有没有这样一个人，他/她的离开，让你觉得自己的灵魂也缺失了一块……这一块不是时间能弥补的...没了就是没了…… 一次次的转世轮回，就为了寻找这一块，也许这世依旧找不到，也许来世也可能找不到... 依旧执念的寻找，直到找到缺失的这一块，也许再也找不到，直到自己的魂魄灰飞烟灭……
0	0	0	0	0	0	0	0	0	1	0	0	我只敢在评论里叫嚣我的抑郁，却不敢发圈，我想我是一个懦弱的孤独患者
0	0	1	0	0	0	0	0	0	0	0	0	抑郁症是穷人病吧，日复一日的机械劳作，一言难尽的家庭琐事，突如其来的恶意。
0	0	1	0	0	0	0	0	0	0	0	0	每天难过的偷偷崩溃大哭，和好朋友说她们也只是当我夜来非而已，我真的好累了，我好累了，我连出门看太阳的力气都累的没有了，我好想就这样一觉睡过去别醒来了，就这样好好睡一觉，睡到下辈子……
0	0	0	0	0	0	0	0	0	1	0	0	对不起，我活着很卑微，等那天我不想卑微了就会离开这个世界
0	0	0	0	0	0	0	0	0	0	1	0	一切都是因为我变糟的
0	0	0	0	0	0	0	0	0	0	1	0	我的存在就是错的
0	0	1	0	0	0	0	0	0	0	0	0	被男朋友骗了几十万 自己又是抑郁症 你要我怎么活
0	1	0	0	0	0	0	0	0	0	0	0	为什么不幸的总是自己呢？他们总说你这算什么事。是啊，都是压死我的稻草
0	0	0	0	0	0	1	0	0	0	0	0	好丧啊，一点小事就想死
0	0	0	0	0	0	0	0	0	1	0	0	可是谁又能来到我这个一事无成，一身负能量，坏脾气，长得黑瘦还丑的人身边呢？
0	0	0	0	0	0	0	0	0	1	0	0	觉得自己很没用，好端端的就是不停流眼泪，死了就不会有痛苦了吧
0	0	0	0	0	0	0	0	0	1	0	0	我该选择信任么？我该怎么信任？是我想的太多了吗？为什么可以那么残忍？我到底算个什么东西？
0	0	1	0	0	0	0	0	0	1	0	0	有些女生真令人恶心，为了个男的去欺凌其他女孩子，还拍视频，是不是应该感谢她们为报警提供了证据，具体事宜我还要和她商量，可我觉得她应该不会报警，因为后续的报复，我！咬牙切齿！这个社会真的是糟糕透了
0	0	0	0	0	0	0	0	0	1	0	0	忽而开心 忽而难过，神经病一样，我只想挨打，可以被人打死那种
0	0	1	0	0	0	0	0	0	0	0	0	"今天是我的22岁生 可是我为什么这么难受 这么压抑 跟朋友在一起还假装很开心 偷偷的趁姐妹在洗澡 划了几下舒服多了 为什么人活着要这么难啊 <a  alt=""http://t.cn/E6CqBs8"" suda-uatrack=""key=transmit_pic&value=transmit_pic_minicard"" href=""javascript:void(0);"" action-type=""widget_photoview"" action-data=""object_id=1022:2305977a05958885e9e11e7959c01702d80344&pid=c4b5149fly1g1wnol8clrj20u0140wow&mid=3424883176420210&cid=4359264354796888&short_url=http://t.cn/E6CqBs8"" imagecard=""pid=c4b5149fly1g1wnol8clrj20u0140wow""><i class=""W_ficon ficon_cd_img WBficon"">¡</i>评论配图</a>"
0	0	0	0	0	0	1	0	0	0	0	0	希望我们都能快点，再快一点，从情绪的漩涡里走出来，不求我能立马积极的面对人生，只要能比昨天更好一点，就好了。我真的好焦虑，一想到要去培训出差，收拾行李，我就紧张的心快跳出来了。
0	0	1	0	0	0	0	0	0	0	0	0	走饭 越来越多的时间我情绪开始崩溃了 其实我也不累生活也挺好的没有太多的磨难可是就是没什么好活的了希望到时候我也能鼓足勇气结束吧
0	0	0	0	0	0	0	0	0	1	0	0	就让我做个恶人吧
0	0	0	0	0	1	0	0	0	0	0	0	没有人会真的喜欢我
0	0	1	0	0	0	1	0	0	0	0	0	后天休息日要去加班&nbsp;&nbsp;好痛苦
0	0	0	0	0	1	0	0	1	0	0	0	如果我自杀了，应该很多人会笑话我吧
0	0	1	0	0	0	0	0	0	0	0	0	我2月份因为考研成绩不理想一度情绪崩溃到怀疑自己真得了抑郁症了，我曾经有过一次全世界都崩塌了经历，这次跟上次比其实差不多的奔溃，我加了几个抑郁症患者的群，然后看他们在群里的对话，我发现我跟他们不一样的时候心里突然好高兴好高兴，因为我没有患抑郁症，我只是偶尔抑郁，还是可以被治愈的。
0	0	0	0	0	1	0	0	0	0	0	0	永远也等不到那个真正爱我的人
0	0	0	0	0	1	0	0	0	0	0	0	不要再等了 不会有人拉你一把的
0	0	1	0	0	0	0	0	0	0	0	0	厌恶这世上的人，事，厌恶所有的一切，包括我自己本身，想死，真的想死…
0	0	1	0	0	0	0	0	0	0	0	0	最近我是怎么了 内心老是莫名焦虑 烦躁 沉不下心 我究竟在焦虑什么啊 这样子好难受啊 这样的一天天过的好痛苦啊
0	0	0	0	0	0	0	0	0	1	0	0	世界上多的是两条腿的恶人
0	0	0	0	0	0	0	0	0	1	0	0	我不喜欢现在的自己&nbsp;&nbsp;纠结&nbsp;&nbsp;懦弱&nbsp;&nbsp;胆小&nbsp;&nbsp;我发现&nbsp;&nbsp;就这么盯着手机我能坐好久&nbsp;&nbsp;我比昨天更喜欢你了&nbsp;&nbsp;抱歉我遇见不到最好的自己&nbsp;&nbsp;愿来世不在为人
0	0	1	0	0	0	1	0	0	0	0	0	嗯…其实我也知道平时走在大街上别人怎么想我的。但是我忍受不了我爸妈这么说我，真的会崩溃
0	1	0	0	0	1	0	0	0	1	0	0	饭，好久没来了，我发现我再怎么努力让自己正常起来也还是没用，情况时好时坏，我再怎么努力稳定也没用，幻觉，幻听，还有梦里见到的她，好像都来了，莫名的哭，就像疯子一样，我都快受不了自己了
0	0	1	0	0	0	0	0	0	0	0	0	其实有时候我也会把自己关在房间里，关灯拉上窗帘，只有黑暗陪着我，我自己一个人躲在被子里失声痛哭，心情压抑到了极点，不知道为何很喜欢这种感觉
0	0	0	0	0	1	0	0	0	0	0	0	我注定一生孤独
0	0	0	0	0	0	0	0	1	0	0	0	是我不值得
0	0	0	0	0	0	0	0	0	1	0	0	不敢去看病，怕不是抑郁症，没有哭的理由了，我很懦弱的，但是没有人知道，我也不喜欢和陌生人讲话，也没有人知道，他们会说我很懦弱的
0	0	0	0	0	1	0	0	0	0	0	0	自己是个抑郁症病人，没人爱也不敢爱人，怕耽误别人
0	0	0	0	0	1	0	0	0	0	0	0	同样别人也不喜欢我。
0	0	0	0	0	0	0	0	0	1	0	0	我好没用 还长的丑
0	0	0	0	0	0	0	0	1	0	0	0	或许我这种抑郁症患者就不该去接触这种特殊群体，我以为他的阳光他的自信能让我摆脱黑暗，却没想到他带给我的是更多的痛苦，人心都是会变的，是我把军人想的太好了
0	0	0	0	0	0	1	0	0	0	0	0	我就是太依赖她了，不光是依赖她，还依赖身边的每一个人，只要有人稍微对我的态度跟以前不太一样了，我就难过
0	0	1	0	0	0	0	0	0	0	0	0	我为什么要醒，睡着的时候没有任何情绪是我最开心的时候，醒来了就各种丧，各种不开心。为什么要醒呢，死去了，永远醒不了多好呢。
0	0	0	0	0	0	1	0	0	0	0	0	今天又被班主任训了。。我真的好累 快要崩溃了
0	0	0	1	0	0	0	0	0	0	0	0	我啊，就像拿了一个放大镜在看生活，所有的苦难不易都加倍放大了折磨着，我的那一点点的快乐却毫无感觉，甚至一点快乐过后又是无尽的丧…
0	0	0	0	0	1	0	0	0	0	0	0	没人在乎我
0	0	0	0	0	0	0	0	0	1	0	0	明明已经快忘记讨厌的人长什么样子了 自己却去翻相册看到 然后一直在脑子里转悠 我真的很恶心 我为什么会遇见你 遇见她 拜托放过我吧 我就想每天开开心心的笑呀 健健康康的就行
0	0	0	0	0	0	0	0	0	1	0	0	我真的觉得自己烂透了
0	0	0	0	0	0	0	0	0	1	0	0	受不了，最恶心的竟然是自己的家人，或许算不上家人吧？器官捐赠，我连遗体都不想留给她们了
0	0	0	0	0	0	0	0	0	1	0	0	好讨厌一个人 讨厌到想打她 人生已经很痛苦了 为什么还要出现恶心的人呢
0	0	0	0	0	0	0	0	1	0	0	0	应该不可以啦 我没办法和别人在一起
0	0	1	0	0	0	0	0	0	0	1	0	今天又特别苦闷，看着别人都积极向上的生活。自己每天颓废，想使力气，可又对一切都提不起兴致，我连我极度热爱的小说都看不进去了。一次一次努力失败，我现在开始嫌弃自己，越来越嫌弃。我舍不得我爸妈。我觉得我对不起他们。每天都又痛苦又苦恼。
0	0	0	0	0	1	0	0	0	0	0	0	我和这个世界根本就格格不入八字不合。我就像个局外人
0	1	0	0	0	0	0	0	0	0	0	0	我们家人之间从来没有内心的交流 就算我想说 我妈也马上转移话题了 或许她真的不想聊吧
0	0	0	0	0	0	0	0	0	1	0	0	我怎么会这么丧
0	0	0	0	0	0	0	0	0	1	0	0	反正交友app只是撩骚。我自己这么差劲什么人会喜欢啊哈哈哈哈哈。
0	0	1	0	0	0	1	0	0	0	0	0	难过，刚到上海，找工作太难，家人又催，我也找不到合适的工作，真的快要崩溃了，我怕熬不过来
0	0	0	0	0	1	0	0	0	0	0	0	饭饭，我想告诉别人我难过，可是她们一定不会理解我的，我的伤心就是自己矫情，我莫名其妙的难过，我喜欢的东西很喜欢，可是放下之后，就又情绪不好，我想一直睡着，不想起来
0	0	1	0	0	1	0	0	0	0	0	0	这个世界不会好了伤心
0	0	0	0	0	1	0	0	0	0	0	0	酒精能暂时摆脱焦虑 但是第二天焦虑还是会在那里等你 伴随着宿醉反应
0	0	1	0	0	0	0	0	0	0	0	0	看电影新闻看到谁谁死掉了，我都羡慕死了，不用再活下去了，多好啊，我下辈子绝对不会再来到这个世界上了，我也好想知道为什么会这样，为什么别人就可以每天都积极向上快快乐乐，我就不行，我的快乐哪去了，快让我死掉吧
0	1	0	0	0	1	0	0	0	0	0	0	还是都糟透了 什么都做不好 什么都不顺意
0	0	0	0	0	0	0	0	0	0	1	0	自我厌恶到了极致，恶心，恶心恶心。怎么这么恶心。从不堪变成恶心。
0	0	0	0	1	0	0	0	0	0	0	0	我寻思着我妈觉得我的存在就是影响我的病最大的因素
1	0	0	0	0	0	0	0	0	0	0	0	人生真的是 一场赌博 赌输了就是悲剧 赌赢了才是喜剧 赌的时候总在为自己找借口 不会输的 无所谓的 拼一把吧 然而有多少人满盘皆输后抱头痛哭 隐匿在无尽的人海里
0	0	1	0	0	0	0	0	0	0	0	0	饭，我和他约了晚饭，在我们领结婚证那天庆祝的餐厅。整整一个月了，信终于写完了，我可以走啦……饭，我能见见你么，你愿意的话凌晨的时候在路口等等我好么，我想抱着你哭一哭。你那里真的没有痛苦对么，不管有没有，这里的，我负担不起了……
0	0	1	0	0	0	0	0	0	0	0	0	我看不到未来 一想到以后就压抑 无助
0	0	0	0	0	0	0	0	0	1	0	0	人家说我很浮躁&nbsp;&nbsp;&nbsp;我是无能加浮躁&nbsp;&nbsp;真差劲
0	0	0	0	0	0	0	0	1	0	0	0	我这种人真不应该活着
0	1	0	0	0	0	0	0	0	0	0	0	我买啥东西啥东西缺货
0	0	1	0	0	0	1	0	0	0	0	0	饭饭，我想死了，我熬不下去了，为什么会这样，真心错付。。。我没有东西可以撑着我活下去了。。。
0	0	1	0	0	0	0	0	0	0	0	0	饭，黑狗没有撕咬我的时候，我以为我是个正常人，可都是错觉，都是错觉，它还是轻易的把我扑倒，撕咬着我，嘲笑着我。白天我高兴的和老朋友打游戏，晚上已经哭了两三次了。盖着被子，我在想能不能用被子窒息死亡，戴着耳机，我在想能不能用耳机线致人死亡，我把耳机线缠在脖子上，然后就哭了，为什么哭
0	0	1	0	0	0	0	0	0	0	0	0	一切都好糟糕。
0	0	1	0	0	0	0	0	0	0	0	0	又冷又饿&nbsp;&nbsp;&nbsp;想下去吃点东西&nbsp;&nbsp;家里一群人乐乐呵呵的聊着天&nbsp;&nbsp;我怕我下去她们见到我又是各种刨根问底&nbsp;&nbsp;&nbsp;说话的力气都没有&nbsp;&nbsp;所有的朋友在你患难的时候都悄无声息了&nbsp;&nbsp;&nbsp;家人也在背后到处各种大肆宣扬我有病我差点死掉&nbsp;&nbsp;&nbsp;&nbsp;情绪失控&nbsp;&nbsp;&nbsp;各种想哭&nbsp;&nbsp;&nbsp;躺着眼泪就没停过&nbsp;&nbsp;想想以后要每天吃药都难受 好累 活着好辛苦
0	0	1	0	0	0	0	0	0	0	0	0	坐著想哭 站著想哭 躺著想哭 吃飯想哭 看電視想哭 總是想哭 到底該怎麼辦
0	0	1	0	0	0	1	0	0	0	0	0	2018年我知道我挽不回他 然后自己去了另一个城市 去看了很多风景 我以为我还是可以很快乐 但夜晚来临之时 我还是一个劲哭 哭几个小时 然后吃错东西就直接食物中毒进医院了 
0	0	0	0	0	1	0	0	0	0	0	0	好想藏到一个没有人的地方去 当初再走最失落的时候，你离开了我 那这辈子再也不可能了 谁会喜欢满满负能量的我啊
0	0	0	0	0	0	0	0	0	1	0	0	是个疯子，死了不痛，先下去给朋友们探探路
0	0	0	0	0	0	1	0	0	0	0	0	饭啊 带我走吧 好难过 好崩溃 好难
0	0	1	0	0	0	0	0	0	0	0	0	今天为什么还活着还不能死掉啊
0	0	0	0	0	0	0	0	0	1	0	0	我有好多委屈想要和你说啊 但我又有什么资格 瞧我现在，人不像人 鬼不像鬼
0	0	0	0	0	1	0	0	0	0	0	0	生活不会好起来的
0	0	0	0	0	0	1	0	0	0	0	0	坐公交使我焦虑 早起也使我焦虑 就想快进 不用睡觉就好了
0	0	0	1	0	0	0	0	0	0	0	0	有人爱，有人关心，可我就是觉得很难过，很难过
0	0	0	0	0	0	0	0	0	1	0	0	感觉自己就像一个feiwu可还行
0	0	0	0	0	0	0	0	0	1	0	0	我真的太懦弱了
0	0	0	0	1	0	0	0	0	1	0	0	看到下面有条评论：我只是想要被爱。可是，我想要真诚地被爱，虚情假意，像对个消遣品一样随意对待，当我好欺负吗？可是，我还是这样被人欺负了。好没意思，人生啊。
0	0	1	0	0	1	0	0	0	0	0	0	人间不值得，你也不值得。
0	0	0	0	0	1	0	0	0	1	0	0	我啊 一无是处 甚至尝试过自杀 但没成功 嘻嘻 我的胃病越来越痛 抑郁也越来越严重 但是我不想治疗 我想放纵一把 我做好了面对死亡的准备 但我没有直面生活的勇气 或许这会被别人嘲笑吧 不过 无所谓了 如果哪天我删除了朋友 注销了账号 别担心 我只是想去找走饭聊聊天 我只想去看看那个世界的样子
0	0	0	0	0	0	0	0	0	1	0	0	我就是很容易对人产生依赖感啊 真是没用 或许那哥哥并不愿意和我聊下去吧 也许他只是出于礼貌 毕竟我对他来说。只是一个陌生人而已啊
0	0	0	0	0	0	1	0	0	1	0	0	好难受，我真的好多余，明明答应过她，不会再有这个念头的人，可是她不知道她和其他男的在房间里吃火锅，之后还聊了两小时天会让我怎么想吗？好累啊。不过你能开心就好了，我不打扰你了，想休息一下
0	1	0	0	0	1	0	0	0	0	0	0	这是一道坎 是永远也逾越不了的坎
0	0	1	0	0	0	0	0	0	0	0	0	饭，他有新欢了，那个女孩子很好很开朗，是能照亮他的女孩子。他好像慢慢变开心了，真好。真的，我一点也不想他，反而替他高兴遇到了一个这么好的女孩。我呢，继续听我的网易云，越来越喜欢黑夜，越来越喜欢心口空空的感觉，越来越上瘾心碎的声音。那种隐隐约约的痛感才能能证明我还还活着，对吧可爱
0	0	1	0	0	0	0	0	0	0	0	0	你知道吗？我很羡慕你，我也很想离开这个世界。可是我怕爸爸妈妈没人照顾，也怕爸爸妈妈伤心，如果哈利波特里像艾玛沃特森那样念一段咒语就能把爸爸妈妈的记忆和所有有关孩子的东西删除那也太好了，我真的活不下去了，真想有一场车祸或者意外把我带走啊，我的爸爸妈妈一定要健康长寿啊。
0	0	0	0	0	0	0	0	0	1	0	0	知道自己很不好很不好，但是，但是呀，每次说想死的时候，眼泪就会很急迫地涌出来。我是希望这是留恋啦，就当是——一个并不幸运的小胖子，对这个很好看很好看的世界的，所能做到的，最深情吧。有一点点想变幸福，我不贪的，说一点点就一点点。悄悄告诉你哦，我买了一个小泡泡机！
0	0	0	0	0	1	0	0	0	0	0	0	不敢期望有人会安慰，不敢成为别人快乐的理由，不敢去面对生活，不想说话，谁也不会发现我不好了，谁也不会在意，尽管想被记得，想被重视，想被放在心里，从未拥有，所以更加珍惜
0	0	0	0	0	0	0	0	0	1	0	0	把生死问题扔给您，我是不是很自私，我是一点责任都承担不了的，我的生死您怎么能替我做主，我向来讨厌这样，没错，我就是个矛盾体，这种矛盾体
0	0	0	0	0	1	0	0	0	0	0	0	我没有爱的人，也没有人爱我
0	0	0	0	0	0	0	0	0	1	1	0	明天太阳依旧会升起&nbsp;&nbsp;&nbsp;卑微和渺小在所有面前都微不足道&nbsp;&nbsp;&nbsp;方法方式不对&nbsp;&nbsp;错的终究是我
0	0	0	0	0	1	0	0	0	0	0	0	断断续续吃了一年的药 并没有感觉到好转 好像拆东墙补西墙每段时间都有不同反应 可能真的治不好吧这个病只能控制 我有家族遗传 已经放弃了 得过且过的 挺矛盾
0	0	1	0	0	0	0	0	0	0	0	0	每分每秒都活在痛苦绝望中想告别这个世界可每天又在坚持活下去曾经想倾诉却被人嘲笑数落
0	0	0	0	0	0	0	0	0	1	0	0	走饭，我和我的男朋友放手了，我是个很强势也很容易操心的人，他呢，正好相反，每次我都仿佛说的事情，他都忘记了，后来太多次我就发脾气了 ，我像个泼妇一样，我觉得我不是我了，我不想要对着一个木偶发火。
0	0	1	0	0	0	0	0	0	1	1	0	为什么我老是不开心，对不起你们要和这么神经质的我相处，对不起你们过去认识的那个我已经不在了
0	0	0	0	0	0	0	0	1	0	0	0	原来到现在了还有这么多人记得她，现在南京通了好多条地铁了，但是还是挤，如果你还在世的话应该还是不喜欢吧。
0	0	0	0	0	0	0	0	0	1	0	0	我其实就是一个小垃圾，也是一个累赘。活着被爱即是牵挂也是束缚，如果我的爸爸妈妈没有把我带到这个世界多好，他们已经有了一个儿子呀，还要我做什么呢
0	0	0	0	0	0	0	0	0	1	0	0	没有值得活下去的动力了，但死去却无法做到全部终结… 我深知人人都负重前行，可我就是一个没办法前进下去的怂货啊……
1	0	0	0	0	0	0	0	0	1	0	0	每天都喊着想死掉想死掉 可依然在这个世界上苟且偷生 不是因为我怕死 而是 自己实在不忍心自己死后家人要痛苦好久跪了 两者之间 总要有一个自私的 一个无私的 他们可能不知道我有多累多难过 他们说我只是病了 可我不愿承认
0	0	0	0	0	0	0	0	0	1	0	0	我伪装成骗子，人们就说我是个骗子。我充阔，人人以为我是阔佬。我故作冷淡，人人说我是个无情的家伙。然而，当我真的痛苦万分，不由得呻吟时，人人却认为我在无病呻吟
0	0	1	0	0	0	0	0	0	0	0	0	我不知道自己还能撑多久，没有路，夜看不到头。上一次这样的境遇状况还是2006～2007，用了近八年才改善，然后只好了两年，又跌入了谷底，总有人说我矫情，其实我有多努力，真的没有人看得到，写这些字的时候，又泪目，眼睛还是肿的，画了眼线和遮盖仍然能看得出。
0	0	0	0	0	0	0	0	0	1	0	0	吐对自己厌恶至极，为什么那么自私愚蠢脑袋又不好使
0	0	0	0	0	1	0	0	0	0	0	0	没有人会在乎我开不开心 大家也都不知道
0	0	0	0	0	0	0	0	0	1	0	0	男人都是大猪蹄子！
0	0	1	0	0	0	0	0	0	0	0	0	我一心情不好就喜欢玩游戏，什么都可以放弃，唯独游戏。结束游戏后，整个世界又麻木空虚，大概是孤独久了
0	0	0	0	0	1	0	0	0	0	0	0	其实 怎么说呢.. 我表面真的很开朗吧 内心却算黑暗吗... 我总是想着如何把一段好的关系给破坏 想着大家是否是喜欢我的 会不会在我背后说我坏话 是不是大家都在虚情假意的跟我做朋友..... 我很烦 我不懂自己在想些什么
0	0	0	0	0	1	0	0	0	0	0	0	生活没有任何意义。
0	0	0	0	0	1	0	0	0	0	0	0	好好保护我 好不好 算了 怎么可能有人一直保护我呢
0	0	0	0	0	1	0	0	0	0	0	0	痛苦地活下去，为了寻找活着的意义必将付出惨痛的代价
1	0	0	0	0	0	0	0	0	1	0	0	不知道自己为什么活着 所以想死去 但我不敢对自己动手 一直苟且偷生到现在
0	0	0	0	0	1	0	0	0	0	0	0	爸爸妈妈根本就不会带我去看病，熬了半年，一点没好，胳膊上还全是疤，昨天晚上不准备活了，可我高估自己了，我疼的哭出来了，趁别人都不知道我得抑郁症了，我能不能装作什么都没发生，偷偷活下来，哪怕以后还是哭到发抖，我真的很害怕别人在背后偷偷议论我
0	0	0	0	0	0	0	0	0	1	0	0	不会的
0	0	0	0	0	0	0	0	0	0	1	0	我听见心里怨毒的说，都怪你还不都是你！ 我听见嘴上温和的说，没事，谢谢
0	0	1	0	0	0	0	0	0	0	0	0	阿饭 我爸妈已经不要我了 我该怎么办 我没有退路了 你把我带走吧 我今天自杀又没死成
0	0	0	0	0	0	0	0	1	0	0	0	这样子的我没有资格和任何人在一起
0	0	0	0	0	1	0	0	0	0	0	0	如果我不在了，是不是一切都会好起来 是不是有我就没有快乐，我不在了，会有人记得我吗
0	0	1	0	0	0	0	0	0	0	0	0	我有时也知道我侵犯了我们家人的界限，但是在那一瞬间，我是控制不了的，我的内心，充实着阴暗的想法，暴躁愤怒，他们那么高兴，我感觉是对我的一种刺激侮辱，心里充实着十万个，凭什么？唉，要哪一天才能好？
0	0	0	0	0	0	0	0	0	1	0	0	怎么能是祸害呢，要相信，你是白菜，他才是猪
0	0	0	0	0	0	0	0	0	0	1	0	饭饭，来看看你，但是总在不断伤害自己，伤害爱我的他，每一天都活在自责和矛盾中，对不起对不起对不起对不起
0	0	0	0	0	0	0	0	0	1	0	0	挺羡慕别人晒自拍在朋友圈 我看着我自己都觉得恶心
0	0	0	0	0	1	0	0	0	0	0	0	想和心里认定的朋友聊天 就是那种比较深度的话题那种 不过我朋友肯定不想聊 因为我容易聊成发散负能量 然后影响她 所以就没办法 很孤独 没人讲话 没有理解自己的人 要和别人成为朋友又挺难
0	0	0	0	0	1	0	0	0	0	0	0	没人喜欢我
0	0	1	0	0	0	0	0	0	1	1	0	饭 又是凌晨3点半 我觉得我已经是个神经病了 连做梦都在否定自己 陷入无休止的恶循环 我还记得那种感受 真的难受 从里到外的厌恶自己 骂自己 越是沉沦 越是难过 越是难过 越是沉溺 我终于懂了 我有一天也会去找你的吧 也不知道你见到我会不会笑话我在你微博底下留了那么多言 也许我根本见不到你
0	0	0	1	0	0	0	0	0	0	0	0	身边还是很美好的啊，为什么我还总想哭。
0	0	0	0	0	0	0	0	0	1	0	0	我真的好没用啊
0	0	0	0	0	0	0	0	0	1	0	0	很多个难熬的夜晚，今晚称最，原谅我今晚的怯懦，我想要喊救命。
0	0	0	0	0	0	0	0	0	0	1	0	都是我不好
0	0	1	0	0	0	0	0	0	0	0	0	我不知道活着的意义是什么，朋友离开上海了，知道朋友见到了她我开始兴奋起来，但往后的几个小时里除了空虚难过和对明天的恐惧之外，我没有任何感觉了。我还没有见到她，她是一个好温柔好真诚的人，可是我觉得我撑不到那一天了。现在外边儿是大太阳，可我就想从楼上跳下去。
0	0	1	0	0	0	0	0	0	1	0	0	我现在很颓废 感情 家里 经济 还有自己的身体 心理 我到极限了 所以告诉我怎么死的快没痛苦？
0	1	0	0	0	0	0	0	0	0	0	0	说结束的话很容易 但结束很难 一直以来都活在这种困难中
0	0	1	0	0	0	0	0	0	0	0	0	我羡慕别人能做自己喜欢的事，想学跳舞，但家里没法支出费用，想买喜欢的衣服，但我喜欢的别人都不喜欢，喜欢吃芝士和蛋糕，但妈妈不喜欢，考了个好学校，因为学费贵去了一个不喜欢的，没人愿意听我的故事，我不敢难过，因为会被说做作，我不敢流泪，因为在父母面前必须坚强，早点结束吧这操蛋的生活…
0	0	1	0	0	1	0	0	0	0	0	0	“人间不值得 但你值…算了。你也不值得。”
0	0	0	0	0	0	1	0	0	0	0	0	实在是太痛苦了，每一分每一秒都是
0	0	0	0	0	0	1	0	0	0	0	0	今天做了错事，都这么大的人了，还什么都做不好，真的不知道自己有什么用
1	0	0	0	0	0	0	0	0	0	0	0	活着是为了开心吗，那如果活着不开心是不是就没必要了
0	0	1	0	0	0	0	0	0	0	0	0	抑郁症就像我掉到海里怎么挣扎都游不上来 时不时的被呛几口水 迎来的只是无尽的黑暗
0	1	0	0	0	0	0	0	0	0	0	0	每天都是这个死样子
0	0	0	0	0	0	0	0	0	1	0	0	我就是个异类，他们容不下异类
0	0	0	0	0	0	0	0	0	0	1	0	一瞬间发现一直都是自己自作多情，从来自己都是一个人，你在期待什么，你就是错的，因为全世界都说你是错的，而你没有顾森西来告诉你，你是对的，果然没有绝对的感同身受，你永远不知道你会给别人带来什么伤害，你永远不知道那样的你有多么可恶
0	0	0	0	0	0	0	0	0	1	0	0	总而言之，我能看到你看不见的，我也能感应到你感受不到的，你身体没了，什么都没了，就是一个穷光蛋
0	0	0	0	0	0	0	0	0	1	0	0	马上就要到清明了，或许真的是喝了酒，醉了之后便觉得心里有好多话想说，但是又怕说错了话，从之前的害怕被领导听见到现在的无所畏惧，或许我是疯了，但依然很难过，因为有些话永远都憋在心底，我真的好想回到学校那会儿，真的不想与人打交道，真的好想简简单单的，好想一切都安好。
0	0	0	1	0	0	0	0	0	0	0	0	所以我现在就解脱是对的，对不对？？活着到底是为了什么？？？我不懂？？是为了经历很多的痛苦吗？可是痛苦太多了，再美好的事情都失去了发现它的心灵呀。。走饭带我走吧。。这个世界真的没有什么可以期待的了。
0	1	1	0	0	1	0	0	0	0	0	0	有时候很想一个人，没有谁在乎我，这样我就可以一个人浪迹天涯，一个人生活，一辈子，现在的我，不上不下，我在乎我似乎只有我的父母，因为他们也在乎我，我不在了，他们难过的样子我想起来觉得也对不起他们，但是，我这个性格已经没救了吧。平时都是虚伪的我，在这里才能展示我内心的另一面。
0	0	1	0	0	0	0	0	0	0	0	0	大哭一场，可是有什么用呢，哭完我还是得面对这个该死的世界，我如果能悄无声息的死了该多好
0	0	0	0	0	0	0	0	0	0	1	0	只有在饭饭这里才能看到与我相似的人，现实中根本没有我这样的人，一个人没有家人朋友对象好奇怪啊，可是我偏偏就是没有，可能所有的错都是我造成的吧
0	0	0	0	0	1	0	0	0	0	0	0	我看我的心结永远都解不开了
0	0	0	0	0	0	0	0	0	1	0	0	我太没用了
0	1	1	0	0	1	0	0	0	0	0	0	每一分每一秒都是痛苦的
0	0	1	0	0	0	0	0	0	0	0	0	我真的不知道生活有什么意义，永远离开多好
0	0	0	0	0	1	0	0	0	0	0	0	真的只想sidiao 不被人理解
1	1	1	0	0	0	0	0	0	0	0	0	31岁，创业五年，一事无成，老婆也不理解我，我也想去了，活着太痛苦
0	0	0	0	0	0	0	0	0	0	0	1	其实我的自卑很大功劳源于我的舍友good
0	1	0	0	0	1	0	0	0	0	0	0	微笑如果你有抑郁症，不要跟你身边的任何一个人说 因为他们都会模式化的告诉你，别开玩笑了
0	0	0	0	0	1	0	0	0	0	0	0	今天下了好大的雨 舍友看着我在雨中走着 没有一把伞愿意邀请我 我只能拼命跑掉
0	0	0	0	0	0	0	0	0	1	0	0	有时候真觉得自己挺差劲的，我妈也说我一点也不阳光传播负能量，可我也不想这样啊
0	0	1	0	0	0	0	0	0	0	0	0	饭你在那边过的还好吗？！我发现我最近有点严重了，什么都不想做，动不动就哭，记忆力反应力都在下降，甚至连我六岁的儿子都不想管了……想去医院看看、又好怕真的确诊了，日子好难过啊，真的好难熬
0	0	1	0	0	0	0	0	0	0	0	0	我好想死，我该怎么办，我觉得好难，我的人生充满了黑暗，我看不到光。生而为人，十分抱歉。如有来世我不希望做人。
0	0	0	0	0	1	0	0	0	0	0	0	我不值得被爱
0	0	0	0	0	1	0	0	0	0	0	0	我觉得我现在好累啊。其实。我挺希望有一个人能够理解我，懂我陪着我宠着我。但是我就是遇不到。
0	0	0	0	0	0	0	0	1	1	0	0	所有人都是自私的，就连父母也一样。呵，这一切也是自己作出来的吧，要是当时忍忍不就过去了。自己活该
0	0	0	0	0	0	1	0	0	0	0	0	饭，昨天我刚被确诊中度抑郁，医生给我开了药我不想吃，我害怕副作用。家里人知道了之后说我什么事都没有，就是自己瞎想出来的病，听到这些话我恨不得即刻去世
0	0	1	0	0	0	1	0	0	0	0	0	抑郁症奇特之处在于，好事会变坏，坏事变更坏，精神世界中的色盲，黑白之间，只有更坏
0	0	1	0	0	0	0	0	0	0	0	0	如果死掉就好了&nbsp;&nbsp;活着就是一件让人难以忍受的事&nbsp;&nbsp;仿佛空气都变得稀薄&nbsp;&nbsp;每时每刻都面对着让人无法忍受的孤独与恐惧
1	0	0	0	0	0	0	0	0	0	0	0	既然不能帮到我就早点放弃我吧
0	0	0	0	0	1	0	0	0	0	0	0	我的快乐维持不了多久就被打回原形
0	0	0	0	0	1	0	0	0	0	0	0	为什么那么多的事情 过了那么那么久 只要写下来 我还是那么的痛呢 为什么啊 想求求时间治愈我 可是我知道我无法痊愈了 之前的都是妄想 我只不过是一遍又一遍的经历着以前的事 一遍又一遍的 想要缝补过去的自己而已
0	0	0	0	0	0	0	0	1	0	0	0	早就该死了不是吗，为什么都要让我自卑到抬不起头来，像我这种人除了死没有别的选择。
0	0	0	0	0	1	0	0	0	0	0	0	大概是没有什么所以特别想要什么吧，想要一个温暖的，干净的家庭，可是我没办法把自己带入，我的病态心理拥有不了健康的家庭
0	0	0	1	0	0	0	0	0	0	0	0	饭饭，我遇到了一个温柔的男孩子，他给我唱歌，教我怎么学英语，安慰我让我好好活下去，熬夜陪我聊天，说我在他眼中只有可爱。我真的很谢谢他，不嫌弃我的一切。可是我，还是不想活下去，我已经祸害了我所有的家人我不想再祸害他这么好的一个人了。
0	0	0	0	0	0	0	0	0	1	1	0	明天要跟室友出去玩 其实我没有很开心 我甚至是不想去的。可我知道我不能这样 我不能总是这么自私 不能总把我奇怪的情绪带给别人 很多时候我控制不了 但也得在我尽力能控制的时候 不要让身旁的人被我影响。大家都是很好的人 坏的是我而已。
0	0	0	0	0	1	0	0	0	0	0	0	饭啊，我突然想找个人谈恋爱，男的女的都行，最好跟我一样，我就想知道两个抑郁症在一起，是互相拯救还是一起走向尽头，我发现两种结局都不变，但是这个世界再也没人能救得了我。
0	0	1	0	0	0	0	0	0	0	1	0	饭，我又来了。我想死，死不起。我好难过，都是我一手造成的。
0	0	0	0	0	1	0	0	0	0	0	0	没有人看得到
0	0	0	0	0	0	1	0	0	0	0	0	我也是。失去了最后一根稻草。连呼吸都困难。
0	0	0	0	0	0	0	0	0	0	1	0	真是厌恶了这世上的一切，尤其是恶心的自己
0	0	1	0	0	1	0	0	0	0	0	0	每次的开心都觉得不属于自己，好像自己就属于悲伤。好想聊聊，和从前一样
0	0	0	0	0	0	0	0	0	1	0	0	也或者是臆想这事儿 是真的烦 我就是个弱鸡 我就是个弟弟
0	0	1	0	0	0	0	0	0	0	0	0	已经累到了极致 我很想睡觉 一闭上眼睛脑海里面就回浮现各种想法 我好孤独啊 我想要健康 我想要快乐
0	0	0	0	0	0	0	0	0	1	0	0	我真够恶心的
0	0	0	0	0	0	0	0	0	0	1	0	明天去见见爷爷和爸爸。说真的，我没脸见他们。我把一切都弄得乱糟糟的。没照顾好奶奶和妈妈，也没照顾好自己。把自己弄成这幅鬼样子，到底都是让所有人失望的。没脸见他们，那只会让我更加良心不安。我为什么成了这个样子?
0	0	0	0	0	0	0	0	1	0	0	0	不，那个日子不好的，我觉得你应该死在温暖的床上，带着幸福的笑脸老死
0	0	0	0	0	0	0	1	0	1	0	0	饭饭 我的情绪又变坏了 我是不是一个很糟糕的人啊
0	0	0	0	0	1	0	0	0	0	0	0	没有人救我
0	0	1	0	0	0	0	0	0	0	0	0	嗨，我来看看你，我今天特别累，明明昨天精力充沛，今天测试，皮脂上来一点，回家吃碳水了，哈哈哈，可是今天好累，没有一点点力气。我的眼泪不知道为什么就是止不住，我想我能坚持到什么时候。我怕我忍不住，我还有父母，我还不到时候呀。我不知道为什么我会是人，会有思维，太痛苦了
0	0	0	0	0	1	0	0	0	1	0	0	恐怖的原生家庭童年的阴影&nbsp;&nbsp;恐怕这下半辈子都治愈不了&nbsp;&nbsp;&nbsp;最困难的时候是迎来血缘关系最难听的话&nbsp;&nbsp;多亏了我不要脸死皮赖脸的跑回来住&nbsp;&nbsp;要不然我还得到处去找地方住 不想活的那么累 要不就躺着不动眼泪要流就让它流&nbsp;&nbsp;奢求一觉睡过去永远不醒
0	0	0	0	0	0	0	0	1	0	0	0	骗了自己很多年啊，觉得他们对我还是爱的，可是此刻突然意识到这个谎言继续不下去了哈哈哈哈我是真的多余的，不该来这世界的允悲
0	0	0	0	0	0	0	0	1	0	0	0	照顾自己就很难了 ，真的不应该去喜欢别人的
0	0	1	0	0	0	1	0	0	0	0	0	饭，我又加快了去找你的步伐。的确，生活没了谁都可以过，可是心被掏空的过活又有什么意义呢……我放弃了。这次不是为了能让他愧疚，让他背负骂名了……是我真的放弃了，这生活太重，我寸步难行
0	0	0	0	0	1	0	0	0	0	0	0	大概就是人间不值得吧
0	0	0	0	0	0	0	0	0	1	0	0	人类真的很恶臭，
0	0	0	0	0	1	0	0	0	0	0	0	我2017年因为一个男孩子自卑 于是减肥绝食 我在我并没有什么抑郁的时候 觉得抑郁症能引起别人注意 于是假装自己是 谁能想到弄假成真。先是精神性厌食症 继而是暴食 百忧解是基础药 但在那时我却觉得自己一切正常 这个死胡同一旦钻进去 没人可以救你 16岁的时候
0	0	0	0	0	0	0	0	0	1	0	0	真希望就这样死了，今天又是恶心的一天，我真的&nbsp;&nbsp;&nbsp;&nbsp;……快坚持不下去了
0	0	1	0	0	0	0	0	0	0	0	0	受够了每天上课到一半崩溃到去厕所大哭 一整天除了在吃药都没有别的记忆，几天几天的睡不着
0	0	0	0	0	1	0	0	0	1	0	0	昨晚睡不着 今天也没胃口吃东西 我在努力的瞒着所有人在进行我的计划 我要顺着他们的意思 让他们觉得我没事了 很好 希望我的离开并不会让你觉得措手不及 我有很多次自杀的念头 我渴望能安静的消失 灭霸为什么不把我带走 也许我这种罪孽深重的人没资格上天堂 也许地狱也会比这个世界让我更自在吧
