非此即彼,以偏概全,心理过滤,否定正面思考,读心术,先知错误,放大,情绪化推理,应该句式,乱贴标签,罪责归己,罪责归他,内容
0,1,1,0,0,1,0,0,0,0,0,0,有时候很想一个人，没有谁在乎我，这样我就可以一个人浪迹天涯，一个人生活，一辈子，现在的我，不上不下，我在乎我似乎只有我的父母，因为他们也在乎我，我不在了，他们难过的样子我想起来觉得也对不起他们，但是，我这个性格已经没救了吧。平时都是虚伪的我，在这里才能展示我内心的另一面。
0,0,0,0,0,0,0,0,0,0,1,0,同样的日子，为什么别人过得开心，而我天天挑剔，一定是我的过错
0,0,0,0,0,1,0,0,0,0,0,0,饭啊，我突然想找个人谈恋爱，男的女的都行，最好跟我一样，我就想知道两个抑郁症在一起，是互相拯救还是一起走向尽头，我发现两种结局都不变，但是这个世界再也没人能救得了我。
0,1,0,0,0,1,0,0,0,0,0,0,已经没什么人心疼我了&nbsp;&nbsp;他也远离我了[伤心]或许真的到了结尾了
0,0,1,0,0,0,0,0,0,1,1,0,为什么我老是不开心，对不起你们要和这么神经质的我相处，对不起你们过去认识的那个我已经不在了
0,0,0,0,0,0,0,0,0,1,0,0,能从什么地点学会聪明呢？怕是到死也是这副笨样子吧
0,1,0,0,0,0,0,0,0,1,0,0,胆小 懦弱 一无是处的人啊
0,0,0,0,1,0,0,0,0,0,0,0,上班好像又被针对了，别人让我学聪明点，可我真的不知道要怎么才叫聪明
0,0,0,0,0,0,0,1,0,1,0,0,自残后感觉自己坏掉了。和周围的人不一样，感觉怪怪的。真切的感觉自己是另类。伤口的疼痛告诉自己还活着，告诉自己过的并不顺心，刚才看佛祖的视频还笑出了声，是不是我作啊，自己作自己，弄出一身伤。
0,0,0,0,0,0,1,0,0,0,0,0,饭啊 带我走吧 好难过 好崩溃 好难
1,0,1,0,0,0,1,0,0,0,0,0,饭饭，你说这个世界怎么可以这么坏呢！我拿着3500的工资被骗了2000，一个以问路为开始，一步一步精心设计好的骗局……我好难过。为什么要在原本已经受伤的心灵上撒盐
0,0,1,0,0,0,1,0,0,1,0,0,变得越来越敏感了 以为自己不会在意失败的事情 但别人一提起还是很难过很崩溃 战胜不了自己 鼓不起勇气 觉得自己废了 没有人能倾诉了 只有这里了
0,1,0,0,1,0,0,0,1,0,0,0,人类的悲欢其实并不相通 甚至人自己都不能理解自己的悲欢 什么关心都是假的 利益 嘴里说着的情啊爱啊 对荷尔蒙的美称 说到底不过是一大坨子化合物 激素和生化反应 我眼界狭隘 所以我就这么理解 而且我认为 都该死 明天该买药了
0,1,0,0,0,0,0,0,0,0,0,0,工作不顺心，和同事也处的不开心，好像从来都不合群，又渴望合群。
0,0,1,0,0,1,0,0,0,0,0,0,每次的开心都觉得不属于自己，好像自己就属于悲伤。好想聊聊，和从前一样
0,0,0,0,1,0,0,0,0,0,0,0,刘建华我喜欢你，可你讨厌我
0,0,0,0,0,0,1,0,0,0,0,0,好累喘气都觉得累
0,0,0,0,0,0,0,0,0,1,0,0,今天我们都是沙雕
0,0,0,0,0,1,0,0,0,0,0,0,真的只想sidiao 不被人理解
0,0,0,0,0,0,1,0,0,0,0,0,我多羡慕你的决心。我真的好累。我好想死。我真的好想死 我受不了了
0,0,0,0,0,0,0,0,0,0,1,0,是我自己把路走成这样的，世间有人有梦想也在为此努力，而我只是度日如年。
0,0,0,0,0,0,0,0,0,1,0,0,哎，懦弱的人啊…那一点点痛苦都承受不了，怎么自杀啊
0,0,0,0,0,1,0,0,0,0,0,0,她过得还是很好，即便我真的用尽心思让她过的没那么好，为什么她做了那么多坏事却是永远在幸运永远在幸福
0,0,0,0,0,0,0,0,0,0,1,0,是我自己把自己过得一团糟
0,0,1,0,0,0,1,0,0,0,0,0,我巴不得现在就死掉算了，不然还要害怕每一个明天情绪崩溃的时刻，我真的受不了了，我忍不住了
0,1,0,0,0,0,0,0,0,1,0,0,我啊是个很糟糕的人呢每认识一个人最后都会离我而去
0,1,0,0,0,1,0,0,0,0,0,0,我一直不觉得这个世界上真的有会男生来喜欢我，即便喜欢了，时间久了也离开了，本来还存在侥幸心理，现在啊，我是真的明白了，不会有的
0,0,0,0,0,0,0,0,0,1,0,0,我是不是很糟糕啊
0,0,1,0,0,0,1,0,0,0,0,0,每到夜晚，对于生活的无力感像鬼一样地缠着我，死亡近在咫尺
0,1,1,0,1,0,0,0,0,0,0,0,我好像每天都在期待意外死亡&nbsp;&nbsp;我也不知道为什么 感觉每个人对我但是不好的 每个人都排挤我讨厌我&nbsp;&nbsp;我在哪里都是多余的&nbsp;&nbsp;我每天白天但是要开开心心的我真的好难受&nbsp;&nbsp;我到了晚上我就特别想哭&nbsp;&nbsp;我觉得做人真的好难好难.....
0,1,0,0,0,1,0,0,0,0,0,0,就好像只有我受苦
0,0,0,0,0,0,1,0,0,0,0,0,头疼 被舍友吵了一整天 吵的我想跳楼 连着吃好几天药还是胃疼 爬马桶上吐了半天什么也没吐出来
0,0,0,0,0,1,0,0,0,0,0,0,那我死了大家都解脱
0,0,0,0,0,0,0,1,0,0,0,0,真好 你那么有勇气 我夹杂在活与死之间很痛苦 活着确实是个令人痛苦的过程 死了也解脱了吧
0,0,1,0,0,0,1,0,0,0,0,0,抑郁症奇特之处在于，好事会变坏，坏事变更坏，精神世界中的色盲，黑白之间，只有更坏
0,0,1,0,0,0,1,0,0,0,0,0,比昨天更喜欢他了&nbsp;&nbsp;好像毒药一样&nbsp;&nbsp;会上瘾&nbsp;&nbsp;我发现我好像戒不掉了&nbsp;&nbsp;我是不是太贪恋他了&nbsp;&nbsp;突然觉得这辈子活的真累
0,0,0,0,0,0,1,1,0,0,0,0,我也好想死，做着自己不喜欢的工作，加上父母不断的催着找女朋友，这几天心情低迷，看着花花世界是越来越没趣，走在阳台上好像从上跳下去。
0,0,0,0,0,1,0,0,0,0,0,0,一天没有吃饭了，不饿，也不想吃，希望今天晚上睡着后可以猝死，不用醒来了。手机里留好了告别信，以防万一我突然的离开，也可以减轻他们的痛苦，为我开心。当然，还是希望我醒不过来吧。
0,0,0,0,0,0,0,0,0,0,1,0,饭饭，来看看你，但是总在不断伤害自己，伤害爱我的他，每一天都活在自责和矛盾中，对不起对不起对不起对不起
0,0,1,0,0,0,0,0,0,0,0,0,饭饭，你知道吗，其实我有很长一段时间无比厌恶自己。现在也是。可是，我只有在这种厌恶里才能觉得自己是真实存在的，好难过，好像真的快坚持不了了，这么恶心的自己。自己都不想在看到了
0,1,0,0,0,0,0,0,0,1,0,0,其实有时候我真的觉得自己是个累赘，每天除了拖累家人什么都做不了
0,0,0,0,0,0,0,0,0,1,0,0,我就像是一坨屎，谁见了都讨厌
1,1,1,0,0,0,0,0,0,0,0,0,31岁，创业五年，一事无成，老婆也不理解我，我也想去了，活着太痛苦
0,0,0,0,0,1,0,0,0,0,0,0,我没有爱的人，也没有人爱我
0,0,0,0,1,0,0,0,0,1,0,0,昨晚还一起看深夜电影接吻在我小区门口抱着半小时不撒手，今天一天都不回消息[微笑]男人都大猪蹄子，大概我只是一条鱼吧
0,0,1,0,0,0,0,0,0,0,0,0,想走了·一天24小时无时无刻的想走想放弃·真的真的熬不住了·永别了·
0,1,0,0,0,0,1,0,0,0,0,0,世界没有一点爱 唉
0,1,0,0,1,0,0,0,0,0,0,0,我真是令大家都讨厌的人啊
0,0,1,0,0,0,0,0,0,0,0,0,特别不想活又特别怕死，每次想着要是一睡再也醒不来了该有多好，每天都不开心，每天都对任何事情感到厌烦，其实我好羡慕身患绝症的人。饭饭，你什么时候带走我，我真的要受不了了啊
0,0,1,0,0,0,1,0,0,0,0,0,情绪上来的时候难过的要死，在楼上恨不得马上跳下去，又忍住好好去吃了药，哭的稀里哗啦
0,0,1,0,0,0,0,0,0,0,0,0,焦慮&nbsp;&nbsp;每天都想跳樓&nbsp;&nbsp;不會鋪床每天都在想
0,1,0,0,0,0,0,0,0,0,0,0,我今天好难过 原以为只是抑郁情绪而已 好像从18年爷爷去世开始我就会莫名其妙的哭 可是我回想一直以来我从来没有开心过 走饭 我该怎么办啊
0,0,0,0,0,0,1,0,0,0,0,0,实在是太痛苦了，每一分每一秒都是
0,0,0,0,0,0,0,0,0,1,0,0,我懦弱的连死亡的勇气都不具备，想过无数次，可每次到那个地方，却又止住了脚步，退了回去，又陷入无尽的折磨当中，我也不知道吃药多少能死透，我也不知道这个过程会有多久，会有多痛，不知道父母该怎么办，我该怎么给他们一个交代，还有我的朋友，和我老师，我亲戚，这么多牵挂啊，什么时候才能抛开
0,0,0,0,0,0,1,0,0,0,0,0,我心跳一下也累。吃饭的时候还会叹气。也很累。
0,0,1,0,0,0,1,0,0,0,0,0,走饭啊，我难过的感觉快要死掉了啊
0,0,0,0,0,1,1,0,0,0,0,0,我不想醒了，我只想永远的睡去，只是还差一个心愿去完成。完成了，我就走了。我的人生已经崩盘了…你等我哦，到时候我们聊聊。^_^
0,0,0,0,0,0,0,0,0,1,0,0,人这一生吧，总没那么的顺，我倒是浑浑噩噩的混了四十一年，曾经最难熬的日子就这么挺过来，现在想想，也无非就是皮糙肉厚，贪生怕死，给自己找个借口开心下，当然，每个人的遭遇不一样，并不试图劝解你，只是想想，十月怀胎好容易挤掉那几亿的兄弟变成了人，哪儿能这么轻易的把自己给交代了呢？
0,0,0,0,0,1,0,0,0,0,0,0,没有抑郁的人谈恋爱也不见得会幸福的，随心吧&nbsp;&nbsp;我觉得
0,0,1,0,0,0,0,0,0,0,0,0,"今天是我的22岁生 可是我为什么这么难受 这么压抑 跟朋友在一起还假装很开心 偷偷的趁姐妹在洗澡 划了几下舒服多了 为什么人活着要这么难啊 <a  alt=""http://t.cn/E6CqBs8"" suda-uatrack=""key=transmit_pic&value=transmit_pic_minicard"" href=""javascript:void(0);"" action-type=""widget_photoview"" action-data=""object_id=1022:2305977a05958885e9e11e7959c01702d80344&pid=c4b5149fly1g1wnol8clrj20u0140wow&mid=3424883176420210&cid=4359264354796888&short_url=http://t.cn/E6CqBs8"" imagecard=""pid=c4b5149fly1g1wnol8clrj20u0140wow""><i class=""W_ficon ficon_cd_img WBficon"">¡</i>评论配图</a>"
0,0,0,0,0,0,1,0,0,0,0,0,有时候脑袋里的细胞动一下，都觉得疲惫
0,0,1,0,0,0,0,0,0,0,0,0,我不知道，我本来还有点怕的，现在越来越无所谓了，死好像变成了我唯一的愿望哈哈哈
0,0,0,0,0,0,0,0,0,1,0,0,研没考上 工作也找不到 我这个垃圾
0,0,0,0,0,1,0,0,0,0,0,0,饭饭，我想告诉别人我难过，可是她们一定不会理解我的，我的伤心就是自己矫情，我莫名其妙的难过，我喜欢的东西很喜欢，可是放下之后，就又情绪不好，我想一直睡着，不想起来
0,0,0,0,0,0,0,0,0,1,1,0,饭我想去找你但是答应了别人要活到暑假的[失望]我真的好自私啊不顾他人的想法哈哈哈[失望]去哪跳楼好呢
0,1,0,0,0,0,0,0,0,0,0,0,最近情绪很不好，已经连续好几晚凌晨一两点才能睡着，一点点声音都难以入睡。 不知道是不是心理疾病，总是情绪失控，动不动就哭。 工作让我很挫败，什么都不会，做也做不好。和爸妈的关系也很差劲，不知道自己存在的价值的是什么。
1,0,0,0,0,0,0,0,1,0,0,0,明明我很好 我一切都很好 身边有重要的朋友有爱我的父母有幸福的家庭 可有时候真的会突然崩溃 会想放弃一起啊！！！！！不应该啊 但也无能为力啊 既不能一直开心的活着 却也不能干净利落的一了百了 毕竟放不下的太多 真的挺希望有一场意外 能带我离开
1,0,0,0,0,0,0,0,0,0,0,0,不能痛快的活也不能爽快的死
0,0,1,0,0,0,0,0,0,0,0,0,唯一合的来说得上话的舍友不在宿舍，觉得这里好恶心，那种蚂蚁在身上爬的难受
0,0,1,0,0,0,0,0,0,0,0,0,我看不到未来 一想到以后就压抑 无助
0,0,1,0,0,1,0,0,0,0,0,0,饭啊，你啥时候带我走啊？真的1活够了活怕了，一天24小时1440分钟86400秒，却没有一刻能够轻松的喘口气为自己而活。无止境的债务，无止境的责任，赚多少钱也填不完家里的洞。我真的放弃了，我已经尽我最大的努力了，还是不行。
0,0,0,0,1,0,0,0,0,0,0,0,我寻思着我妈觉得我的存在就是影响我的病最大的因素
0,0,1,0,0,0,0,0,0,0,0,0,我这么开朗的一个人，居然觉得活着没有意义了
0,0,1,0,0,0,1,0,0,0,0,0,饭饭，我想死了，我熬不下去了，为什么会这样，真心错付。。。我没有东西可以撑着我活下去了。。。
0,0,0,0,0,0,0,0,0,0,1,0,饭饭，我觉得我手欠了。开完会，剩一个领导和他下属还没离开会议室，我就顺手关了灯，这一点也不尊重领导😢。事后回去会议室取东西的时候，听到几个服务人员（女）在里间说“那个姑娘关了灯怎么不把门也锁了”，可能我一点都不懂职场生存规则😢。
0,1,0,0,0,0,0,0,0,0,0,0,我买啥东西啥东西缺货
0,0,0,0,0,0,0,0,0,0,1,0,我有无数种方式证明自己不坏或者没那么坏&nbsp;&nbsp;&nbsp;&nbsp;但让那个女孩子哭是事实
0,0,0,0,0,0,1,0,0,0,0,0,我也是。失去了最后一根稻草。连呼吸都困难。
0,1,0,0,0,0,1,0,0,0,0,0,今天考科目二挂掉了 当时感觉天都要踏了
0,0,1,0,0,0,1,0,0,0,0,0,饭饭 我之前一直觉得为失恋那么痛苦的人很可笑 可是现在我离开他真的太悲伤难受了 我失去最后一根救命稻草了
0,0,0,0,0,0,0,0,0,0,1,0,我并不善良，当我选择死亡的时候，我就把父母朋友放在了接受负面的影响里了，非常对不起他们
0,0,0,0,0,0,0,0,0,0,1,0,我哪里做的不好，你告诉我，对不起，我总是执着的不是地方
0,0,0,0,0,1,0,0,0,0,0,0,不敢期望有人会安慰，不敢成为别人快乐的理由，不敢去面对生活，不想说话，谁也不会发现我不好了，谁也不会在意，尽管想被记得，想被重视，想被放在心里，从未拥有，所以更加珍惜
0,0,1,0,0,1,0,0,0,1,0,0,心里好一阵难受&nbsp;&nbsp;&nbsp;&nbsp;这世界并不爱所谓善良的人&nbsp;&nbsp;&nbsp;&nbsp;&nbsp;&nbsp;善良只说明我懦弱罢了
0,0,0,0,0,0,0,0,0,1,0,0,我自私懦弱，起码想在离开之后给他们的负面影响降到最低。或许会突然出去旅游，在准备好遗书和所有东西后，跳下某个山崖？这样搜救人员也很累。挑个湖边吧，弄个装置可以把我的尸体牵引回来。
0,0,0,0,1,0,0,0,0,0,0,0,我祈祷上天现在收了我的命吧，我不能在学校跳楼，学校没有错，老师同学没有错。回家也许挺好的，但是会被村里其他人指指点点吧，也会留下心理阴影的。
0,0,1,0,0,0,1,0,0,0,0,0,几年前我觉得自己挺好的 真的是越来越不行了 一切都在下坡路 什么时候是尽头啊 我好像掉进无底洞
0,0,0,0,0,0,0,0,0,1,0,0,活着好累，每个人都好虚伪
0,0,1,0,0,0,0,0,0,0,0,0,我一点都不好，过的一点都不好
0,0,0,0,0,0,0,0,0,1,0,0,我喜欢一个人 就只是喜欢了 是不是太懦弱 怕连话都说不了
0,0,1,0,0,0,0,0,0,0,0,0,讲出来太累啦， 想过了 就那样一天一天下去 承受不住的时候 就离开 带着这些年所有的难过 离开
0,0,0,0,0,1,0,0,0,0,0,0,今天下了好大的雨 舍友看着我在雨中走着 没有一把伞愿意邀请我 我只能拼命跑掉
0,0,0,0,0,1,0,0,0,0,0,0,"父母对子女的羡慕嫉妒已决定了人性的丑恶 <a  alt=""http://t.cn/E6SYBnc"" suda-uatrack=""key=transmit_pic&value=transmit_pic_minicard"" href=""javascript:void(0);"" action-type=""widget_photoview"" action-data=""object_id=1022:23059731927741941809687351f70737b2804a&pid=006Cwjl5ly1g1wckun483j308c08caa2&mid=3424883176420210&cid=4359167479782736&short_url=http://t.cn/E6SYBnc"" imagecard=""pid=006Cwjl5ly1g1wckun483j308c08caa2""><i class=""W_ficon ficon_cd_img WBficon"">¡</i>评论配图</a>"
0,0,1,0,0,0,0,0,0,0,0,0,我这辈子过的太痛了 我原谅不了 我恨得不行
0,0,1,0,0,0,1,0,0,0,0,0,每分每秒都在煎熬，胸口很酸，眼泪止不住，可我不想它掉下来。
0,0,0,0,0,0,0,0,0,0,0,1,有时候没想到 自己最艰难的时候是自己家人一点点冷水往自己身上倒&nbsp;&nbsp;可能他们认为是对我好&nbsp;&nbsp;&nbsp;是为我考虑&nbsp;&nbsp;可是为什么不心疼心疼我&nbsp;&nbsp;问问我的想法&nbsp;&nbsp;就算不支持 也不要打击好不好&nbsp;&nbsp;我的人生不想被他们安排的明明白白&nbsp;&nbsp;&nbsp;或许他们说的 扑的路安安稳稳的没错&nbsp;&nbsp;&nbsp;&nbsp;但是我是个人&nbsp;&nbsp;有自己的想法 我想要快乐
0,0,1,0,0,0,0,0,0,0,1,0,饭，我又来了。我想死，死不起。我好难过，都是我一手造成的。
0,0,1,0,0,0,0,0,0,0,0,0,有些事情真的烦，我在对象家，她父母一心想赶我走，然后我对象拦着和她妈吵架打架就为了留我，她每天上学，我每天在她家，我家里人被他们家的人说我一个个来说我，把压力挤在我身上，我能把压力挤在谁身上呢？ 我对象她每天自己上学，还要操心我们之间的事情，有些事情的压力真的不应该在加她身上了。
0,0,0,0,0,0,0,0,0,0,1,0,造成这一切的原因是我对自己要求太高了
0,0,0,0,0,0,0,0,0,0,1,0,一切都是因为我变糟的
0,0,1,0,0,0,0,0,0,0,0,0,大哭一场，可是有什么用呢，哭完我还是得面对这个该死的世界，我如果能悄无声息的死了该多好
0,0,0,0,0,0,0,0,0,1,0,0,我也是啊，别人都说我内向，我也恐惧社交，但是我就是不知道怎么跟别人相处，我也不喜欢孤独
0,0,1,0,0,0,1,1,0,0,0,0,今天的我很不开心，下了班家里却没人，也没有饭吃，妈妈要在别人家吃了饭才能给我带回来，没有人知道此时的我多么难过无助，就像被全世界抛弃了一样。
0,1,0,0,0,0,0,0,0,1,0,0,什么都做不好，连普通人都做不到，一无是处的我
0,0,1,0,0,0,0,0,0,0,0,0,第一次来看你，没想到是七年后，今年，面对抑郁症，我选择坦然面对，不逃避，我总是害怕如果我跟别人说我有抑郁症，会被人认为我是网上傲娇的孩子，我曾以为抽烟可以缓解我的抑郁，可当烟瘾和抑郁一起折磨我的时候，我知道我需要治疗，可我又不希望身边的人知道，我每天都在焦虑，可却不知道在焦虑什么
0,0,0,0,0,0,0,0,0,0,1,0,只有在饭饭这里才能看到与我相似的人，现实中根本没有我这样的人，一个人没有家人朋友对象好奇怪啊，可是我偏偏就是没有，可能所有的错都是我造成的吧
0,1,0,0,0,1,0,0,0,0,0,0,永远都是不被珍惜的人
0,0,1,0,0,0,0,0,0,0,0,0,饭 从我记事起父母就离婚了我跟了爸爸 但我爸从我上小学二年级的时候把我接到上海丢我叔叔家就不怎么管我 小时候上学一个人 长大了步入社会也是一个人 没有亲情 没有友情 没有爱情 从小到大有什么事情从来都是我自己一个人扛 过节的时候别人都回家过节了可我连家都没有 我真的好累 不知道为什么而活着
0,0,0,0,0,0,0,0,0,0,1,0,我是个罪人
0,0,0,0,0,0,0,0,0,1,0,0,看到一句话 我觉得自己就像个精神分裂者 像个怪人 像个神经病 我一边要压抑着自己悲观的情绪和想法 一边让自己看起来开朗活泼人见人爱
0,0,1,0,0,0,0,0,0,0,0,0,抑郁症是穷人病吧，日复一日的机械劳作，一言难尽的家庭琐事，突如其来的恶意。
0,0,1,0,0,0,0,0,0,0,0,0,所以什么时候我可以死一死，好难受，好痛苦，根本不是一回事，真的很难受，我不想坚持了，是不是死了就好了
0,0,0,0,0,0,0,0,0,1,0,0,羡慕你，我有些社恐，跟人对视都困难，特别想一个人生活，可惜每天被迫面对很多人，简直生不如死。
0,0,0,0,0,0,0,0,0,1,0,0,我真低级
0,0,1,0,0,0,1,0,0,0,0,0,半年了 还是找不到工作怎么办 活不下去了
0,0,0,0,0,0,0,0,0,1,0,0,为什么我被欺负了总是不会发飙，她太恶心了
0,0,0,0,0,1,0,0,0,0,0,0,哈哈哈哈哈哈哈我以后一定不是合格的老师
0,0,0,0,0,1,0,0,0,0,0,0,生病了才发现其实我一个朋友也没有……
0,1,0,0,0,1,0,0,0,0,0,0,深情从来都是被辜负，只有薄情才会被反复思念
0,0,0,0,0,0,0,0,0,0,1,0,我发现我是一名同性恋。我对不起家人对不起朋友，我不敢承认，我没有孝心，我的朋友也会离我而去，每天浑浑噩噩，没有任何用处
0,0,0,0,0,0,0,0,1,0,0,0,原来到现在了还有这么多人记得她，现在南京通了好多条地铁了，但是还是挤，如果你还在世的话应该还是不喜欢吧。
0,0,1,0,0,0,1,0,0,0,0,0,哎，我一直都是个孤独的人，直到碰到了我的兔兔，昨天她走了，我觉得我的全世界都随着她的离开离开了，有一种真的是想离开这个操蛋的世界，想去找我的兔兔，哎，，。
0,0,0,0,0,1,0,0,0,0,0,0,回到家我爸妈肯定会把我赶回学校
0,0,0,0,0,1,0,0,0,0,0,0,所有人都要把我往死里逼
0,0,1,0,0,0,0,0,0,0,0,0,好累啊饭，外面天气那么好，可是我却绝望到要崩溃了，你说我该怎么办，好想有人能够帮帮我[泪][泪]
0,0,1,0,0,0,0,0,0,0,1,0,胡扯，累死了，每天自责恐惧，身体病痛折磨，我还是早早规划一下，早日脱离苦海
1,0,0,0,0,0,0,0,0,0,0,0,今天的坏事情已经过去了，那剩下的都是好事
0,0,0,0,0,1,0,0,0,0,0,0,我2017年因为一个男孩子自卑 于是减肥绝食 我在我并没有什么抑郁的时候 觉得抑郁症能引起别人注意 于是假装自己是 谁能想到弄假成真。先是精神性厌食症 继而是暴食 百忧解是基础药 但在那时我却觉得自己一切正常 这个死胡同一旦钻进去 没人可以救你 16岁的时候
0,0,0,1,0,0,0,0,0,0,0,0,我明明在跟朋友逛街吃饭看电影K歌这是我喜欢的事情 但是就不是发自内心的快乐 只感觉人生好累 好想真正开心起来 这样的感觉太难受了[悲伤]
0,0,1,0,0,0,0,0,0,0,0,0,我一闭上眼睛 满脑子都是痛苦的回忆 我就这样睁着眼睛到天亮 我活到21岁 只记得那天的海 只有那天 我真正觉得幸福 只有那么一天啊…
0,0,0,0,0,0,0,0,0,1,0,0,有时候我很想像以前一样，哇的一声大哭出来。但是我突然发现我没眼泪了，麻木了。想一个布偶娃娃，感觉不到人间情味了
0,1,1,0,0,0,0,0,0,0,0,0,饭 我又回想起了那些委屈 哇 我至今心脏都一块揪着一块的疼 虽然过去那么久 这个世界对我并不友好 我看出它并不喜欢我了 我也很无奈阿 硬撑着好没安全感的心脏 只能用笑笑来掩饰自己的伤口 妈的没关系 大不了一死
0,1,0,0,0,1,0,0,0,0,0,0,这个世界一点也不喜欢我，我也不喜欢它了。
0,0,1,0,0,0,0,0,0,0,0,0,感觉被生活压的喘不过气了，瞪着眼睛熬到天亮，即便困得流泪。在想，我们这么活着是为了什么呢，有什么意义啊，苦多甜少，还要这样，为了生存而生存吗？
0,0,1,0,0,0,0,0,0,1,0,0,很羡慕你能勇气，感觉自己就是个胆小的老鼠。她把我删了，妈妈觉得我是个异类总是谈起离婚前的事情让我自己去找爸爸。老师觉得我是累赘，快毕业了工作也签不上，面试就觉得我是个消极的人，朋友借了钱跑路了，这些事，依然没有勇气站起来也没有胆量去结束，如果得了绝症该有多好，可以理所应当的离开了
0,1,0,0,0,0,0,0,0,0,0,0,说结束的话很容易 但结束很难 一直以来都活在这种困难中
0,1,0,0,0,1,0,0,0,0,0,0,这个世界一点也不喜欢我&nbsp;&nbsp;我也不喜欢它了
0,0,0,0,1,0,0,0,0,1,0,0,看到下面有条评论：我只是想要被爱。可是，我想要真诚地被爱，虚情假意，像对个消遣品一样随意对待，当我好欺负吗？可是，我还是这样被人欺负了。好没意思，人生啊。
0,0,1,0,0,1,0,0,0,1,0,0,2019年4月9号&nbsp;&nbsp;夜很深了 想一走了之了 我这个人自私自负 谈恋爱 给女朋友带来很多痛苦 我真的觉得自己白活这么多年了 自暴自弃了 感觉心里不知道为什么 很难受 看着窗外过往的车辆 想了想 是不是跳下去 就没有这么多事了 也不会有人想起我 过往云烟 我对不起妈妈.
0,0,0,0,0,1,0,0,0,0,0,0,这个世界上好像没有真正爱我的人
0,0,0,0,1,0,0,0,0,0,0,0,工作被领导针对，同事还在背后说坏话告状。今天一气之下走人了，没拿工资，这个月还要交房租，没有钱，很快连住的地方也没有了。父母也好多年没联系了，一直一直一个人，努力支撑着活下去，太累了
0,0,0,0,0,1,0,0,1,1,0,0,我也在等这样的人出现，但是又觉得如此不堪的我，应该不会有人接近。
0,0,0,0,0,0,0,0,0,1,0,0,很多个难熬的夜晚，今晚称最，原谅我今晚的怯懦，我想要喊救命。
0,0,0,0,0,0,0,0,0,1,0,0,感觉自己就像一个feiwu可还行
0,0,1,0,0,0,1,0,0,0,0,0,2018年我知道我挽不回他 然后自己去了另一个城市 去看了很多风景 我以为我还是可以很快乐 但夜晚来临之时 我还是一个劲哭 哭几个小时 然后吃错东西就直接食物中毒进医院了 
1,0,0,0,0,0,0,0,0,1,0,0,成熟的人是不会有情绪的，有情绪的人都是傻子
0,0,0,0,0,1,0,0,0,0,0,0,被莫名其妙的情绪耗费掉太多精力了，真的太累了，做人太难了，看着爱自己，自己爱的都过的不好，才明白善有恶报，恶有善报。
0,0,0,0,0,0,0,0,0,1,0,0,饭饭，我有些熬不住了。我受不了自己明明很悲伤却要笑着面对生活的样子。我讨厌别人否定我的努力，我讨厌他们伤害了我却又当作什么事都没有发生的样子。我要人格分裂了。两个都是我，但一个是假笑的玖娘，一个是阴暗至极的玖娘
0,0,0,0,0,1,0,0,0,0,0,0,心情很糟糕，怀疑男朋友身心出轨，想分手，但经济还没独立，烦
0,0,0,0,0,0,0,0,0,1,0,0,知道自己很不好很不好，但是，但是呀，每次说想死的时候，眼泪就会很急迫地涌出来。我是希望这是留恋啦，就当是——一个并不幸运的小胖子，对这个很好看很好看的世界的，所能做到的，最深情吧。有一点点想变幸福，我不贪的，说一点点就一点点。悄悄告诉你哦，我买了一个小泡泡机！
0,0,1,0,0,0,1,0,0,0,0,0,你好，抱歉在极其奔溃的时候上网查一些东西知道了你。抱歉借你的地方给我发泄一下。最近好像很多事情都不顺利呢。一点都不和善的家庭，不停歇的工作，和并没有你想的那么好的朋友。一次性同时，感觉自己很崩溃。想离开这个世界，但真的很害怕亲人奔溃。因为啊 我梦过自己的亲人离开就已经无法再想了。
0,0,0,0,0,0,0,0,0,1,0,0,你知道我有多么讨厌我自己吗 虚伪的人际 让我觉得自己是个扮演着恶心角色 却抽离不出来 还要陪这世界一起笑
0,0,0,0,0,1,0,0,0,0,0,0,我突然间觉得我没有一个朋友，因为我心里的那些话，我一个朋友不敢说，好像我说了，他们也不会真正理解我的处境。
0,1,1,0,0,0,0,0,0,0,0,0,没什么，只是在绝望的深渊继续挣扎着，但我挣扎的好累啊，明明他一直在陪着我，可我为什么始终都逃离不了绝望的深渊
0,0,1,0,0,0,0,0,0,0,0,0,饭，我突然发现，不管再亲近的人，不是抑郁症就永远不会理解发作时绝望的心情，那种找不到活下去的理由，整个世界一片灰暗的感觉真的很不好，从他知道我有抑郁症开始就一直在陪着我，可他不会理解那种心情，他说让我别胡思乱想，想点开心的，如果不是胡思乱想怎么会有抑郁症，所以我不知道该怎么诉说
0,0,1,0,0,0,0,0,0,0,0,0,一直以为自己又开朗又坚强，慢慢的骗过了身边的所有人，包括亲人都开始不在意我的心理状态，经常会说出些很伤人的话。最近的我，越来越常想自杀，要是有饭饭的勇气就好了，这样就不会度过每一个黯淡无光的明天
0,0,0,0,0,0,0,0,0,1,0,0,我也很自卑，是真的真的自卑，多希望不要有优秀的人出现在我的世界里
0,0,0,0,0,0,0,1,0,0,0,0,总想依靠一份感情来拯救自己，最后发现，折磨了别人，更痛苦了自己，也许我就是不配得到爱
0,0,0,0,0,0,0,0,1,0,0,0,还是想说一句 如果你根本没有那么大的决心 就别去碰那些孤独且一个人孤独的姑娘&nbsp;&nbsp;因为你的一时兴起 想做一个伟大的救世主 而把她推向更深的深渊 那样你真的该死
0,0,1,0,0,0,0,0,0,0,0,0,我一心情不好就喜欢玩游戏，什么都可以放弃，唯独游戏。结束游戏后，整个世界又麻木空虚，大概是孤独久了
0,1,0,0,0,0,0,0,0,0,0,0,很想有个人能拉我一把，带我逃离现在的黑暗深渊。可是，不能的，不能让别人沾染到这种不好的情绪。不过也没遇到。我一直一直把自己当做能救自己的唯一，可是自我拯救的过程好难。长这么大，居然没有一个可以放心依靠的人。再好的朋友，也不想让她们沾染到我内心的阴暗。不怕孤独，只怕流浪无期的孤苦。
0,0,0,0,0,0,0,0,0,0,1,0,一瞬间发现一直都是自己自作多情，从来自己都是一个人，你在期待什么，你就是错的，因为全世界都说你是错的，而你没有顾森西来告诉你，你是对的，果然没有绝对的感同身受，你永远不知道你会给别人带来什么伤害，你永远不知道那样的你有多么可恶
0,1,0,0,0,0,0,0,0,0,1,0,父母，同学，同事，，好像从没有遇到过对的人，都是自己的问题吧，学会知足一点不好吗，为什么这么贪心
0,0,0,0,0,0,0,0,0,1,0,0,自卑的种子已经在我心中长成参天大树了
0,0,0,0,0,0,0,0,0,1,0,0,其实我真的很自卑啦
0,0,0,0,0,0,0,0,0,0,1,0,真的很难过，给你们带来困扰，我很抱歉
0,0,1,0,0,0,0,0,0,0,0,0,我想自杀，没人知道，我没有爸爸了，我根本就走不出来，每次还要很开心地当姐姐，我工作还做不好，给不了家里什么，妈妈的担子很重，我不想背负很重家里的包袱，我想做自己喜欢的事情，陌生的城市我一个人都不认识呐，我还怕黑，每天都开灯睡觉，难过的时候没次都要躲一个小角落里自己抱自己，[伤心]
0,0,0,0,0,0,0,0,0,1,0,0,被困在没有生命的世界里，日夜沉沦，逃不开，躲不掉。我感觉到女朋友介意了，我是个有问题的人，我承认得很坦然，但是内心的痛苦有谁能懂。承认了反而轻松，我就是个有问题的人，爱我的人，我会更爱你，不爱的人走了，我会痛苦，会崩溃，但是你永远也没有机会，知道我曾经有多爱你了。也许你根本不在乎
0,0,0,0,0,0,0,0,0,1,0,0,[吐]对自己厌恶至极，为什么那么自私愚蠢脑袋又不好使
0,0,0,0,0,1,0,0,0,0,0,0,活着好累，感觉在哪，自己都像是多余的，多一个不多，少一个也不算少。
0,0,0,0,0,1,0,0,0,0,0,0,生活不会好起来的
0,0,0,0,0,0,0,0,0,0,0,1,她怎么可以如此伤害我啊 我做错了什么 每天被嘲讽贬低谩骂 你本地人就如此高贵吗 为什么别的寝室都好好的 我却 说话都被打断制止
0,0,0,0,0,0,0,0,0,1,0,0,不想出去，讨厌虚伪的人类，可是不出去就没有钱啊
0,0,1,0,0,1,0,0,0,0,1,0,受不了了我太崩溃 我又到处砸东西了 我已经很努力在控制自己的情绪了 可是我真的好难受啊 我真的好讨厌我自己 我超级努力想要生活变得好一点 可是似乎没有任何意义
0,1,0,0,0,0,0,0,0,0,0,0,我从不渴望救赎，因为根本不会有人救赎我。从小到大我所有的委屈都是我一个人扛下来。谁对谁错根本不重要，重要的是从来都没有人站在我的身边明确的说，你做的很好，做的很棒，剩下的交给我吧。根本没有！
0,0,0,0,0,0,0,0,0,1,0,0,每次听老师说什么责任担当之类的话，就感觉自己很没用。每天都只是为了活着而活着，还讲什么以后。
0,0,1,0,0,1,0,0,0,0,0,0,你全身而退，我满盘皆输。高健，你赢了呀，可我怎么办呢？我活着真的一点意义都没有了。
0,0,0,0,0,0,0,0,0,1,0,0,可是谁又能来到我这个一事无成，一身负能量，坏脾气，长得黑瘦还丑的人身边呢？
0,0,0,0,0,0,0,0,0,0,1,0,总会试着去寻找是不是这个世界错了，寻找不是自己的问题。可是找来找去终究是自己不行啊。比赛自己学识不够，拖后腿。打游戏自己能力不够，被喷。说话谈吐也感觉自己读书不够，肤浅。肤浅到和游戏里的人都能对骂起来。
0,0,0,0,0,0,0,0,0,0,1,0,我现在真的太怕回应别人的喜欢了，就感觉好像一直在辜负他们，辜负任何人，我记得大学毕业的时候，我是想去外面的，可是我也不知道为什么就留在了县城，我把自己的生活过的一点都不像以前想的，然后在这样的生活里面渐渐的不知道自己到底应该做什么？我真的真的太需要一个拥抱也太需要一份目标了
0,0,0,0,0,0,0,0,0,0,1,0,讨厌这样的自己，又改变不了这样的自己。。是因为寂寞吗？
0,0,1,0,0,0,0,0,0,0,1,0,饭。今天外面一直在下雨，然后突然之间就停电了，我爸妈说她们觉得我有性格缺陷，他们无法理解，我会动不动就拉黑别人删除别人，我总是喜欢活在过去的事情里面，然后无法自拔，然后自我折磨。其实我也知道我所有的压力都来自于我自己，可是事实上，我连一点改变都做不了，我真的真的太讨厌现在的自己了
0,0,1,0,0,0,1,0,0,0,0,0,我是本科生中医专业，毕业很多年了现在想重新干本行工作结果医院只招研究生，今年我接受太多的打击了，我又是一个很要强不服输的人，我花了很多的时间才把自己从低落的情绪里拉出来，但是我现在真的没有自信了。其实我很羡慕你们研究生，因为比本科生有更大的竞争力，而本科生连报名的资格都没有。
0,0,0,0,0,0,0,0,0,1,0,0,我为什么还活着……我介个拖油瓶又一次度过了艰难的一天[加油]
0,0,0,0,0,0,0,0,0,0,1,0,啊试图自救来着，又觉得嗯我这种人吧死不足惜。。。慌。。。什么时候安乐死才能有啊
0,0,0,0,0,0,0,0,0,1,0,0,她们都是大白菜
0,0,0,0,0,0,0,0,0,1,0,0,可是我真的好懦弱
0,0,1,0,0,0,0,0,0,0,0,0,我每天光是走出房门下楼，就感觉好累噢，当我打起精神和人交流的时候内心想逃，好疲惫，好累
0,0,0,0,0,0,0,0,0,0,1,0,从初三到现在，我求救了好多次了，15年的时候，我拥有了你，拥有了光，可是我不好，把我的光推开了，对于你来说，这几年，其实很难受吧，最后还要在我身边，没办法和喜欢的人在一起
0,0,0,0,0,0,0,0,0,1,0,0,我真的太懦弱了
0,0,0,0,0,0,0,0,0,1,0,0,好讨厌一个人 讨厌到想打她 人生已经很痛苦了 为什么还要出现恶心的人呢
0,0,0,0,1,0,0,0,0,0,0,0,被所有人排挤的感觉太难受了
0,0,1,0,0,0,0,0,0,0,0,0,我2月份因为考研成绩不理想一度情绪崩溃到怀疑自己真得了抑郁症了，我曾经有过一次全世界都崩塌了经历，这次跟上次比其实差不多的奔溃，我加了几个抑郁症患者的群，然后看他们在群里的对话，我发现我跟他们不一样的时候心里突然好高兴好高兴，因为我没有患抑郁症，我只是偶尔抑郁，还是可以被治愈的。
0,0,0,0,0,0,0,0,0,1,0,0,我其实就是一个小垃圾，也是一个累赘。活着被爱即是牵挂也是束缚，如果我的爸爸妈妈没有把我带到这个世界多好，他们已经有了一个儿子呀，还要我做什么呢
0,0,0,0,0,0,0,0,0,1,0,0,一個人生了一天的悶氣，跟傻子一樣。還吃了好多亂七八糟的東西，也能撫平我心中的火氣。😔
0,0,0,0,0,0,0,0,0,1,0,0,我太贱了
0,0,0,0,0,0,0,0,0,0,1,0,我是错的
0,0,0,0,0,0,0,0,0,0,1,0,我的存在就是错的
0,0,0,0,0,0,0,0,1,0,0,0,我不配拥有好运气好心情
0,0,1,0,0,0,0,0,0,0,1,0,明明生活的也算幸福，但是总觉得人生无望呢，我要是从来没出现过在这个世上就好了，我总是搞砸一切。
0,0,0,0,0,0,0,0,0,1,0,0,我怎么这么懦弱啊
0,0,0,0,0,0,0,0,0,1,0,0,不会的
0,1,0,0,0,0,0,0,0,0,0,0,是啊，在外面朋友闺蜜同事领导周围的人就算是没有见过面的人对我的印象都是斯文秀气文文静静做事有分寸的一个女孩子从来不会得罪别人特别懂事成熟的人，在家里人和亲戚面前就不一样了，幼稚脾气暴躁不懂事不懂分寸不会做人不讲理没用没能力做什么都是错，真的腻了
0,0,0,0,0,1,0,0,0,0,0,0,活着对我来讲，就是折磨，也是对别人的折磨
0,0,0,0,0,0,0,0,1,0,0,0,为什么会得抑郁症 我知道 是我该死
0,1,0,0,0,1,0,0,0,1,0,0,我想会玩心机一定特别棒。 两个可怜兮兮的人在一起唠嗑。 身边的人没有一个可以相信的。 我是挺招人烦的。 我的坚持很快就会被一些不定因素打破。 如果哪天我因为小事离开了，肯定又要被说闲话了。
0,0,1,0,0,0,1,0,0,0,0,0,剪了个巨丑无比的刘海 然后伤心的哭了起来 可是又不是因为这破刘海哭 。
0,0,0,0,0,1,0,0,0,0,0,0,最糟糕的事情没有发生，不代表不会发生，最绝望的时刻没有来临，不代表不会来临，所能做的就是在等待中挣扎，直到我的丧钟鸣起。
1,0,0,0,0,0,0,0,0,0,0,0,没有继续的勇气，也没有放弃的勇气。活在黑白的边缘，真的好想解脱
0,0,1,0,0,0,0,0,0,0,0,0,我该对谁说我生病了，是心里有病的那种，不想见熟人，不想回消息，不想回电话，我不想这样的。我已经很努力在装作自己很乐观积极向上了，真的有很努力了，可是我还是会忍不住动那个念头，好难继续装作乐观积极，感觉自己快疯了
0,0,0,0,0,0,0,0,0,1,0,0,我怎么这么丑，我真的不配。我比别人丑，还没别人懂事，还比别人笨。我真的不配。
0,0,1,0,0,0,0,0,0,0,1,0,今天又特别苦闷，看着别人都积极向上的生活。自己每天颓废，想使力气，可又对一切都提不起兴致，我连我极度热爱的小说都看不进去了。一次一次努力失败，我现在开始嫌弃自己，越来越嫌弃。我舍不得我爸妈。我觉得我对不起他们。每天都又痛苦又苦恼。
0,0,1,0,0,0,0,0,0,0,0,0,你知道吗？我很羡慕你，我也很想离开这个世界。可是我怕爸爸妈妈没人照顾，也怕爸爸妈妈伤心，如果哈利波特里像艾玛沃特森那样念一段咒语就能把爸爸妈妈的记忆和所有有关孩子的东西删除那也太好了，我真的活不下去了，真想有一场车祸或者意外把我带走啊，我的爸爸妈妈一定要健康长寿啊。
1,0,0,0,0,0,0,0,0,0,0,0,身边还有父母 再一无所有 所谓的什么爱的人 算了吧 生存还是毁灭 自己别无选择
0,0,0,0,0,0,0,0,0,1,0,0,原来我这么招人烦啊，真令人难过😔
0,0,0,0,0,0,0,0,0,1,0,0,我这样子的人&nbsp;&nbsp;真差劲
0,0,0,0,0,0,0,0,1,0,0,0,警察也是讲你不要死在他们的地盘上 多麻烦 对阿我们这类的人本来就不应该存在吧
0,0,1,0,0,0,0,0,0,0,0,0,阿饭 我爸妈已经不要我了 我该怎么办 我没有退路了 你把我带走吧 我今天自杀又没死成
0,0,1,0,0,0,0,0,0,0,0,0,焦虑症疑病症真的要折磨死我了&nbsp;&nbsp;&nbsp;最近竟然在搜索烧炭自杀的信息&nbsp;&nbsp;&nbsp;&nbsp;知道这样是不对的&nbsp;&nbsp;可是控制不住自己&nbsp;&nbsp;&nbsp;不知道什么时候坚持不下去了
0,0,0,0,0,0,0,0,0,1,0,0,是个疯子，死了不痛，先下去给朋友们探探路
0,0,0,0,0,0,0,0,0,0,0,1,饭，好。我已经很久没感觉到我开心了，一直也不懂事，19岁了不读书，整天也在家里不工作，家里上上下下都给我灌输负能量，从小到大包括读书也没听到一句鼓励的话，造成了一个内向，怕事的我。我没有理想或者愿望，反正我觉得活着是好的，就算是当个乞丐也能体验一下这短暂的人生吧。
0,0,1,0,0,0,1,0,0,0,0,0,后天休息日要去加班&nbsp;&nbsp;好痛苦
0,0,0,0,0,0,0,0,0,1,0,0,人类真的很恶臭，
0,0,1,0,0,0,0,0,0,0,0,0,嗨，我来看看你，我今天特别累，明明昨天精力充沛，今天测试，皮脂上来一点，回家吃碳水了，哈哈哈，可是今天好累，没有一点点力气。我的眼泪不知道为什么就是止不住，我想我能坚持到什么时候。我怕我忍不住，我还有父母，我还不到时候呀。我不知道为什么我会是人，会有思维，太痛苦了
0,0,1,0,0,0,0,0,0,0,0,0,饭饭，我真的难过，莫名其妙的难过，想伤害自己，还不想让别人知道，想回家，又不想回家，我为什么是家里的希望啊，根本就是个笑话，真的
0,0,0,0,0,1,0,0,0,0,0,0,我看看，再糟还会糟成什么样，一起来吧
0,0,1,0,0,0,1,0,0,0,0,0,失去了工作能力 没办法和人交流&nbsp;&nbsp;能干什么工作呢
0,0,1,0,0,0,0,0,0,0,0,0,我也不想跟我妈发什么，但我太痛苦了，必须纠缠，要不然怎么活，我现在所学理论帮不了我了，我现在正在向外抓，心里空的很，没办法，求不来爱，要点纠缠总行吧，我没那么幸运
0,0,0,0,0,0,0,0,0,1,0,0,饭你好啊，我虽然没有去医院看看我是不是有抑郁症，但我讨厌我的懦弱，无能，好玩，内向，而且似乎已经没有办法彻底改变了。但我觉得好死不如赖活着，希望我一直坚持这个道理吧[嘻嘻][鼓掌]
0,0,0,1,0,0,0,0,0,0,0,0,昨天和喜欢的人在一起来了，开心了一整天，可今天早上醒了又开始哭，下午哭，一直都在哭，他跟我说，有不开心的事要跟他说，可是我真的说不出来，我很后悔，一年前的我对我不够善良
0,0,0,0,1,0,0,0,1,0,0,0,闹了这么一通，我在房间却听到我妈和弟弟妹妹很开心很开心的大笑。叫了我一天没起床她的态度称呼就开始变得烦躁埋怨。 碰到摆了一床的玩偶，我想如果我死了，它们该怎么办，衣服可以烧点，书可以送人，可是这些玩偶陪了我这么多年已经旧了过时了，如果我死了，它们应该会出现在垃圾堆吧。
0,1,0,0,0,1,0,0,0,0,0,0,每当生活和工作不顺心时，就想来看看你，那些心灵鸡汤说的什么坚持住，会越来越好的，全是狗屁！对我来说，能维持原状已经算是好的了，更多的是，你永远未知更坏的是什么，一山更比一山低，低处永远未算低
0,0,0,0,0,1,0,0,0,0,0,0,我觉得这个世界都不需要我了
0,0,1,0,0,0,1,0,0,0,0,0,很累，但是怕死，今天被我爸爸指着说谁叫你命不好，压力很大 ，现在连车都不敢开，总是怕自己会撞到别人，很久没遇到比较开心的事了。
0,0,0,0,0,0,0,0,0,1,0,0,我太脆弱了，脆弱到唯一的筹码也用不上。
0,0,0,0,0,1,0,0,0,0,0,0,也许死亡是我唯一能与命运对抗的筹码
0,0,0,0,0,0,0,0,1,0,0,0,活着不应该如此痛苦。
0,0,0,0,0,0,0,0,0,1,0,0,我是一个没有感情的机器 一无所有才不怕失去吧
0,0,0,0,0,0,1,0,0,0,0,0,今天又被班主任训了。。我真的好累 快要崩溃了
0,0,0,0,0,1,0,0,0,0,0,0,自己是个抑郁症病人，没人爱也不敢爱人，怕耽误别人
0,0,0,0,0,0,0,0,1,0,0,0,饭饭，很遗憾，现在才认识你，真的很羡慕你做了至少算是解脱的事。我好像得病了，又好像没有，一个极度否认自己的人，怎么配拥有自信呢，每天都活在别人的评价中，连自信，都是靠别人的肯定。[伤心][伤心][伤心]其实我在想，如果不是因为害怕爸爸妈妈奶奶以后没有依靠，我真的撑不了这么久[伤心]
0,0,0,0,0,0,0,0,0,1,0,0,我活着果然是个累赘
0,0,1,0,0,0,0,0,0,0,0,0,饭呀！我好无奈。毕业了不想去北京，不喜欢去我姑姑家。我跟爸妈关系不好。那是我后妈我不太喜欢她。她对我好，可终究不是我亲妈。还是有距离感呀！我很迷茫。我奶奶年纪也大了。再等个5年10年。我奶奶走了我就没有家了啊这世上就剩我自己了
0,0,1,0,0,0,0,0,0,0,0,0,我好想死，我该怎么办，我觉得好难，我的人生充满了黑暗，我看不到光。生而为人，十分抱歉。如有来世我不希望做人。
0,0,0,0,0,1,0,0,0,0,0,0,饭饭你知道吗我快撑不下去了 我想来见你了 真的没有人站在我这里 我其实也很脆弱啊 饭饭你告诉我天堂怎么去不会痛好吗
0,0,1,0,0,0,1,0,0,0,0,0,我以为我可以坦然的取消对你的关注，可我还是做不到啊。走饭你在那边过得怎么样？是不是特别轻松啊。我好羡慕你啊，可我的胆子太小了，我没有勇气一走了之。我多么希望我没长耳朵，这样我就听不见我妈的话了，我也不会对这个世界这么失望了，我想来找你，你一定要等我哦！
0,0,1,0,0,0,0,0,0,1,0,0,有些女生真令人恶心，为了个男的去欺凌其他女孩子，还拍视频，是不是应该感谢她们为报警提供了证据，具体事宜我还要和她商量，可我觉得她应该不会报警，因为后续的报复，我！咬牙切齿！这个社会真的是糟糕透了
0,0,0,0,0,1,0,0,0,0,0,0,漫无目的的日子，是生活对我失望了吧
0,0,0,0,0,0,0,0,0,0,1,0,路都是自己走的&nbsp;&nbsp;当你做每一种选择的时候必然要面对每一种可能&nbsp;&nbsp;讨厌失控的自己&nbsp;&nbsp;&nbsp;我讨厌我自己&nbsp;&nbsp;讨厌这个比昨天更喜欢你的我
0,0,0,0,0,0,0,0,0,1,0,0,(真奇怪 总想路过一个在哭的女孩子 总想抱住她 可能我太沙雕了所以从来不敢多哭 可如果你哭 我一定会抱住你啊
0,0,1,0,0,1,0,0,0,0,0,0,很压抑，很无助，最近发现好像确实是得了抑郁症，工作生活都受到了影响，抑郁症也许真正折磨人的地方就是没人会理解，在别人眼里永远是可笑的矫情，活着很难，很难！
0,1,0,0,0,1,0,0,0,0,0,0,没人愿意和抑郁症患者谈恋爱吧&nbsp;&nbsp;都会被讨厌的
0,0,0,0,0,0,0,0,0,0,1,0,只是真的对不起一些人吧 但是我已经足够对不起自己了
0,0,1,0,0,0,0,0,0,0,0,0,怎么度过接下来的日子，我很害怕。很讨厌现在的一切，想消失，讨厌学校，讨厌各种考试面试。
0,0,0,0,0,0,0,0,0,1,0,0,我伪装成骗子，人们就说我是个骗子。我充阔，人人以为我是阔佬。我故作冷淡，人人说我是个无情的家伙。然而，当我真的痛苦万分，不由得呻吟时，人人却认为我在无病呻吟
0,0,1,0,0,0,0,0,0,0,0,0,昨天和她们骑自行车，难得出去，可是不开心，缺了什么，好像世界与我无关，边缘人……醒来不开心…… 好累，不想再出去了，不想出去拍照在朋友圈刷存在感……
0,0,0,0,0,1,0,0,0,0,0,0,突然好丧，因为生病，每天吃的药钱就够吃一顿饭，时不时的还要做个检查，如果没有我是不是就不会有那么多负担，他们的生活一定会过得更好的。
0,0,1,0,0,0,0,0,0,0,0,0,饭，我和他约了晚饭，在我们领结婚证那天庆祝的餐厅。整整一个月了，信终于写完了，我可以走啦……饭，我能见见你么，你愿意的话凌晨的时候在路口等等我好么，我想抱着你哭一哭。你那里真的没有痛苦对么，不管有没有，这里的，我负担不起了……
0,0,0,0,1,0,0,0,0,0,0,0,我的同事可能会觉得我阴郁吧，看起来奇奇怪怪的样子
0,0,0,0,0,0,0,0,0,1,0,0,大夫开的药让我感觉脑子好陌生哦 但是吃了药就可以function啦 像小机器人
0,0,0,0,0,0,0,0,0,0,1,0,我听见心里怨毒的说，都怪你还不都是你！ 我听见嘴上温和的说，没事，谢谢
0,0,0,0,0,1,0,0,0,0,0,0,没有人喜欢我。没有人在意我的心情。是不是我彻底消失了，大家才回像以前那样关注我？
0,0,1,0,0,0,0,0,0,0,0,0,知道吗我刚刚和心理医生打完电话她要我做了一套试题 我做完了发给她看结果了医生建议我去大医院看看我可能需要吃药[微笑]我知道我脑子里面那些想法是不好的 但是我还是忍不住想 [泪]我感觉我很累 很压抑 真的我要撑住 嗯 我可以的嗯加油
0,0,0,0,0,0,0,0,0,1,0,0,如果我是抑郁症，那我觉得我还有救，可怕的是，如果我不是抑郁症，那我觉得我这个人真的彻底废了，我不敢去医院，我怕医生说，你一切正常。
0,0,1,0,0,0,0,0,0,0,0,0,我只想死掉不想再感受了我覺得好黑.
0,0,0,0,0,0,1,0,0,0,0,0,分手了我们 我知道是小事 以后回头来看一定是小的不能再小的事 但我现在好难受呀
0,0,0,0,0,0,0,0,0,1,1,0,明天太阳依旧会升起&nbsp;&nbsp;&nbsp;卑微和渺小在所有面前都微不足道&nbsp;&nbsp;&nbsp;方法方式不对&nbsp;&nbsp;错的终究是我
0,0,0,0,0,1,0,0,0,0,0,0,被全世界抛弃了，爱情没了友情也没了一无所有
0,0,0,0,0,0,0,0,1,0,0,0,我有罪我该死
0,0,0,0,0,0,0,0,0,1,0,0,告诉我什么时候到头告诉我可以允许自己软弱我就是这么痛苦再洗脑也没用
0,0,0,0,0,1,0,0,0,0,0,0,走饭，我难过的时候就会来你这里看看。越来越多的觉得没有人能理解我的痛苦。也没有人真正的感同身受，他们或许还会觉得我小题大做，觉得我不够坚强，不够有责任感，才会冒出想要一了百了的念头。我现在觉得活着是多么的艰难啊，我无法控制自己不去难过悲伤。无法控制自己的消极忐忑。
0,0,0,0,0,0,0,0,0,0,1,0,我开始变成自己最讨厌的那种人了，开始会揣着恶意来想别人，开始变的虚伪，开始迎合着别人，开始委屈自己了……
0,0,0,0,0,0,0,0,0,0,1,0,自我厌恶到了极致，恶心，恶心恶心。怎么这么恶心。从不堪变成恶心。
0,0,1,0,0,0,0,0,0,0,0,0,不敢去医院开药，快疯了。每天对自己说“滚”，每天装得像个正常了。一个人好累。
0,0,0,0,1,0,0,0,0,0,0,0,好讨厌我们班主任啊，我不就是不爱说话吗，你凭什么针对我啊，你凭什么捧高踩低啊，你凭什么问都不问我就给我下定义还背后说我坏话啊，你配当老师吗，妈的
0,0,1,0,0,0,0,0,0,0,0,0,我有时也知道我侵犯了我们家人的界限，但是在那一瞬间，我是控制不了的，我的内心，充实着阴暗的想法，暴躁愤怒，他们那么高兴，我感觉是对我的一种刺激侮辱，心里充实着十万个，凭什么？唉，要哪一天才能好？
0,0,1,0,0,0,1,0,0,1,0,0,感觉自己好没用，把身份证掉了，去补的路上受不了自己，边走边哭。我感觉快要坚持不下去了，我这种人为什么还要活着 点点事情都做不好
0,0,0,0,0,1,0,0,0,0,0,0,每次出门之前都要纠结半天，感觉一出门全世界的人都在看着我出糗盯着我的缺点看
0,0,0,0,0,0,1,0,0,0,0,0,崩溃，一上午题目没做出来几道，答案还看不懂。
0,0,0,0,0,1,0,0,0,0,0,0,好想藏到一个没有人的地方去 当初再走最失落的时候，你离开了我 那这辈子再也不可能了 谁会喜欢满满负能量的我啊
0,0,0,0,0,1,0,0,0,0,0,0,好像都觉得我没用
0,0,0,0,0,0,0,0,0,0,1,0,真是厌恶了这世上的一切，尤其是恶心的自己
0,0,1,0,0,0,1,0,0,0,0,0,饭，我请假天数太多，老师说再请就得重修了。我现在只盼着五一那少的可怜的两天假期，我可以在这个使我身心俱疲也厌恶至极的地方熬到五一的是吗？
0,0,1,0,0,0,0,0,0,0,0,0,睡了醒 醒了又睡 在梦与现实之间徘徊挣扎着 猛然睁开眼睛 脑子被突然从梦境中拉回来 我是谁 我在哪 精神突然就被撕扯着 眼神空洞 像是分裂了 无助 绝望 又痛苦 这样的日子什么时候才是个头啊 我不想治病了 只想让一切都赶快结束掉[跪了]
0,0,0,0,0,0,0,0,0,1,0,0,走饭，我和我的男朋友放手了，我是个很强势也很容易操心的人，他呢，正好相反，每次我都仿佛说的事情，他都忘记了，后来太多次我就发脾气了 ，我像个泼妇一样，我觉得我不是我了，我不想要对着一个木偶发火。
0,0,0,0,1,0,1,0,0,0,0,0,:-(突如其来的难过期，，，，忽然感觉大家都在针对我，同学是，老师也是，最近不知道怎么回事，对什么都没兴趣，连动弹一下都懒得动，清明两天假，我妈出去玩，我真的是连拒绝都懒得说，就是不理她，她没办法了就带着弟弟走了，我就在家里躺了两天，一顿饭都没吃，真的好难过啊
0,0,0,0,0,0,0,0,0,1,0,0,就让我恶心透顶吧，我是恶人，你就这么认为吧
0,0,0,0,0,0,0,0,0,1,0,0,喜欢城市的喧闹，又喜欢安静美丽的山庄，我都快人格分裂了，有时候希望自己有什么超能力，能做点什么，让别人记住你，至少能感觉到自己的存在有意义，而不是整天两点一线，这样或者真的无聊，天天都像复制粘贴一样，感觉自己的存在可有可无，白天装笑晚上失眠，那种感觉睡着了却又感觉还醒着，真的难受
0,0,0,0,0,0,0,0,0,0,1,0,我终于变成自己讨厌的那种人了
0,0,0,0,0,0,0,0,0,1,0,0,曾经我也是个活波的孩子，用正能量感染身边的朋友，积极进去，不怕失败。不知道什么时候开始，我突然不爱说话，喜欢独处，害怕尝试，懦弱，自卑，无能。。。。
0,0,0,0,0,1,0,1,0,0,0,0,我以为这一次我会一直好下去，但是这段时间又犯了，所有的负面情绪都来了，感觉又被丢弃了，好失败，随便一个人都比我厉害。
0,0,0,0,0,0,0,0,0,1,0,0,傻，还天真，借别人钱去催他还钱，他不但不还还叫人打我，结果下一次他可怜的假样又找我借钱我还是借了，没有人说你宽容，善良，只会说你是个烂好人，还没脑子，自己做事从来都是约束自己做不好一件事给人家道歉还心有愧疚给人家补偿，想做恶人但是潜意识却想做个好人，可笑
0,0,1,0,0,0,1,0,0,0,0,0,遇到好笑的哪怕一点点小事我都可以笑半天，不是因为笑点低，我只是假装快乐告诉自己开心起来，但是内心沉的不行在乎别人的想法，一举一动，经常觉得在为别人活着，生活也就没有意义，拼命想融入集体，但是每次都失败也就放弃了一个人自言自语做事散步，玩游戏 谢谢，对不起 经常说但是还是有人说自己
0,0,0,0,0,0,0,0,0,0,0,1,我其实讨厌我爸的自作主张，明明都说好了，我明天一定去上学的，他给班主任打电话，又是一顿说教，说什么为了我好，好吧确实是，但不能听听我的意见吗？我就想冷静一下，一定要逼我，我真的累了，瞒着这个瞒着那个，强打起精神也很累，我就出去散散心
0,0,0,0,0,0,0,0,0,1,0,0,厌恶自己的一切，不敢和别人对视，极度的自卑
0,0,1,0,0,0,0,0,0,0,0,0,住院第三天，消极想法可以控制了基本不会无缘无故冒出来，但是活着还是让我感到疲倦，我甚至有点不想治好我的病，治好了就死不了了
0,0,0,0,0,0,0,0,0,1,0,0,原来觉得自己不怕死只是欠一个理由一个死的原因但是在我找到理由原因的时候我发现，我确实不敢死，连死都不敢相的人。。。真卑微，就这样懦弱一辈子吧，或者哪天闭着眼睛从高楼一跳，什么什么心理医生心理辅导都是骗人的想拜托抑郁症只能靠自己，走不出来就死了算了，不然反而很煎熬
0,0,0,0,0,0,0,0,0,1,0,0,就让我恶心透顶吧
0,0,0,0,0,0,0,0,0,1,0,0,就让我做个恶人吧
0,0,1,0,0,0,1,0,0,0,0,0,今天又派成績了，成績比我想像中的還更糟糕，不知道怎麼辦...努力了這麼久還是沒用，看著身邊的人慢慢進步，我卻停留在原本。我連前面的方向都看不到，我不知道我還可以怎麼做...快高三了，這成績肯定進不了大學。我知道付出過的努力可以沒有收穫，但看在我念念不忘的份上，不要放棄我好嗎。
0,0,0,0,0,0,0,0,0,1,0,0,受不了，最恶心的竟然是自己的家人，或许算不上家人吧？器官捐赠，我连遗体都不想留给她们了
0,0,1,0,0,0,0,0,0,0,0,0,我也觉得生活没意思，时常在想我什么时候才会走到生命尽头
0,1,0,0,0,0,0,0,0,1,0,0,逼我辞职逼我放弃一切，好像从来没有自己选择的权利，傀儡一样，好累好累，想好好和爸妈聊聊，可是他们从来不给我机会
0,0,0,0,0,1,0,0,0,0,0,0,我觉得我现在好累啊。其实。我挺希望有一个人能够理解我，懂我陪着我宠着我。但是我就是遇不到。
0,0,1,0,0,0,0,0,0,0,0,0,临去上班的时候，我请了个病假，可是我并没有发烧，只是单纯地不想见到任何人，不想强装笑容，不想活着
0,1,0,0,0,0,1,0,0,0,0,0,不知道哪里好，浑身的缺点。表达能力也不行，交际也不行。。。
0,0,0,0,0,0,0,0,0,1,0,0,其实我特别特别懦弱，遇到点事情想的只有逃避
0,1,0,0,0,1,0,0,0,0,0,0,做得再好也好 都不會被珍惜
0,0,1,0,0,0,0,0,0,0,0,0,早上起来还是觉得很烦很烦&nbsp;&nbsp;很累很累&nbsp;&nbsp;为什么这么多波折&nbsp;&nbsp;&nbsp;为什么就是我
0,0,1,0,0,0,1,0,0,0,0,0,饭，好久不见。我想和他分手了。我不知道该如何处置自己了。怎么办啊，我好想和他吵架啊。
0,0,1,0,0,0,0,0,0,0,0,0,真的没有想到会到这种地步，饭饭，为什么活着这么累这么难。为什么要来到这个世界上，活着的意义是什么。
0,0,1,0,0,0,0,0,0,0,1,0,好没意思，心灵特别迷茫！好讨厌自己！ 明明死亡可以终结，可是啊总是没勇气，所以只能苟活余生…… 旅游没劲，世界再美无人可享，世界与我无关……
0,1,1,0,0,0,0,0,0,0,0,0,生活真没意思……苟活也累！每天工作麻痹自己！旅游玩什么的都没意思！真的一切毫无意思
0,0,1,0,0,0,1,0,0,0,0,0,又被屁大点事压得喘不过气了根本不知道自己想要什么只能循规蹈矩地努力也不知道为了什么
0,0,0,0,0,1,0,0,0,1,0,0,经常笑只是不想给别人带来负能量，实则内心有多痛苦也就自己知道，有时候活得就像会演戏的小丑，人们只在意他们所看到的表面，当触及真心的时候却又临阵退缩。 我的勇气只有那么几次，每一次几乎都是用尽了全身力气，然而在对方看来可能也只是屈指可数中的一条鱼，甚至都不存在他的故事里。
0,1,1,0,0,1,0,0,0,0,0,0,生病的这些天真的不知怎么过来的 一个接一个的坏消息 等了两年的人又换了一个女朋友 最近好不容易遇到的新的喜欢的人和他前任复合了 这2019连一半都没到 就已经这么难熬了 好像复制了一遍2018 恶心至极 ​​​
0,0,0,0,0,1,0,0,0,0,0,0,断断续续吃了一年的药 并没有感觉到好转 好像拆东墙补西墙每段时间都有不同反应 可能真的治不好吧这个病只能控制 我有家族遗传 已经放弃了 得过且过的 挺矛盾
0,0,1,0,0,0,0,0,0,0,0,0,好想死 好难受 我努力生活了 都认为我过的很好 但是真的好想死 每天每天都想
0,0,1,0,0,0,1,0,0,0,0,0,饭，我又加快了去找你的步伐。的确，生活没了谁都可以过，可是心被掏空的过活又有什么意义呢……我放弃了。这次不是为了能让他愧疚，让他背负骂名了……是我真的放弃了，这生活太重，我寸步难行
0,0,1,0,0,0,1,0,0,0,0,0,有一次和同事吵架没吵几句我就拿起桌上玻璃烟灰缸指着他 他当时没敢说话 其他人也拉住了 不是我吓唬他当时无法控制情绪气到极点，如果他反驳一句我有勇气几烟灰缸砸死他的冲动 现在都不想出门见人也越来越害怕出门
0,0,0,0,0,0,0,0,1,0,0,0,走饭 夏天马上就要来了 我低下头 就能看见手臂上的纹身 那个在我最难熬的时候刻下的纹身 「不如我们从头再来过」 我已经不想再跟他从头来过了 可我每次看到我的手臂 都觉得 这句话 他应该对我说的
0,0,0,0,0,1,0,0,0,0,0,0,真的没有人会在意我 我死了也无所谓
0,0,0,0,0,1,0,0,0,0,0,0,酒精能暂时摆脱焦虑 但是第二天焦虑还是会在那里等你 伴随着宿醉反应
0,0,0,0,0,0,0,0,0,1,0,0,我一点也不够努力…我什么也不想干，我很懒也很怕死，饭饭你真的很厉害，但也许活着，会更好吧
0,0,1,0,0,0,1,0,0,0,0,0,难过，刚到上海，找工作太难，家人又催，我也找不到合适的工作，真的快要崩溃了，我怕熬不过来
0,0,0,0,0,1,0,0,0,0,0,0,好好保护我 好不好 算了 怎么可能有人一直保护我呢
0,0,1,0,0,0,0,0,0,0,0,0,我绝望，厌世，不相信人性，没有快乐。满是痛苦。那活着干什么。
0,0,0,0,0,1,0,0,0,0,0,0,失眠了，好烦，有时候觉得人活着真没意思。感觉自己的最美好的时光已经过去了，从毕业开始，再也不会有在大学时候的那种快乐了。
0,0,0,0,0,1,0,0,0,0,0,0,没有人能救我
0,0,0,0,0,1,0,0,0,0,0,0,感觉身体哪哪都是病
0,0,0,0,0,1,0,0,0,0,0,0,我的情绪是靠药物在维持 一断药就完犊子
0,0,0,0,0,0,0,0,0,1,0,0,下周又得去开药了，开一次药没4分之1生活费。我太败家了
0,0,1,0,0,0,0,0,0,1,0,0,活着竟是这样悲哀的事，看不到未来，不想结婚却被视作怪人，究竟我这一生是在替别人活还是怎样？苟延残喘一样有气无力的坚持着，我不知道能撑到哪天，我不想结婚，就算我真的是怪物，我也没有去伤害别人，我只是希望活得自由些而已。
0,0,1,0,0,0,1,0,0,0,0,0,好累，每天都在被情绪折磨，折磨到我已经无法正常生活了，连洗澡都觉得是一件很累的事情，跟身边所有人说，都没有人相信我，觉得我在作…没有人理解…每天都活着好痛苦…
0,0,0,0,0,0,0,0,0,1,0,0,从小到大担惊受怕 害怕被人欺负 害怕被骗 很容易相信别人 也很容易被打动 像一只流浪狗 傻傻丑丑的 没有人会想要抱一抱
0,1,0,0,0,0,0,0,0,0,0,0,近两年我的新年愿望生日愿望都是希望家人朋友身体健康，可今年大舅走了，所以愿望只能是愿望根本不会实现。我一个26岁的成年人了。居然还像个孩子一样相信愿望。
1,0,0,0,0,0,0,0,0,0,0,0,活着是为了开心吗，那如果活着不开心是不是就没必要了
0,0,0,0,0,1,0,0,0,1,0,0,我知道没有人会心疼我在乎我 毕竟我只是个丑小鸭
0,1,0,0,0,1,0,0,0,0,0,0,嗯对，坚持有什么用呢，反正都是苦难
0,0,1,0,0,0,0,0,0,0,0,0,所以觉得自己太不孝了 可我也痛苦 每天都折磨的要崩溃 我也很累
0,0,0,0,0,1,0,0,0,0,0,0,我不要做噩梦了我不要做噩梦了 没有人会安慰我
0,0,0,0,0,1,0,0,0,0,0,0,深夜崩溃这不是常有的事儿吗？我在矫情什么？爱别离意难平 所有的一切都在折磨着我，不止在折磨我还折磨着世人 为什么要有感情呢，七情六欲 四识五感呢 死了不好吗
0,0,1,0,0,0,0,0,0,0,0,0,谁他妈的来救救我，我真的要崩溃了，压力太大。
0,0,0,0,0,1,0,0,0,0,0,0,今天将是非常难熬的一天好累好累好累好累
0,0,0,0,0,0,0,0,0,1,0,0,饭饭，我好累了，又睡不着觉真的好绝望。[淚]。我只会哭哭哭真是没用，废材
0,0,1,0,0,0,1,0,0,0,0,0,被洗脑花了1000多块钱，我真的好想捅死我自己
0,0,0,0,0,1,0,0,0,0,0,0,不要再等了 不会有人拉你一把的
0,0,0,0,0,0,0,0,0,1,0,0,我爷爷是公务员 奶奶是文工团的 这么好的家庭条件 我爸成家后就混日子 明明可以和其他人一样的 被我爸弄的 呵呵 真不想叫他爸 恶心
0,0,0,0,0,0,0,0,1,0,0,0,照顾自己就很难了 ，真的不应该去喜欢别人的
0,0,1,0,0,0,1,0,1,0,0,0,不管是我的家庭还是感情 都是被伤害的一塌糊涂 我还在努力的活着 为什么呢 其实我早就该死的 其实割喉也不疼的
0,0,0,0,0,0,0,0,0,1,0,0,我爸又在外面骂人 我在房间里听的咯噔一声 每天都活在恐惧和绝望当中 跟一个神经病住在一起 他自己混日子把我害死了 毁了我一辈子
0,0,0,0,0,0,0,0,0,1,0,0,感觉活的很自卑 矛盾的快要爆炸 我好想你
0,0,0,0,0,1,0,0,0,0,0,0,一切都不会好了
0,0,0,0,0,0,0,0,1,0,0,0,我又做错了什么？我最大的错是一开始就不该来到这个世界上我最大的错是一出生就该夭折我最大的错就是离家出走之后就不该活着回来我最大的错就是服药自尽不应该被救我最大的错就是还舔着脸活在这世上！我该死我最该死！
0,1,0,0,0,1,0,0,0,0,0,0,大概所有事情都不会好了
0,0,1,0,0,0,0,0,0,0,0,0,我的今生摯愛對我做了一件事，不辭而別。我不知道接下來生活怎麼能快樂起來。
0,0,0,0,0,0,0,0,0,1,0,0,对方是个很容易接受别人的人，我不行，我做不到，我大概是个自闭儿
0,0,0,0,0,0,0,0,0,1,0,0,我一定是疯了
0,0,0,0,0,0,0,0,0,1,0,0,抱有这样想法的他们才是有病
0,0,0,0,0,0,0,0,0,1,0,0,我从来没想过二妹会这么跟我闹 我找不到说话的人 觉得自己没用 没地方发泄 亲情不是最美好的东西吗？与我似乎从来没有过 反正也过了二十几年了 过够了 可我又怕死 我舍不得家里我捡的那只别人不要的小狗 我是没出息
0,0,1,0,0,0,1,0,0,0,0,0,能不能不爱了，因为爱太痛了，我痛的快死了
0,0,0,0,0,0,0,0,0,1,0,0,然而她不知道我这些年怎么过来的。初中知道了，当时真的自己非常嫌弃自己，觉得自己脏了，真的...被性侵过后伤害是永久的，还会有二次伤害。我感觉自己要疯掉了，太难受了
0,0,0,0,0,1,0,0,0,0,0,0,总之真没人在意的
0,0,0,0,0,0,0,0,1,0,0,0,嗯…所以说我这样的人活该是被人嫌弃的呢
1,0,0,0,0,0,0,0,0,0,0,0,人生真的是 一场赌博 赌输了就是悲剧 赌赢了才是喜剧 赌的时候总在为自己找借口 不会输的 无所谓的 拼一把吧 然而有多少人满盘皆输后抱头痛哭 隐匿在无尽的人海里
0,0,0,0,0,0,0,0,1,0,0,0,这样子的我没有资格和任何人在一起
0,1,0,0,0,1,0,0,0,0,0,0,生活对人的锤骟是不会停止的，当你快乐一点，找到点活下去的意思，走有各种事一件接一件砸在头上。我很不想痛哭。但是我感觉这情绪又来了。一次一次，重击打的你耳鸣眼花，却连还手的对象都没有。为什么人间这么苦呢？
0,0,1,0,0,0,0,0,0,0,0,0,人生，这么的让人很绝望。或者说是我的人生，很绝望。估计死也是这一两年的事了，但先把债还清吧，不想拖累家人
0,0,1,0,0,0,0,0,0,0,0,0,這個社會壞人太多，有時會感到絕望，死去的人也很多，卻無可奈何
0,0,0,0,0,1,0,0,0,1,0,0,我啊 一无是处 甚至尝试过自杀 但没成功 嘻嘻 我的胃病越来越痛 抑郁也越来越严重 但是我不想治疗 我想放纵一把 我做好了面对死亡的准备 但我没有直面生活的勇气 或许这会被别人嘲笑吧 不过 无所谓了 如果哪天我删除了朋友 注销了账号 别担心 我只是想去找走饭聊聊天 我只想去看看那个世界的样子
0,0,0,0,0,0,1,0,0,0,0,0,听到别人的脚步声走向我都会觉得很焦虑，千万不要走过来，千万不要进来啊，我真的想一个人呆着
0,0,0,0,0,0,0,0,0,0,0,1,其实我的自卑很大功劳源于我的舍友[good]
0,0,1,0,0,0,0,0,0,0,0,0,我今晚又哭了，躲在被窝里不敢放声，内心压抑的要窒息，不知道我还有没有明天，我不想这般累，我想快乐
0,0,1,0,0,0,0,0,0,0,0,0,我还是想…有机会的话，我要烂在一个角落里。不需要任何人。
0,0,1,0,0,0,1,0,0,0,0,0,嗯…其实我也知道平时走在大街上别人怎么想我的。但是我忍受不了我爸妈这么说我，真的会崩溃
0,1,0,0,0,1,0,0,0,1,0,0,饭，好久没来了，我发现我再怎么努力让自己正常起来也还是没用，情况时好时坏，我再怎么努力稳定也没用，幻觉，幻听，还有梦里见到的她，好像都来了，莫名的哭，就像疯子一样，我都快受不了自己了
0,0,0,0,0,0,0,0,0,1,0,0,我大概是很暴躁了，改不好论文格式想把电脑都甩出去扔了
0,0,0,0,0,0,0,0,0,1,0,0,挺累的，浑浑噩噩，这些年不知道怎么过的，活成了丧尸
0,0,0,0,0,0,0,0,0,1,0,0,我真的好没用&nbsp;&nbsp;好蠢啊 眼泪都不想掉下来了
0,0,0,0,0,1,0,0,0,0,0,0,全世界真的都不要我了
0,0,1,0,0,0,0,0,0,0,0,0,现在是什么样呢？大概就是，在持续的绝望中混吃等死。
0,0,0,0,0,1,0,0,0,0,0,0,我注定一生孤独
0,0,1,0,0,1,0,0,0,0,0,0,想活着，但是为什么我爱的人都要逼我呢！一次又一次，我真的不知道怎么办了，要不是还有一大堆事情没有做完，我希望真的可以就这样睡着睡着就不要再醒过来了，来带我走吧，我走了他们就不会烦了
0,0,0,0,0,1,0,0,0,0,0,0,没有人救我
0,0,1,0,0,0,0,0,0,1,0,0,我没有工作的能力&nbsp;&nbsp;我一无是处&nbsp;&nbsp;我什么都不会&nbsp;&nbsp;我有很多很多的困难和阻碍 我活着浪费空气 我很痛苦
0,0,0,0,0,0,0,0,1,0,0,0,也可能不是自我贬低 大概我就是这个样子吧
0,0,1,0,0,0,0,0,0,0,0,0,重度真的太难坚持了，每天都没意义，躺在床上一整天，然后发病，自杀等等，我真的很累啊
0,0,0,0,0,1,0,1,0,0,0,0,我真的真的真的很难过了，我不知道我为什么要受这样的折磨，我生在这个世上就是最大的折磨。
0,0,1,0,0,0,1,0,0,0,0,0,我是中度抑郁，平时表面上笑嘻嘻，对每个人都笑，转头说不定就开始哭，我觉得我没什么希望活下去。父母的嫌弃和唾骂，亲人的责备，我真的快疯了。他们最常对我说的就是你要听话，你大了，能不能体谅父母，你怎么那么不懂事。别人都能坚持你为什么不能。网络给了我一点慰藉，感谢那个一直陪我的少年。
0,0,0,0,0,0,0,0,0,1,0,0,饭饭 我很失败
0,0,1,0,0,0,0,0,0,1,0,0,一无是处的我，真的很想离开，真的好想一睡不醒，不用再面对所谓的人际关系，处事原则，讨人喜欢，变得机灵，一个从小被父母说傻，说笨，自尊心从小就被践踏，还要再坚持到什么时候，才会灭亡，我好痛苦，我就一个人，我不想再苦了，我想睡觉，我想离开
0,0,0,0,0,0,1,0,0,0,0,0,坐公交使我焦虑 早起也使我焦虑 就想快进 不用睡觉就好了
0,0,1,0,0,0,0,0,0,1,0,0,嘿，饭饭，好几天没来了，最近真的不开心，感情。工作。生活，都很不顺啊，我一想到要面对那些恶心的人还有事儿，我的胃部就开始不适。我超级想用东西把它给塞满。憋憋的，然后我就可以不那么空了。
0,0,1,0,0,0,0,0,0,0,0,0,我不知道活着的意义是什么，朋友离开上海了，知道朋友见到了她我开始兴奋起来，但往后的几个小时里除了空虚难过和对明天的恐惧之外，我没有任何感觉了。我还没有见到她，她是一个好温柔好真诚的人，可是我觉得我撑不到那一天了。现在外边儿是大太阳，可我就想从楼上跳下去。
0,0,0,0,0,0,0,0,1,1,0,0,可能是我我活该吧，从出生到现在真的就是个loser。没有做成功任何一件事，想好好的谈一场恋爱又异常的艰难。我真的不配吧。
0,1,0,0,0,0,0,0,0,0,0,0,我们家人之间从来没有内心的交流 就算我想说 我妈也马上转移话题了 或许她真的不想聊吧
0,0,1,0,0,0,0,0,0,0,0,0,走饭你知道吗，我今天是真的不想活了，人生好累啊，我以前觉得我妈妈特别不容易，她总说我死了她也活不成了，于是我活着。可是今天的我真的累了，他说我是装样子的，其实不是，如果不是我奶奶我弟弟拦着我，那把刀已经把我的手腕割开了。如果我的死能够使这一切终结，那么我真的愿意。
0,1,0,0,0,0,0,0,0,0,0,0,我好累..真的好累..考试永远过不了 我不能拿我前途去赌 我好害怕
0,0,0,0,0,0,0,0,0,1,0,0,有没有不痛苦的死法&nbsp;&nbsp;&nbsp;我是个胆小鬼
0,0,0,0,0,0,0,0,0,1,0,0,饭饭啊，真的很难受呢，我都变成自己小时候在电视上看到的神经病了，自己都觉得特别矫情何况别人呢。一直很后悔为什么不让父母多生一个弟弟，这样我走了，也不会连累他们呢
0,0,0,0,0,1,0,0,0,0,0,0,预约了星期三的精神科看病，可是我不想治好。所有的现实不会变好，最终都会向我所预想的最坏结果发展的，短暂的健康还有意义吗？祈祷我得绝症，如果有另一个努力奋斗的人有生命危险的话，请用我替换他，也算是愿望。
0,0,0,0,0,0,0,1,0,0,0,0,情绪总是莫名低落，时起时伏，我自己也不知道怎么了！好时感觉整个世界都在发光，一点小事兴奋好久，不好时总想哭。我真不知道自己这是怎么了！ 我很不喜欢周围人随时把抑郁这类词语挂在嘴边，可我解决不了自己的问题。总觉得自己熬不过去，不知道怎么了！
0,0,0,0,0,0,0,0,1,0,1,0,生而为人是我应受的屈辱，生而为人是我不配得到的荣耀 我讨厌吃药，可又停不了，那该死的良心无时无刻不在谴责我，我听见自己说恨我，恶心我，我求她可不可以稍微喜欢我一点，可是没用啊！那么多理智的人说我愚蠢，可是怎么办啊？我已经偏执到回不了头了，看到自己流血，会痛，就会有点放松。
0,1,0,0,0,0,0,0,0,1,1,0,我已经解释到无力，我不想说了，真的，很难过啊！大概我就是个愚昧的人，可我为什么会是个人？为什么非得是我？这世界创造了我，却无时无刻不在嘲笑我，我也很讨厌自己，我为什么还没有死？他们看着我难过，我很羞耻！我听着指责，对不起，是我的错，是我想太多才会抑郁，我很抱歉，可是我真的控制不了
1,0,0,0,0,0,0,0,0,0,0,0,我愤怒的来源的一部分，我物质上也不想舍，精神上也不想舍，这是我的理想状态，可现实是我物质缺少了一部分，精神上的就不会缺失。物质上充足了，精神上就会流走一部分，这是我现在理想和现实的矛盾，我没有办法很好的整合好
0,0,0,0,0,0,0,0,0,1,0,0,其实我愧疚的点在于，我知道我父母给我花的多，给她花的少，我钱花的多得到的东西也多，但我看不见的付出的也不少，比如在这个家，我只能偷偷摸摸，像做贼一样去“享受”这些“战利品”，如果我们姐妹花的一样，我就能光明正大的，但在金钱上能利用的就少了很多，所以啊，一切都是平衡的
0,0,0,0,0,0,1,0,0,0,1,0,我受不了我了，心情不好只会对亲金额的人发脾气，明明他们什么也没做，我想杀了我自己
0,0,1,0,0,0,1,0,0,0,0,0,我所认为的心理学是，你做了什么样的决定，就要承担什么样的后果。但我有的时候真的蒙了。就比如说我的父母给我钱，我买了我需要的东西，但是我妹没有她就问我要，我不想给，我就会有多种复杂的情绪产生，让人非常难受，我看到了纠缠无尽的纠缠
0,0,0,0,0,0,0,0,0,1,0,0,饭，我觉得自己快撑不下去了感觉自己乱糟糟的身边的人都觉得我想太多可是我努力再改来了但是真的好累你能带我走吗你在那个世界还好吗
0,0,0,0,0,0,0,0,0,1,0,0,觉得自己变得越来越冷漠了&nbsp;&nbsp;坐地铁旁边有个人没站稳倒我身上&nbsp;&nbsp;&nbsp;我竟然 懒得去扶一下&nbsp;&nbsp;&nbsp;让她自己扶着我站起来的
0,0,0,0,0,1,0,0,0,0,0,0,父母只不过时时刻刻想着嫁人的事，可是连活都不想了，还会想着别的事吗
0,0,0,0,0,0,0,1,1,0,0,0,上周好难过～然后给自己定了自杀日期！然后每天煎熬的过着！今天是生日～也是我定下的自杀日期！！呐 今天情绪更是不好！！所以 我应该扛不住了～要去见见你了！
0,0,1,0,0,0,0,0,0,0,0,0,这些年依然生活在黑暗中，可是却已经不想要阳光了，担心能够触及阳光的时候，就会害怕一旦失去阳光重回黑暗，那种感觉比从未拥有更加难受
0,0,0,0,0,0,0,0,0,0,0,1,我妹一早起就开始看电视，一直到现在，还在那屋扑腾的跳，跺的地板响，还发出怪声音笑，简直吵死了，烦死了，真想一脚给踢出去
0,0,0,0,0,1,0,0,0,1,0,0,果然自己一无是处
0,1,0,0,0,1,0,0,0,0,0,0,但任何事都不会变好
0,0,0,0,0,0,0,0,1,0,0,0,死是最好的选择
0,0,0,0,0,0,0,0,0,1,0,0,好颓废 不想活了🙃
0,0,0,0,0,0,0,0,0,1,0,0,既然没能力做父母 为什么选择要生下我 他们比刽子手还要可恶
0,0,0,0,0,1,0,0,0,0,0,0,大概就是人间不值得吧
0,0,1,0,0,0,0,0,0,0,0,0,已经累到了极致 我很想睡觉 一闭上眼睛脑海里面就回浮现各种想法 我好孤独啊 我想要健康 我想要快乐
0,0,0,0,0,0,0,0,0,1,0,0,真希望就这样死了，今天又是恶心的一天，我真的&nbsp;&nbsp;&nbsp;&nbsp;……快坚持不下去了
0,0,0,0,0,0,1,0,0,1,0,0,好难受，我真的好多余，明明答应过她，不会再有这个念头的人，可是她不知道她和其他男的在房间里吃火锅，之后还聊了两小时天会让我怎么想吗？好累啊。不过你能开心就好了，我不打扰你了，想休息一下
0,0,1,0,0,0,0,0,0,0,0,0,其实有时候我也会把自己关在房间里，关灯拉上窗帘，只有黑暗陪着我，我自己一个人躲在被子里失声痛哭，心情压抑到了极点，不知道为何很喜欢这种感觉
0,0,0,0,0,0,0,0,0,1,0,0,有时候，总幻想自己手中有刀，然后狠狠的捅进心脏。直到有天，我真的拿起了一把刀，快要往心脏捅去的时候，又触电似的丢开，开始颤抖着不断的骂自己神经病神经病啊。我好害怕。
0,0,0,0,0,0,0,0,0,1,0,0,我活的太失败啦 身边的人几乎都不知道我病了 我也不愿意说 但是我也好想被安慰
0,0,0,0,0,0,0,0,0,1,0,0,那个哥哥知道我给他发了消息 不知道 我一直抱着手机在等他的回复 他或许并不愿意告诉我他的想法吧 应该是我太自私了 怎么奢求一个刚认识的人就把一切都告诉我呢 我应该明白的 我于他而言 只是行人 陌生人
0,0,0,0,0,1,0,0,0,0,0,0,我根本不会变好 我没救了我早就知道
0,0,1,0,0,0,0,0,0,0,0,0,饭饭-我现在都不知道活着是为了什么，感觉毫无意义。但是又怕我的家人们伤心，我不知道怎么样能够做的更好。
0,0,0,0,0,0,0,0,0,1,0,0,我就是很容易对人产生依赖感啊 真是没用 或许那哥哥并不愿意和我聊下去吧 也许他只是出于礼貌 毕竟我对他来说。只是一个陌生人而已啊
0,0,0,0,0,1,0,0,0,0,0,0,众所周知，没有什么能天长地久
0,0,0,0,0,1,0,0,0,1,0,0,有目标的男生计划里没有人，他是一个有野心的人，你也是可有可无，在利益面前可以随便抛弃你
0,0,0,1,0,0,0,0,0,0,0,0,所以我现在就解脱是对的，对不对？？活着到底是为了什么？？？我不懂？？是为了经历很多的痛苦吗？可是痛苦太多了，再美好的事情都失去了发现它的心灵呀。。走饭带我走吧。。这个世界真的没有什么可以期待的了。
0,0,1,0,0,1,0,0,1,0,0,0,走饭我可能真的不该结婚，婚姻更加让人痛苦，更加让我想要解脱。。你不能想象正月十四到现在都发生过哪些可笑的事情。。我的父母如何对待我，我自己选择的丈夫又做了些什么。这些事情我想想就知道以后得日子有多凄苦，那个时候我也许有了孩子，，我的童年是悲哀的，我不想我以后的孩子也会痛苦
0,0,0,0,0,0,1,0,0,1,0,0,她和他两个人在她房间吃火锅，聊的停不下来，我感觉我好多余啊
0,0,0,0,0,0,0,0,1,0,0,0,是我不值得
0,0,1,0,0,0,1,0,0,0,1,0,哈哈二十五岁，马上就二十六啦，还是没有男朋友，我妈担心我嫁不出去，我越来越愧疚，感觉对不起他们，生活工作都是一团乱麻，我也好想闭上眼睛，再也不醒过来
0,0,1,0,0,0,0,0,0,0,0,0,难受的要发疯，情绪找不到出口，我是怎么了。[泪]
0,0,1,0,0,0,0,0,0,0,0,0,每分每秒都活在痛苦绝望中想告别这个世界可每天又在坚持活下去曾经想倾诉却被人嘲笑数落
0,1,0,0,0,1,0,0,0,0,0,0,这一切真的是恶性循环，只会让我更加绝望
0,0,0,0,0,0,0,0,0,1,0,0,我是精神病，我想别人真的抱抱我，陪陪我，可是他们害怕我，他们说要报警来抓我，听到以后我就哭了
0,0,0,0,0,1,0,0,0,0,0,0,永远也等不到那个真正爱我的人
0,0,0,0,0,1,0,0,0,0,0,0,没有人会真的喜欢我
0,0,0,0,0,0,0,0,0,1,0,0,饭，书上说做自己能给自己最大的自信和快乐，可是我不敢，我是不是太怂了[挤眼]
0,1,0,0,0,1,0,0,0,0,0,0,这个世界永远有想也想不到的恶意在等着自己 一切都不值得
0,0,1,0,0,0,0,0,0,0,0,0,因为种种羁绊，我无法解脱，始终找不到活着的意义在哪
0,0,0,0,0,0,0,0,1,0,0,0,饭，也许这就是命，羡慕能解脱的
0,0,1,0,0,1,0,0,0,0,0,0,活着真的是一种负担
0,0,1,0,0,0,0,0,0,0,0,0,我好累 活着真的太累了
0,0,0,0,0,0,0,0,0,1,0,0,早上好，其实又睡了两小时睡不着了哈哈哈，这世界就是这样，谁在乎谁就输了 。所以我就成了走不出来的人
0,0,1,0,0,0,0,0,0,0,0,0,如果难过是一次性的就好了，全部累积在一起痛的想死也没关系，终究都会过去的。这种不能言说，时不时从心底里漫出来的小的难过，才是最折磨人的。一年多了，我不知道什么时候能够结束
0,0,0,0,0,0,0,0,0,1,0,0,我已经感觉不到自己了，大脑混乱，真的很无奈没有一点点调节能力了，不是别人说就能理解的，说不出来的感觉，不知道自己能坚持到什么时候，苟且偷生的活着，没有一点目标了，真的感觉自己只剩一个躯壳了，连自己的家人都感觉很陌生……
0,0,0,0,0,0,0,0,0,1,0,0,也许我就是多余的吧.
0,0,0,0,0,0,0,0,0,1,0,0,没有退路的时候，很容易想开，我好多了！以后顺其自然，随遇而安，该来的会来，该走的不强求。做自己喜欢的事，装扮成自己喜欢的样子，不在意别人的眼光。老了以后，开始旅行，一台车子一车行李，一路风景，最后找个安静的地方，也就这样了吧，做条咸鱼，自由的咸鱼
0,0,1,0,0,0,0,0,0,0,0,0,我怕哪天我就真的这样不见了……变得越来越反感自己了 光是活下去已经用尽全部的力气了
0,0,1,0,0,0,0,0,0,0,0,0,饭，他有新欢了，那个女孩子很好很开朗，是能照亮他的女孩子。他好像慢慢变开心了，真好。真的，我一点也不想他，反而替他高兴遇到了一个这么好的女孩。我呢，继续听我的网易云，越来越喜欢黑夜，越来越喜欢心口空空的感觉，越来越上瘾心碎的声音。那种隐隐约约的痛感才能能证明我还还活着，对吧[可爱]
0,1,0,0,0,0,0,0,0,0,0,0,我好想死我又不敢死，我压力真的好大。为什么他们都不相信我我说我很难过他们都不在意。我的存在是不是真的没意义。
0,1,0,0,0,1,0,0,0,0,0,0,还是都糟透了 什么都做不好 什么都不顺意
0,0,1,0,0,0,1,0,0,0,0,0,饭饭，分手的第三天，昨天的度日如年已经过去了，我希望自己能够睡个好觉，可是那种被什么压着的感觉又出来了，好羡慕那些能够好好睡觉的人。
0,0,0,0,0,0,0,1,0,1,0,0,饭饭 我的情绪又变坏了 我是不是一个很糟糕的人啊
0,0,1,0,0,0,0,0,0,0,0,0,如果你能看到我的内心 你会发现它早已经千苍百孔了 生活已经让我伤痕累累了。
0,0,0,0,0,0,0,0,0,1,0,0,作为一个姬佬…如果我出柜遭到反对 如果到了不得不妥协的地步 我最多做到为了他们一辈子不找女朋友 我为了我自己也一辈子不会找男朋友…虽然我真的找不到女朋友[跪了]
0,0,0,0,0,1,0,0,0,0,0,0,我的快乐维持不了多久就被打回原形
0,0,0,0,0,0,0,0,0,1,0,0,我是一个绝缘体，生活在地球
0,0,1,0,0,0,0,0,0,0,0,0,饭，黑狗没有撕咬我的时候，我以为我是个正常人，可都是错觉，都是错觉，它还是轻易的把我扑倒，撕咬着我，嘲笑着我。白天我高兴的和老朋友打游戏，晚上已经哭了两三次了。盖着被子，我在想能不能用被子窒息死亡，戴着耳机，我在想能不能用耳机线致人死亡，我把耳机线缠在脖子上，然后就哭了，为什么哭
0,0,1,0,0,0,0,0,0,0,0,0,要多烦有多烦 要多痛苦有多痛苦
0,0,0,0,0,0,0,0,0,1,0,0,我太自以为是了 想掐死自己
0,1,0,0,0,0,0,0,0,0,0,0,我真的很努力在活着了，可是对不起，满脑子都是对不起，我总是在做无用功，我什么人都不想见，对不起我也不知道我为什么就哭到停不下来，为什么设想好的全都做不到，为什么好好睡个觉都做不到，我知道不要钻牛角尖，我真的很努力了，可是我真的做不到，求求自己不要哭了，安静一点宝贝，为什么要哭呢
1,0,0,0,0,0,0,0,0,1,0,0,饭，给我安排一场意外吧？我不再撑下去了。最后一次，让我解脱吧？让我扔掉这自卑，扔掉负罪感吧？我不想要再取悦任何人了。我好累好累啊？改不掉这性格，那就让我解脱吧？
0,0,0,0,0,1,0,0,0,0,0,0,可能闪闪发光的人 都不属于我吧
0,0,0,0,0,0,0,0,0,1,0,0,饭，我好傻真的好傻好傻。为他付出了一切，所有所有的一切，钱也没了，身体也垮了。孩子也没有了。可他说我给不了他想要的。为什么我会这么傻？三年来，照顾他的饮食起居，帮工作，出谋划策，我什么都不要，只想跟他在一起，到头来为什么会这样？所有的事情我一个人抗。
0,0,0,0,0,0,0,0,0,1,0,0,我不是想死 我怕痛的 但是那个自卑 自闭 怀疑自己 不自信的自己 讨厌 要杀掉它 但是做不到 我还是舍不得
0,0,0,1,0,0,0,0,0,0,0,0,我啊，就像拿了一个放大镜在看生活，所有的苦难不易都加倍放大了折磨着，我的那一点点的快乐却毫无感觉，甚至一点快乐过后又是无尽的丧…
0,0,1,0,0,0,1,0,0,0,0,0,前几天被辞退了，去年从第一家公司出来陆陆续续换了三四家都没有一家留的久的，最近也没和家里人联系，今晚妈妈跟我视频，我不想接，她说看不到我明天就马上买车票来找我，于是很不耐烦地和家里人视频了，朋友们都很耐心的开导我，可是我觉得我好像一直走不出来，饭饭我是不是很差劲啊
0,0,0,0,0,0,0,0,1,0,0,0,是吧，有时候我在想应该是我的问题，看不进那些东西
0,0,0,0,0,0,0,0,0,1,0,0,我真的喜欢你喜欢到快要疯了
0,0,1,0,0,0,0,0,0,0,0,0,喜欢的工作父母不喜欢，我换！父母安排相亲，我去！不是我不想坚持我自己的路，而是我坚持了很久很久 同样的事 不知道吵过多少次，我累了，很早就累了！很想一死百了，可是现在遇到太多有趣的人，有点舍不得！但是我比以前更累了！很迷茫，不知道怎么办！唉
0,1,0,0,0,0,0,0,0,0,0,0,什么都做不好
0,0,0,0,0,0,0,0,0,1,0,0,讨厌外贸，讨厌做客户的舔狗，讨厌节假日还要回消息
0,0,1,0,0,0,0,0,0,1,0,0,我真的已经开心不起来了 我成为了拖累 被一次次告知让人失望让人觉得心烦让人觉得累 我不想好好活了 我满脑子都想着怎么样死 医生让我要结合心理治疗 我却不愿意
0,0,1,0,0,0,0,0,0,0,0,0,我不喜欢这个世界 我也不喜欢自己
0,0,0,1,0,0,0,0,0,0,0,0,有人爱，有人关心，可我就是觉得很难过，很难过
0,0,0,0,0,0,0,0,0,1,0,0,饭哥，对不起，又懦弱地来你微博下哭泣。我不知从何说起我的悲伤，只知道有一个伤口估计要好久好久才能愈合。
0,0,0,0,0,1,0,0,0,0,0,0,命不久矣了吧。
0,0,1,0,0,0,0,0,0,1,0,0,我老是在想，活着有什么意义呢，挺没趣的。我是这样一个空洞洞的人，没有喜欢的东西，没有很多的朋友，没有想要做的事情，就这样像个孤魂野鬼苟活于世。活着又有什么意思呢
0,0,1,0,0,1,0,0,0,0,0,0,该睡觉了 走饭 晚安 今天不和你讲话了 睡了[心] 其实我想大哭一场再睡 可是哭不出来 算了吧 一切都放下 告诉自己梦醒了而已 你本来就一无所有不是吗
1,0,0,0,0,0,0,0,0,1,0,0,每天都喊着想死掉想死掉 可依然在这个世界上苟且偷生 不是因为我怕死 而是 自己实在不忍心自己死后家人要痛苦好久[跪了] 两者之间 总要有一个自私的 一个无私的 他们可能不知道我有多累多难过 他们说我只是病了 可我不愿承认
0,0,0,0,0,0,0,0,0,1,0,0,饭我太没出息了，都不知道到底为什么在哭，明明今天心情还可以的
0,0,0,0,0,0,0,0,0,1,0,0,软弱
0,0,0,0,0,0,0,0,0,1,0,0,走饭 你知道吗 我心里有好多好多话想要说啊 可真的不知道该从何说起 自己一个人胡言乱语 又要发病了 想让自己的大脑麻痹 想永远地离开
0,1,0,0,0,1,0,0,0,0,0,0,好像没有一个人考虑过我的感受。
0,0,0,0,0,0,0,0,0,1,0,0,我怎么会这么丧
0,0,1,0,0,0,1,0,0,0,0,0,小心翼翼 到后来的试探性依赖 再到后来完全相信你 把心给了你 一直到现在我们结束 你终于成功的让我这辈子都不会再去喜欢和爱了 你成功的抹杀了我这个能力
0,0,1,0,0,0,0,0,0,0,0,0,我真的不知道生活有什么意义，永远离开多好
0,0,0,0,0,1,0,0,1,0,0,0,对啊 一点点爱就好 可是长大了还是得到一点点爱就被抛弃 也许我就不应该活在这个世上 正常人的幸福我是不配拥有的
0,0,0,0,0,0,0,0,0,1,0,0,害怕嘛 很是很怂 也会怕在一起喜欢的人会有不开心的时候怕他不舒服分开我有舍不得想得太多吧
1,0,0,0,0,0,0,0,0,0,0,0,虽然现在很痛苦 很难过 但我好像真的没有过后悔的念头 我真的一点都不后悔 这到底是好是坏啊 走饭
0,0,0,0,0,0,0,0,0,1,0,0,走饭啊 今天不知道该说什么了 人真的都挺自私的 现在我还是怕黑&nbsp;&nbsp;还是一个人孤孤单单的 就这样啊 一直到死掉
0,0,0,0,0,0,0,0,1,0,0,0,应该不可以啦 我没办法和别人在一起
0,0,0,0,0,1,0,0,0,0,0,0,其实 怎么说呢.. 我表面真的很开朗吧 内心却算黑暗吗... 我总是想着如何把一段好的关系给破坏 想着大家是否是喜欢我的 会不会在我背后说我坏话 是不是大家都在虚情假意的跟我做朋友..... 我很烦 我不懂自己在想些什么
0,0,1,0,0,0,0,0,0,0,0,0,晚上打车回学校，经过一条漆黑黑的大路，旁边只有几盏路灯，害怕得不行，脑子里想着各种车祸现场绑架案件，要是死掉该怎么办呀，忽然想起遗书已经写好了，心里就平静下来了
0,1,1,0,0,1,0,0,0,0,0,0,每一分每一秒都是痛苦的
0,0,0,0,0,1,0,0,1,0,0,0,好像是不是必须得一直在焦虑痛苦绝望中渡过才是正常，为什么活着就总得忍受痛苦
0,0,0,0,0,1,0,0,0,0,0,0,我觉得，我一定死得特别早吧
0,0,1,0,0,0,1,0,0,1,0,0,打卡，我今天又分手了，我求了他好长时间，他说好累，真的不想和我走了，我懂很多道理，可是我就是走不出来，从小被孤立的原因吧，我觉得自己就是没有用的人，一个人离开我我真的受不了，我想睡也睡不着，我不敢去医院，也买不到安眠药，就吞了之前买的退黑素，我倒了很多在嘴里，但我还是睡不着
0,0,0,0,0,0,0,0,0,1,0,0,阻止我与别人相处的一点是自卑 另外无法活成自己 害怕别人生气以及害怕别人讨厌自己吧 确实糟糕得很
0,0,1,0,0,0,0,0,0,0,0,0,压力大，亲人不理解，很难过，还有婚前焦虑症
0,0,0,0,0,1,0,0,0,0,0,0,我绝对和他成不了要好的朋友，但我真的好想好想和她成为最要好的朋友。。。
1,0,0,0,0,0,0,0,0,0,0,0,这种天堂地狱随时切换的日子什么时候才能消停一会呀！
0,0,1,0,0,0,0,0,0,0,0,0,我正在偷偷的崩溃，哭，压力好大，好难过
0,1,1,0,0,0,0,0,0,0,0,0,我自杀过俩回，一次是吃安眠药一次是割腕，我一天比一天焦虑，最近，自杀的念头又冒出来，你别说世界大，美好的事情这样的话来恶心我，这个世界一点也不好 可又想到我是爸妈眼里的开心果，如果我死了，我爸妈会不会接受不了， 每过一天，就想，终于又熬过一天了，也不知道什么时候就不想熬也熬不下去了
1,0,0,0,0,0,0,0,0,1,0,0,不知道自己为什么活着 所以想死去 但我不敢对自己动手 一直苟且偷生到现在
0,0,0,1,0,0,0,0,0,0,0,0,我又来了 今天跟朋友出去玩 去到人多的地方 我突然有种很怪的感觉 这个世界好多人 我就算出去玩也觉得好累好累 我不知道我活着是为了什么 工作是为了什么 我其实什么都不想做 什么都不想有
0,0,0,0,1,0,0,0,0,0,0,0,那个哥哥是不是现在已经睡着了啊 不然怎么不回我信息了呢 他都还没有告诉我他的名字呢 是不是我太烦了啊 人家又不认识我 我天天罗里吧嗦找人家干嘛啊 说不定又给他带来困扰了
0,0,0,0,0,1,0,0,0,1,0,0,我没有未来，好像一个乞丐
0,0,0,0,0,0,0,0,0,1,0,0,不行啊，我觉得男人的话还是不太可信。笨蛋，下次不许再这么卑微。
0,0,1,0,0,0,0,0,0,0,0,0,每天难过的偷偷崩溃大哭，和好朋友说她们也只是当我夜来非而已，我真的好累了，我好累了，我连出门看太阳的力气都累的没有了，我好想就这样一觉睡过去别醒来了，就这样好好睡一觉，睡到下辈子……
0,0,0,0,0,0,0,0,0,1,0,0,生活一般感情一般我一般，
0,0,0,0,0,1,0,0,0,0,0,0,走饭姐啊 我今天在你的评论里遇见了一个哥哥 他不是很开心 我找了他聊天 我希望我可以给他带来快乐和希望 我能感同身受他的内心 不过 他好像并不是很在意我的认真啊 [失望][失望][失望]
0,0,1,0,0,0,0,0,0,1,0,0,亲情，友情，职业都无从下手，越来越觉得自己社恐，这人生真的不是自己想要的，想放弃了
0,0,0,0,0,0,0,0,0,1,1,0,饭，生活太痛苦了，今天差点去找你了呢，可不行啊，我还有宝宝，她是个女孩呢，可他们都不喜欢她，我不能丢下她。每天内心倍受煎熬，没有一个人意识到我病了，他们都说我傻，没有一个人知道我一天天的过得多么痛苦，我的宝宝那么可爱，可我是个太糟糕的妈妈，我对不起她，让她跟着我受苦了，我对不起她
0,0,1,0,0,0,0,0,0,0,0,0,走饭 越来越多的时间我情绪开始崩溃了 其实我也不累生活也挺好的没有太多的磨难可是就是没什么好活的了希望到时候我也能鼓足勇气结束吧
0,0,0,0,0,0,0,0,1,0,0,0,太渴望拥有，有时候对别人，对自己都是个负担，比如活着就是个负担。
0,0,0,0,0,0,0,0,1,0,0,0,我这种人真不应该活着
0,0,0,0,0,0,0,0,0,1,0,0,我真的太渴望好了啊，真的是想让身边的人都看一看我啊，我不能这样啊，好像个乞丐啊
0,0,0,0,0,0,0,0,0,1,0,0,简直有病
0,0,0,0,0,1,0,0,0,0,0,0,你才22.我24才毕业，找不到什么好工作，好的都需要考试自己又考不上，身边朋友该结婚的也都结了
0,1,0,0,0,1,0,0,0,0,0,0,谢谢你，但是自己无法掌控的情绪漩涡是摆脱不了了，不会快乐的，活着只是折磨
0,0,0,0,0,0,0,0,0,1,0,0,可是我就是很笨啊，
0,0,0,0,0,1,0,0,0,0,0,0,爱情会发生，但我不相信会发生在我身上，也不相信任何感情真的能够一辈子，希望你们遇到的都能长长久久。
0,0,0,0,0,0,0,0,0,1,0,0,可是我是真的不知道要说什么呀，我知道我很奇怪，我可能还很自私的吧，是这样的，和你们说的每一句话我都会深思熟虑，我真的怕，怕我说错那个字你们就不要我了，我是希望大家都过的好呀，可是我又该怎么办呢，跟每个人的交往我都会不由自主的产生距离，我怕，怕有一个人会看破我，看破我虚无荒诞的内心
0,0,0,0,0,0,0,0,1,0,1,0,我想好好的忏悔一下，关于我做人方面失败的事情。因为得了躁狂症，把曾经的好朋友的微信删掉了。很对不起她，这段感情中，是我不对，我不应该太情绪化把事情弄到这个地步。是我不该。我要好好忏悔。希望我们都能忘掉对方吧，然后各自好好的生活。希望她也能过得好。
0,0,1,0,0,0,0,0,0,0,0,0,嘿 陌生人 今天又因为我的情绪破坏了气氛 老公又叫我离婚 我是不是这样不放手让他没有奔向更好的幸福 可是这个病折磨得大家精疲力尽了 想一个人安安静静的走 不知道怎样才不痛苦的离开 佩服你当初的勇气 当我拿起刀子 它是冰冷的 当我站在高楼上 我觉得好大的风 都是害怕的理由 我明天还能看到天明吗？
0,0,0,1,0,0,0,0,0,0,0,0,看着你的微博就莫名的哭了。挺羡慕你的，可以把自己的不开心当做一个笑话一样调侃地说出来。然后也挺有勇气的。饭饭，要是你还在的话，我真的挺想认识一下你。这么久了，就很烦躁。还有我真的理解不了自己为什么老是不开心。明明生活在这样一个家庭里，身边的人也还行，我真的挺难受的。
0,0,1,0,0,0,0,0,0,0,0,0,走饭，我暴食了，我不敢说，我真的好难过。活着真的好累
0,0,0,0,0,0,0,0,0,0,1,0,有一阵子没来，是我的问题。[失望]抱歉啦，各位朋友。
0,0,0,0,0,0,1,0,0,0,0,0,我快要毕业了，这样就可以回家这样做了，可是在家又会让父母被说闲话，不知道，没有好的办法，我能想到的可能是得病吧，搞垮身体，就容易死亡。
0,0,0,0,0,0,0,0,0,1,0,0,飯飯，我是一無是處，想永遠離開。
0,0,0,0,0,1,0,0,0,0,0,0,隔壁欢声笑语，真好呀，我这辈子，好像都要这样孤独下去了
0,0,0,0,0,0,1,0,0,0,0,0,我就是太依赖她了，不光是依赖她，还依赖身边的每一个人，只要有人稍微对我的态度跟以前不太一样了，我就难过
0,0,0,0,0,1,0,0,0,0,0,0,这次小猪她们估计得恨死我了，姑姑说我死了她也活不了，她的两个孩子怎么办，窒息的感觉越来越强烈了，我马上也要走了
0,0,0,0,0,0,0,0,0,1,0,0,我不能太自私了
0,0,0,0,0,0,0,0,1,1,0,0,所有人都是自私的，就连父母也一样。呵，这一切也是自己作出来的吧，要是当时忍忍不就过去了。自己活该
0,0,0,0,0,1,0,0,0,0,0,0,谁都不要我了，他们都把我扔掉了
0,1,0,0,0,1,0,0,0,0,0,0,我什么都做不好
0,1,0,0,0,1,0,0,0,0,0,0,[微笑]如果你有抑郁症，不要跟你身边的任何一个人说 因为他们都会模式化的告诉你，别开玩笑了
0,0,1,0,0,0,1,0,0,0,0,0,一点小事就能让我崩溃让我嚎啕大哭一晚上，我真的好累
0,0,0,0,0,1,0,0,0,0,0,0,所以和抑郁症谈恋爱是无法完全开心的吧
0,0,1,0,0,0,0,0,0,1,0,0,我现在很颓废 感情 家里 经济 还有自己的身体 心理 我到极限了 所以告诉我怎么死的快没痛苦？
0,0,1,0,0,1,0,0,0,0,0,0,人间不值得，你也不值得。
0,0,0,0,0,1,0,0,0,0,0,0,未来看不到光明
0,0,0,0,0,1,0,0,0,0,0,0,怎么才能正常的与别人交流，好像被这个世界所隔离一下，很难受
0,0,1,0,0,1,0,0,0,0,0,0,“人间不值得 但你值…算了。你也不值得。”
0,0,0,0,0,0,0,0,0,1,0,0,我不太好
0,0,0,0,0,0,0,0,0,1,0,0,哈喽 时隔两年 我又来啦 最近我很差劲 仔细想一想好像都没有真正开心的时候 我想回家 想抱着我的狗 把它搂在怀里 这样我就会特别开心了
0,0,0,0,0,1,0,0,0,0,0,0,發現有些人根本沒有真把當你朋友，朋友有什麼用？當你真出事時也不見得幫得上什麼忙，最多安慰下你僅此而已。
0,0,0,0,0,1,0,0,0,0,0,0,记忆力越来越差了 是不是有一天谁也不记得了&nbsp;&nbsp;是不是更好
0,0,0,0,0,0,1,0,1,1,0,0,我是不是很没用，不小心碰了孩子一下，和他大吵了一顿，然后被他推到了地上。我是不是很没用，连孩子都照顾不好。我是不是很该死……
0,0,0,0,0,0,0,0,0,1,0,0,世界上多的是两条腿的恶人
0,0,0,0,0,1,0,0,0,0,0,0,爸爸妈妈根本就不会带我去看病，熬了半年，一点没好，胳膊上还全是疤，昨天晚上不准备活了，可我高估自己了，我疼的哭出来了，趁别人都不知道我得抑郁症了，我能不能装作什么都没发生，偷偷活下来，哪怕以后还是哭到发抖，我真的很害怕别人在背后偷偷议论我
0,1,0,0,0,1,0,0,0,0,0,0,那些虚伪的爱或人全都远离我了，或者说靠近不了我了
0,0,0,0,0,0,0,0,0,1,0,0,yep我有点毛病
0,0,0,0,0,0,0,0,0,1,0,0,我真的神经病，活在自己的世界走不出去。很无奈很痛苦。如果不是独生女，我恐怕已经…
0,0,1,0,0,0,1,0,0,0,0,0,感觉自己要被撕裂了。让我难受的东西像一汪水填在心里，没有一个出口。我不想活着了，但是我知道我不可能死，因为我死了爱我的人会痛苦。我恨他们的不理解但我舍不得伤害他们。我希望自己得绝症，这样就可以给他们接受我要死去的时间。
0,0,0,0,0,1,0,0,0,0,0,0,饭饭，中午就算正在流泪还在劝别人坚持下去，短短几个小时过去，我自己已经坚持不住了，不知道从什么时候开始，父母已经不是我留下来的牵挂，然后意外的有了我的宝宝，熬过艰难的孕期，然后迎来了我的宝宝，可是除了我没有人爱她。她是我的天使，拯救了我，可我当不好一个好妈妈
0,0,1,0,0,0,0,0,0,0,0,0,毕业以后，工作不顺利。因为毕业异地，和男朋友也分手了。家里投资也赔了很多钱，妈妈也受到了很大的打击，我却无能为力。三四个月胖了十斤，夜里经常睡不着。本该给父母更好生活的年纪现在却更让她们担心我。瞒着我给我找了个稳定的工作，现在就要离开我喜欢的城市回家了。看不到未来
0,0,1,0,0,0,1,0,0,0,0,0,我现在自己一个人，坐在小区的长椅上。风吹的我有点冷，把钱打给家里换房贷，真好。没有工作了，房子5.10到期了，兜里还有10块钱，还有三支烟，没有火机。丧失了工作的勇气。和面对生活的能力。我讨厌来这个世界上走着一圈。
0,0,0,0,0,1,0,0,0,0,0,0,越长大越痛苦，特别是现在，曾今我的说服自己不要去想，好好过日子，但现在我知道，不可能，我做不到，我什么也不敢说不敢做，我活着做什么啊
0,0,0,0,0,1,0,0,0,0,0,0,生活没有任何意义。
0,0,0,0,0,0,0,0,0,1,0,0,饭 我好自私 我就希望有一个人能来救救我
0,0,0,0,0,0,0,0,0,1,0,0,总而言之，我能看到你看不见的，我也能感应到你感受不到的，你身体没了，什么都没了，就是一个穷光蛋
0,0,0,0,0,0,0,0,0,1,0,0,真实讽刺，对他的女儿那么好，还用我的东西，哈哈哈哈哈真的很好，我不是好人，做不到不迁怒，新来的人都知道我的碗和筷子不一样，家人却一点也不在意，无所谓了
0,0,0,0,0,0,0,0,0,1,0,0,曾经我真的认为我是一个不差的女孩子 也许不够成熟 但一定值得一份&quot;非我不可的爱&quot; 可为什么 接近我又逃离我 我真的有这么不堪吗
0,0,0,0,0,0,1,0,0,0,0,0,饭饭，我现在听到别人在我身边聊天，就烦躁，听到刺耳的声音就心慌，吃完东西，就想吐，不睡觉就头疼
0,0,0,0,0,0,0,0,0,1,0,0,饭，我活的太失败了
0,0,0,0,0,0,0,0,0,1,0,0,自己剥夺了自己的快乐，都以为我很坚强，只有自己能看见自己有多懦弱
0,0,0,0,0,0,0,0,0,1,0,0,我一个那么丧的人 居然也在安慰别人
0,0,0,0,0,0,0,0,0,1,0,0,就算我真的有病我也不会让任何人知道我有病不然我真有病了，这就是传说中的奥秘所在
0,0,0,0,0,0,0,0,1,0,0,0,可是我本来就该死了吖，是因为她给我的希望才让我苟延残喘至今的，现在她走了，希望也没啦，说起来还挺感谢她的，让我多活了那么久。
0,0,1,0,0,0,0,0,0,0,0,0,饭啊 我最近总是爱哭 我的神经好像越来越敏感了 觉得吵闹 觉得头疼 我已经23了 讲道理 我觉得自己活够了 很累很累的那种 但是我很害怕 我有好多舍不得的东西呀
0,0,0,0,0,0,1,0,0,0,0,0,又催了，以前有可能的时候一直拦着不让，现在没有可能了，一直催一直催，然后就争吵，恶性循环，一整天难过，什么时候才能替我考虑一下，为我想一下，我觉得一个人挺好的啊，没有伤害，过自己的生活，为什么非要两个人，可不可以不要催我了啊，我好难受啊
0,0,0,0,0,1,0,0,0,0,0,0,没人喜欢我
0,0,1,0,0,0,0,0,0,0,0,0,我也不知道我在丧什么，但就是很难受，丧到死
0,0,0,0,0,1,0,0,0,0,0,0,我才是他们幸福生活的最大障碍[嘻嘻]
0,1,0,0,0,1,0,0,0,0,0,0,很奇怪 今天异常的想她 可能是快要来姨妈了吧 仿佛这世上的快乐都与我无关
0,0,0,0,0,0,0,0,0,1,0,0,我太没用了
0,1,0,0,0,1,0,0,0,0,0,0,死是一定会死的， 解脱是不会解脱的， 死都不会解脱的
0,0,0,0,0,0,0,0,0,1,0,0,对不起，我活着很卑微，等那天我不想卑微了就会离开这个世界
0,0,0,0,0,0,0,0,0,0,1,0,理所当然的认为自己没问题，可是处处是问题，既然都认为没责任，所以啊，最后是我的问题
0,0,0,0,0,1,0,0,0,1,0,0,我真的真的好喜欢好喜欢你啊 可是那怎么办呢 你看你啊 像是月光 明亮纯洁 我只是黑暗里的尘埃。永远无法靠近你&nbsp;&nbsp;我只希望这一世你能永远幸福快乐 你的家庭多美满啊 我真的不想给你造成困扰 那我就悄悄藏好了 我下一世一定会在对的时间遇见你 那个时候 你就不要把我当小孩了
0,0,0,0,0,0,0,0,0,1,0,0,你其实挺自私的，不想要自己难过，所以选择让我难过
0,0,0,0,0,0,0,0,0,1,0,0,昨天被一个人欺骗得好惨，真想不通这世上有如此丑陋的人。丑陋的人心!
0,0,0,0,0,0,0,0,1,0,0,0,饭饭，如果没有我该多好，能不能来带走我
0,0,0,0,0,1,0,0,0,1,0,0,饭啊，我好像得抑郁症了，羡慕你做了自己喜欢的人，世界上没有人在乎我的感受呢，我也想自杀，但时间上我不放心的有太多，连这世界都不让我安心的死去，我是不是太贪生怕死，可以抱抱我吗，永远不放开的那种💔
0,0,0,0,0,0,0,0,0,1,0,0,自信会让我极度没有安全感，可在人前的时候我又必须摆出一副自信的样子。&nbsp;&nbsp;所以只有在每天晚上，缩在被窝里的时候，我才敢跟我的自卑和安全感一起相处。有时候，我甚至只能靠着墙角或者是床板才能睡着。&nbsp;&nbsp;以前害怕自己猝死在房间中几个月无人发现，现在巴不得在床上发生一场意外。
0,0,1,0,0,0,0,0,0,0,0,0,受够了每天上课到一半崩溃到去厕所大哭 一整天除了在吃药都没有别的记忆，几天几天的睡不着
0,1,0,0,0,0,0,0,0,0,0,0,觉得以前做的事 都是错误的，哎，痛苦
0,0,1,0,0,0,0,0,0,0,0,0,我羡慕别人能做自己喜欢的事，想学跳舞，但家里没法支出费用，想买喜欢的衣服，但我喜欢的别人都不喜欢，喜欢吃芝士和蛋糕，但妈妈不喜欢，考了个好学校，因为学费贵去了一个不喜欢的，没人愿意听我的故事，我不敢难过，因为会被说做作，我不敢流泪，因为在父母面前必须坚强，早点结束吧这操蛋的生活…
0,1,0,0,0,0,0,0,0,0,0,0,从不被理解，也不需要被理解
0,0,0,0,0,0,0,0,0,0,1,0,都是我不好
0,0,1,0,0,0,0,0,0,0,0,0,饭你在那边过的还好吗？！我发现我最近有点严重了，什么都不想做，动不动就哭，记忆力反应力都在下降，甚至连我六岁的儿子都不想管了……想去医院看看、又好怕真的确诊了，日子好难过啊，真的好难熬
0,0,0,0,0,1,0,0,0,0,0,0,好像再怎么努力 我也比不上靠运气或者极少努力就能考好的人
0,0,0,1,0,0,0,0,0,0,0,0,身边还是很美好的啊，为什么我还总想哭。
0,0,0,0,0,0,1,0,0,0,0,0,饭，昨天我刚被确诊中度抑郁，医生给我开了药我不想吃，我害怕副作用。家里人知道了之后说我什么事都没有，就是自己瞎想出来的病，听到这些话我恨不得即刻去世
0,0,1,0,0,0,0,0,0,0,0,0,厌恶这世上的人，事，厌恶所有的一切，包括我自己本身，想死，真的想死…
0,1,0,0,0,1,0,0,0,1,0,0,抱歉很晚才认识你，不过怎么说呢，能够认识就不算晚[心] 我总会觉得自己有一段日子超自卑，莫名其妙就想哭发脾气，好像什么什么都做不好，任何人都比我优秀。不过现在大概大学要毕业了，人老了竟然也就佛了[酸] 希望来这儿的小伙伴能找到属于自己的那份开心和幸福吧，即使微不足道[心]别忘了有人陪。
0,0,0,0,0,0,0,0,0,1,0,0,大部分人其实都有或多或少自卑的～我有时候也会觉得自己挺糟糕的，不过要自己找一找发泄的方法，比如听一听音乐掉一掉眼泪，只要你开心只要不伤害自己都好～ 身边可能真的有人没法理解自己，因为有一部分人天生不会主动也学不会撒娇，我也算是其中一员，不过反过来想，在小世界自得其乐未尝不可
0,0,1,0,0,0,0,0,0,0,0,0,我想要拥抱，可我一次次的推开这个拥抱，是怕再一次的受伤，我现在一无所有，有的只是这个一条不值得的命，我想结束，结束掉所有的一切，就当我没有来过这世上一样，寻不到我的任何！
0,0,0,0,0,0,0,0,0,1,0,0,"好像没有什么可以依赖相信的人了,对家人也疏离,我感觉真的我很糟糕啊"
0,0,0,0,0,0,0,0,0,1,0,0,我太差了
0,0,0,0,0,0,0,0,0,1,0,0,我不喜欢现在的自己&nbsp;&nbsp;纠结&nbsp;&nbsp;懦弱&nbsp;&nbsp;胆小&nbsp;&nbsp;我发现&nbsp;&nbsp;就这么盯着手机我能坐好久&nbsp;&nbsp;我比昨天更喜欢你了&nbsp;&nbsp;抱歉我遇见不到最好的自己&nbsp;&nbsp;愿来世不在为人
0,1,1,0,0,0,0,0,0,0,0,0,怎么办啊。我什么都做不了。没有一点温暖。对不起，我找不到活下去的意义。
0,1,0,0,0,0,0,0,0,0,0,0,为什么不幸的总是自己呢？他们总说你这算什么事。是啊，都是压死我的稻草
0,0,1,0,0,0,1,0,0,0,0,0,昨天清明上坟，突然意识到爸爸走了已经6年了…………最近又经常跟男朋友吵架 工作压力又大 突然好崩溃 偷偷躲在房间里哭 都不敢让妈妈听到 我好难过 饭饭你带我走吧……我好累
1,0,0,0,0,0,0,0,0,0,0,0,这个想法一直没有在我脑海若隐若现，或者我战胜它，或许被它拖入深渊。
0,0,0,0,0,0,0,0,0,1,0,0,我骗他我有对象了以后不联系了，其实我屁都没有，孤独的像条狗
0,0,0,0,0,1,0,0,0,0,0,0,焦虑只会越来越严重
0,1,0,0,0,0,0,0,0,0,0,0,原来生活从来没有对我好过，呵呵。此刻我只感觉瑟瑟发抖，又一次见证了人心最丑陋最恶心的一面。
0,0,0,0,0,1,0,0,0,0,0,0,不会好了 不会
1,0,0,0,0,1,0,0,0,0,0,0,为什么别人都活的这么好，我每次活的这么差
0,0,0,0,0,1,0,0,0,0,0,0,唉 生活只会变得更加不好啊 我可以陪陪你吗 你在的宇宙是不是可以飞在空中自由自在 快乐无限呢 或者 我想永远跟你一起 活着真的好苦啊
0,0,0,0,0,0,1,0,0,1,0,0,家人朋友都抛弃了我 我是多失败哈哈哈哈哈 一切都没有意义了 谢谢你安慰我 安慰了这么多人 你会幸福的
0,0,0,0,0,0,0,0,0,1,0,0,又是哪个猪蹄子啊？想归想但是这个时间你不睡觉伤身体啊喂，快给我睡觉(ﾉ｀⊿´)ﾉ
1,0,0,0,0,0,0,0,0,0,0,0,反正对于我妈来说，我的这些行为，都是在作，要么是闲，要么就是在气她
0,0,0,0,0,0,0,0,1,0,0,0,所以到底是抑郁还是社恐，不对，应该是都有才对
0,0,0,0,0,0,0,0,0,1,0,0,怎么能是祸害呢，要相信，你是白菜，他才是猪
0,0,0,0,0,1,0,0,0,1,0,0,我妈肯定有焦虑症因为子女的没出息 看看 这都三点多了她还在自言自语 谁少了她钱💰
0,0,1,0,0,0,0,0,0,0,0,0,无所谓了吧 四月的春天都救不了我 站在太阳下面 我只觉得遗憾 如果能重来 我会做的好一点吧 唉 无所谓了 我用棉花塞满了我的伤口 日复一 等到他们溃烂的一天 就不要说我没有坚持过吧 起码现在的眼泪 都是为坚持而流的
0,0,1,0,0,0,0,0,0,0,0,0,活着也没有多重要吧
0,0,1,0,0,0,0,0,0,1,1,0,饭 又是凌晨3点半 我觉得我已经是个神经病了 连做梦都在否定自己 陷入无休止的恶循环 我还记得那种感受 真的难受 从里到外的厌恶自己 骂自己 越是沉沦 越是难过 越是难过 越是沉溺 我终于懂了 我有一天也会去找你的吧 也不知道你见到我会不会笑话我在你微博底下留了那么多言 也许我根本见不到你
0,0,0,1,0,0,0,0,0,0,0,0,饭饭，我遇到了一个温柔的男孩子，他给我唱歌，教我怎么学英语，安慰我让我好好活下去，熬夜陪我聊天，说我在他眼中只有可爱。我真的很谢谢他，不嫌弃我的一切。可是我，还是不想活下去，我已经祸害了我所有的家人我不想再祸害他这么好的一个人了。
0,0,1,0,0,0,0,0,0,0,0,0,每天晚上都希望第二天死掉
0,0,0,0,0,1,0,0,0,0,0,0,我看我的心结永远都解不开了
0,1,0,0,0,1,0,0,0,0,0,0,有没有这样一个人，他/她的离开，让你觉得自己的灵魂也缺失了一块……这一块不是时间能弥补的...没了就是没了…… 一次次的转世轮回，就为了寻找这一块，也许这世依旧找不到，也许来世也可能找不到... 依旧执念的寻找，直到找到缺失的这一块，也许再也找不到，直到自己的魂魄灰飞烟灭……
1,0,0,0,0,0,0,0,0,0,0,0,既然不能帮到我就早点放弃我吧
0,0,1,0,0,0,0,0,0,0,0,0,自己停了药，情绪完全崩溃，真的活着好累，为什么死不了为什么？活着一天折磨我一天
0,1,0,0,0,1,0,1,0,0,0,0,我真是记性差到极点，记忆混乱到极点，脾气差到极点，心情差到极点，干什么都不行
0,0,0,0,0,0,0,0,0,1,0,0,挺羡慕别人晒自拍在朋友圈 我看着我自己都觉得恶心
0,0,0,0,0,1,0,0,0,0,0,0,你就是不喜欢我不喜欢我不喜欢我
0,0,1,0,0,0,1,0,0,0,0,0,饭饭，分手第二天，我已经接受了分手事实&nbsp;&nbsp;但是情绪不停陷入崩溃 时不时大哭
1,0,0,0,0,0,0,0,0,0,0,0,要么让我快点好起来，要么让我得个绝症，要病就病得彻底一点
0,0,1,0,0,1,0,0,0,0,0,0,感觉自己压力好大，不知道下一步怎么办了，工作看不到希望。努力也看不到未来
0,0,0,0,0,0,0,0,0,1,0,0,我真的觉得自己烂透了
0,0,0,0,0,0,0,0,1,0,0,0,我就不应该相信任何人
0,0,0,0,0,0,0,0,0,1,0,0,为什么我那么胖那么丑
0,0,0,0,0,1,0,0,0,0,0,0,为什么我什么都做不好呢
0,0,1,0,0,0,0,0,0,0,0,0,我什么都不想干 想沉下去 一点点掉下去 无底洞似的 摔不死也活不成
0,0,0,0,0,0,0,0,0,1,0,0,你就是个骗子
0,0,0,0,0,0,1,0,0,0,0,0,我朋友说 终于明白为什么你刚来宿舍的时候那么多东西不会了 因为你被保护的太好了 我也觉得啊 我以前真的是被保护的太好了 有男朋友保护 家里也不缺钱 和和睦睦的 可是男朋友背叛我了 家里生意也出经济问题了 这些事情都一起来的 他们把我压迫了 强制性把我换性格了[淚]
0,0,1,0,0,1,0,0,0,0,0,0,反正没办法控制情绪了 我一定要好起来啊 或者千万不要好起来啊 越来越糟才更好
0,0,0,0,0,0,0,0,0,1,0,0,我贪生怕死，却又不配活着
0,0,0,0,0,0,0,0,0,0,1,0,是我让我自己的生活变成这样
0,0,0,0,0,0,0,0,0,1,1,0,我没有朋友没有男朋友没有真的喜欢我的人我干什么爸妈都不会理解我 都是我自己作成这样 我是个废人
0,0,1,0,0,0,1,0,1,0,0,0,饭饭，割了之后会不会好点？我这么丑是不是应该死了？
0,0,0,0,0,0,0,0,0,1,0,0,饭饭，还差500块想割双眼皮好久了，觉得自己好丑。
0,1,0,0,0,1,0,0,0,0,0,0,真讨厌啊 自己明明什么都做不到呢
0,0,0,0,0,0,0,0,0,1,1,0,我又来了，现在心里特别难受，感觉人生无望，觉得特别对不起父母，我一把年纪的人了，还要他们操心，我怎么这么无能
0,0,1,0,0,0,0,0,0,0,0,0,现在已经平淡了 毕竟还没有出社会 人性最初的恶我已经尝过了 等到看过了人类最坏的本性 让我再不屑一点 体验绝望的日子 就无憾了 也没有什么好期许的 我只希望现在可以让自己快乐一点
0,0,0,0,0,0,0,0,0,1,0,0,我真够恶心的
0,0,0,0,0,0,0,0,0,1,0,0,祝我早点死吧！这种那么晦气倒霉的人，活着浪费空气
0,0,0,0,0,1,0,0,0,1,0,0,爱我的人，选择了离开。。。可能我是个孤独终老的命格吧。。
0,0,1,0,0,0,0,0,0,0,0,0,可是活着好累 心里好累 身体好累
0,0,0,0,0,0,0,0,1,0,0,0,他都还心安理得活着凭什么你去遭受他应该遭受的报应
0,0,1,0,0,0,1,0,0,0,0,0,有没有人能带我一起工作啊，我没有勇气去面对这个社会，没有勇气去证明自己，没有勇气因为自己什么都不知道什么都不懂我活着到底有什么用
0,0,0,1,0,0,0,0,0,0,0,0,没有快乐 没有灵魂 没有兴趣&nbsp;&nbsp;什么都没有的 一个躯壳而已&nbsp;&nbsp;看到一些暖 也会难过
0,1,0,0,0,1,0,0,0,0,0,0,对不起 世界给我的反馈可能是不会好了 一直一直
0,0,0,0,0,1,0,0,0,0,0,0,昨天终于去了心理咨询。其实是一件一直没有勇气去做的事情，去了之后才确认了其实我真的真的一只脚已经离开地面了。我会虽然会继续活着，但我却确定我无法获得快乐。
0,0,1,0,0,0,0,0,0,0,0,0,本来以为不会好起来，也不会恶化了，还是我天真了，人间真的不值得，我也不值得。
0,0,1,0,0,0,0,0,0,0,0,0,饭 厦门自杀一次 北京自杀一次 初三家里报了一次失踪 三次了见警察 进去两回了 为什么我要这么惨 为什么欺负我的人活的那么好 为什么我这么累 为什么没有一种药 能让我没有痛苦死掉 为什么没有一种药 能让欺负我的那个男人万劫不复的痛苦死掉 好累 好想睡
0,0,0,0,0,0,0,0,0,1,0,0,“你每天都这么消极能不能积极一点？”“你这样让人感到很烦你知不知道？”“你成天想这么多就是因为太闲。”这是我听过最多的安慰我的话，一句句都像刀子一样刺穿着心，在布满荆棘的路上找自己，走着走着走散了，行尸走肉般的存活着，痛苦着。这辈子浑浑噩噩的下去吧，下辈子不当人了，厌恶了。
0,0,0,0,0,0,0,0,0,1,0,0,饭 好疼啊 坚持不下去了 又哭了 我还有眼泪可以哭 却没有勇气报警 弄死那个负心汉
0,0,0,0,0,1,0,0,0,0,0,0,什么都不会好了
0,0,0,0,0,0,0,0,0,1,0,0,这还是男朋友吗？这不整个一诈骗犯吗？
0,0,0,0,0,1,0,0,0,0,0,0,然而你要明白的是 你的父母不可能成为你理想中的那种完美周到的样子 他们不会改变 你要做的就是逃 能逃多远谈多远 再也不要回来了 再也不要靠近他们了
0,0,1,0,0,0,0,0,0,0,0,0,被男朋友骗了几十万 自己又是抑郁症 你要我怎么活
0,0,0,0,0,0,0,0,0,1,0,0,有一个人就快死了，我在等他死，因为有怨恨，如果他死了，我会很开心吧？也许会…我还希望有几个人死，她们都死了我会更开心。对，有些时候我特别阴暗且恶毒。我对那些对我好的人可以无限制的宠溺报答，无底线的好，去付出。但是反之我也格外的狠毒…爱恨分明算不算阴暗呢？嘻嘻
0,0,0,0,0,1,0,0,0,0,0,0,我也想走，我也很想死，但是我觉得我每一句话都像在说我想活着，但是可能只有死才能证明我活过，走饭姐姐，如果有一天你看到我了，我们拥抱一下吧
0,0,0,0,0,0,0,0,0,1,0,0,走在人满为患的大街，感觉自己孤独得像尘，随风飘散
0,0,1,0,0,0,0,0,0,0,0,0,忽如其来的恐惧像阴影一样罩在我身上无法脱离，这种窒息感让我感觉自己随时会死去[失望]
0,1,0,0,0,0,0,0,0,0,0,0,早上哭到下午，眼睛现在还疼。我很想找到希望，可是生活处处都是天坑
1,0,0,0,0,0,0,0,0,0,0,0,既然活着不能让自己快乐那为什么要活着
0,0,1,0,0,0,0,0,0,0,0,0,每天都让人觉得生活无望
0,1,0,0,0,0,0,0,0,0,0,0,每天都是这个死样子
0,0,0,0,0,0,1,0,0,1,0,0,看吧 我又在哭了 真没用
0,0,0,0,0,1,0,0,0,0,0,0,如果我不在了，是不是一切都会好起来 是不是有我就没有快乐，我不在了，会有人记得我吗
0,0,0,0,0,1,0,0,0,0,0,0,饭，今天我被赶出来了，我无处落脚，我知道，这是上天在不断的逼我走上绝路。他连1.5平方米的安身之处都不肯给我。我对着我的凉席说，你跟我都好可怜，天下之大，竟然没有你我的容身之处，或许你最好的归宿是垃圾桶，而我则是坟场。但我终究还是没有把他扔进垃圾桶，因为这张凉席还愿意与我相依为命。
0,0,0,0,0,1,0,0,0,0,0,0,得了抑郁症，活着就不再是一件美好的事了
0,0,0,0,0,1,1,0,0,0,0,0,饭，我错过了报名时间，我参加不了考试了，我没有跟任何人说，因为这件事，我自己已经很痛苦了，如果我跟别人说，又会受到指责了，那样就会更痛苦。你能懂我的吧，饭。
0,0,0,0,0,0,0,0,1,0,0,0,昨晚和朋友讨论怎么死才会不痛苦&nbsp;&nbsp;以前呢&nbsp;&nbsp;都是怕死怕疼又想死&nbsp;&nbsp;&nbsp;从昨天开始好像就不怕痛了呢&nbsp;&nbsp;&nbsp;好像是一瞬间就觉着该彻底放下这一切了
0,0,0,0,0,0,0,0,1,0,0,0,不知道到哪里去买安眠药，我现在觉得死，是一件好快乐的事，我要是可以死，该多幸福
0,0,0,0,0,1,0,0,0,0,0,0,我是今天才知道“走饭”这个微博的，在知乎上看到的。来这里评论的人，一定都活的不容易吧。我也是。
0,0,0,0,0,1,0,0,0,1,0,0,恐怖的原生家庭童年的阴影&nbsp;&nbsp;恐怕这下半辈子都治愈不了&nbsp;&nbsp;&nbsp;最困难的时候是迎来血缘关系最难听的话&nbsp;&nbsp;多亏了我不要脸死皮赖脸的跑回来住&nbsp;&nbsp;要不然我还得到处去找地方住 不想活的那么累 要不就躺着不动眼泪要流就让它流&nbsp;&nbsp;奢求一觉睡过去永远不醒
0,0,1,0,0,0,0,0,0,0,0,0,我又来了，我受不住了，我这两天把每一段感情都搞砸啦……我每次都在后悔为什么我要这样做 可是每一次我都会这样 我好累我想睡了 我感受不到爱 人生真的很没意思对吧
0,0,1,0,0,0,0,0,0,0,0,0,又冷又饿&nbsp;&nbsp;&nbsp;想下去吃点东西&nbsp;&nbsp;家里一群人乐乐呵呵的聊着天&nbsp;&nbsp;我怕我下去她们见到我又是各种刨根问底&nbsp;&nbsp;&nbsp;说话的力气都没有&nbsp;&nbsp;所有的朋友在你患难的时候都悄无声息了&nbsp;&nbsp;&nbsp;家人也在背后到处各种大肆宣扬我有病我差点死掉&nbsp;&nbsp;&nbsp;&nbsp;情绪失控&nbsp;&nbsp;&nbsp;各种想哭&nbsp;&nbsp;&nbsp;躺着眼泪就没停过&nbsp;&nbsp;想想以后要每天吃药都难受 好累 活着好辛苦
0,0,0,0,0,0,1,0,0,0,0,0,他拒绝好友申请 我好难过 心好痛
0,0,0,0,0,0,0,0,0,1,0,0,我只敢在评论里叫嚣我的抑郁，却不敢发圈，我想我是一个懦弱的孤独患者
0,0,0,0,0,1,0,0,0,0,0,0,你看呐 你消失所有人都不会记得你来过呢！或者更本就没存在过[失望][失望]
0,0,0,0,0,1,0,0,0,0,0,0,总是有一种无力感，就好像被人突然抽走了所有。感觉没有一个人能理解我。难受
0,0,0,0,0,0,0,0,0,1,0,0,我不喜欢晚上，一点也不。讨厌那个无法控制又心无比肮脏的我。晚上和白天根本就不是一个人啊。
0,0,0,0,0,0,0,0,0,1,0,0,2019，依旧是卑微仔一个。
0,0,0,0,0,0,0,0,1,0,0,0,我这种人不配吧
0,0,0,0,0,0,0,0,0,1,0,0,我真的废柴啊 看见生活的残酷就不敢动弹了
0,0,1,0,0,0,0,0,0,0,0,0,没有快乐的事，一天天的真的很累[伤心]压力太大了，我已经放弃了
0,0,1,0,0,1,0,0,0,0,0,0,我好难过啊，好难过好难过，可是没有人可以听我说没有人能值得我去分享，我又害怕又冷，太难了活着太难了。
0,0,0,0,0,0,0,0,0,1,0,0,我总是在逃避 我好没用
0,0,0,0,0,1,0,0,0,0,0,0,没有人看得到
0,0,0,0,0,1,0,0,0,0,0,0,没有人会在乎我开不开心 大家也都不知道
0,0,0,0,0,1,0,0,0,0,0,0,其实这也就是生活，它逼迫着你，希望其他人能走开困难，我最近也遇到难言的事情，也许世人都是苦命人，希望我度开吧
0,0,1,0,0,0,0,0,0,0,0,0,一切都好糟糕。
0,0,1,0,0,0,0,0,0,1,0,0,在吃一碗猪食 很难吃又很大份 我自虐的依然吃下去并决定吃完 是的 我在贬低我自己 我在发烧 头疼 我一个人 我被抛弃了
0,1,0,0,0,0,0,0,0,0,0,0,因为会做一些糟糕的决定，所以，越来越差越来越差
0,0,1,0,0,0,0,0,0,1,0,0,饭饭，我想走了，我在开始准备，玻璃心的我要活下去真的好难好难，我总是因为一些小事难过，我受够了，还有我知道这个世界上的人还有好多好多好的，但我们那个班的人，恶心死了
0,0,0,0,0,0,0,0,0,1,0,0,我是杀了人还是放了火，让你这么怕我，我知道你不在乎我，我没想过跟你在一起了，你凭什么这么伤害我，我对你是真心的，但是你呢，为什么我就要陷入这种无边的黑暗中，你却当什么事都没有发生过，我知道我脆弱，我矫情，我知道我有很多缺点，可你为什么还要伤害我，为什么
0,0,0,0,0,0,0,0,0,1,0,0,感觉自己要精分了
0,0,0,0,0,0,0,0,0,1,0,0,我为何如此堕落
0,0,1,0,0,0,0,0,0,0,0,0,生活无望
0,0,0,0,0,1,0,0,0,0,0,0,为什么没人善待我
0,0,0,0,0,0,0,0,0,1,0,0,什么狗屁朋友 表面装的真好
0,0,1,0,0,0,0,0,0,0,0,0,十几二十岁的时候，我就开始整天想死，那时就诊断为抑郁症，过了十几二十年，快四十岁了，还是一遇到不想面对的事情时，就想离开这个世界，死的念头一直没停过，想的最多的是，如果没来过这个世界，那该多好啊。
0,0,0,0,0,0,0,0,0,1,0,0,我真的变成了一个非常糟糕的人 好难过
0,0,1,0,0,0,0,0,0,0,0,0,如果死掉就好了&nbsp;&nbsp;活着就是一件让人难以忍受的事&nbsp;&nbsp;仿佛空气都变得稀薄&nbsp;&nbsp;每时每刻都面对着让人无法忍受的孤独与恐惧
0,0,1,0,0,1,0,0,0,0,0,0,原来这里有这么多相似的人。从早上八点醒了之后就没起，饿但是不想起。只想哭，哭得眼泪都没了。每天活的好痛苦，不知道这么大年纪了辞职还能做什么，没有一技之长没有学历没有长相没有背景。30了越来越焦虑 没对象没人爱一听有人要给我介绍对象就发自心底的排斥。我想我是完了
0,0,0,0,0,0,0,0,0,1,0,0,我只是一个寄生虫而已。
0,0,0,0,0,0,0,0,0,1,0,0,饭饭，我还是调整不好我的心态。我不想去上学了真的不愿意了，我害怕学校，我只是一个很懦弱的人而已，我想告诉我爸所有的事情，我想休学，但我又害怕他对我失望
0,0,0,0,0,0,0,0,0,1,0,0,赚钱赚的好少，每天低头像狗一样，整天嘴里就是没钱没钱，被人看不起啊，活着没意思，但还要为了父母赚钱，我活着就是要孝顺
0,0,0,0,0,1,0,0,0,0,0,0,饭饭今天早上和爸妈还有爷爷去扫墓的地方烧纸了，遇见了爸爸那边的亲戚，还是没有变，会越来越糟，“一直听到你妈妈在叽叽喳喳的，你还是不喜欢说话啊”，听到这样的话我还是沉默不语不不知道怎样应对，好糟糕
0,0,1,0,0,0,0,0,0,0,0,0,饭饭，我又来了，昨天觉得有点甜，今天又觉得好苦了，没有了阳光，整个人都觉得好丧，想要逃离，可是我又该逃哪里去呢？
0,0,0,0,0,0,0,0,1,0,0,0,今年第不知道多少次的崩溃，或许我本来就不该存在
