id,内容,非此即彼,以偏概全,心理过滤,否定正面思考,读心术,先知错误,放大,情绪化推理,应该式,乱贴标签,罪责归己,罪责归他
1,做得再好也好都不被珍惜,0,1,0,0,0,1,0,0,0,0,0,0
2,自卑的种子已经在我心中长成参天大树了,0,0,0,0,0,0,0,0,0,1,0,0
3,我为什么还活着我介个拖油瓶又一次度过了艰难的一天加油,0,0,0,0,0,0,0,0,0,1,0,0
4,我真的已经开心不起来了我成为了拖累被一次次告知让人失望让人觉得心烦让人觉得累我不想好好活了我满脑子都想着怎么样死医生让我要结合心理治疗我却不愿意,0,0,1,0,0,0,0,0,0,1,0,0
5,没有人能救我,0,0,0,0,0,1,0,0,0,0,0,0
6,饭我有些分不清自己是抑郁还是懦弱失望,0,0,0,0,0,0,0,0,0,1,0,0
7,活着就是等死从身体到心一点一点失去力量,0,0,1,0,0,0,0,0,0,0,0,0
8,饭今天我被赶出来了我无处落脚我知道这是上天在不断的逼我走上绝路他连平方米的安身之处都不肯给我我对着我的凉席说你跟我都好可怜天下之大竟然没有你我的容身之处或许你最好的归宿是垃圾桶而我则是坟场但我终究还是没有把他扔进垃圾桶因为这张凉席还愿意与我相依为命,0,0,0,0,0,1,0,0,0,0,0,0
9,我拼命去讨好别人但是最后我还是被扔掉了我的真心就是那么不值钱,0,0,0,0,0,0,0,0,1,0,0,0
10,她和他两个人在她房间吃火锅聊的停不下来我感觉我好多余啊,0,0,0,0,0,0,1,0,0,1,0,0
11,我觉得我一定死得特别早吧,0,0,0,0,0,1,0,0,0,0,0,0
12,焦]每天都想跳遣床每天都在想,0,0,1,0,0,0,0,0,0,0,0,0
13,我又来了现在心里特别难受感觉人生无望觉得特别对不起父母我一把年纪的人了还要他们操心我怎么这么无能,0,0,0,0,0,0,0,0,0,1,1,0
14,什么都做不好连普通人都做不到一无是处的我,0,1,0,0,0,0,0,0,0,1,0,0
15,你每天都这么消极能不能积极一点你这样让人感到很烦你知不知道你成天想这么多就是因为太闲这是我听过最多的安慰我的话一句句都像刀子一样刺穿着心在布满荆棘的路上找自己走着走着走散了行尸走肉般的存活着痛苦着这辈子浑浑噩噩的下去吧下辈子不当人了厌恶了,0,0,0,0,0,0,0,0,0,1,0,0
16,活着竟是这样悲哀的事看不到未来不想结婚却被视作怪人究竟我这一生是在替别人活还是怎样苟延残喘一样有气无力的坚持着我不知道能撑到哪天我不想结婚就算我真的是怪物我也没有去伤害别人我只是希望活得自由些而已,0,0,1,0,0,0,0,0,0,1,0,0
17,我没有留恋的我什么都不行长相平平性格不好也不会处理人际关系未来一点也看不到上个学期抑郁得瘦了好几斤室友在背后说我有点自闭我很努力很努力调整自己的心态每天都笑得很开心我让自己看起来不自闭每天都好累又无能为力,0,0,1,0,0,0,0,0,0,0,0,0
18,突然很期待有个人能走进我的生活可是我又是这个鬼样子,0,0,0,0,0,0,0,0,0,1,0,0
19,全世界真的都不要我了,0,0,0,0,0,1,0,0,0,0,0,0
20,昨晚和朋友讨论怎么死才会不痛苦以前呢都是怕死怕疼又想死从昨天开始好像就不怕痛了呢好像是一瞬间就觉着该彻底放下这一切了,0,0,0,0,0,0,0,0,1,0,0,0
21,一直以为自己又开朗又坚强慢慢的骗过了身边的所有人包括亲人都开始不在意我的心理状态经常会说出些很伤人的话最近的我越来越常想自杀要是有饭饭的勇气就好了这样就不会度过每一个黯淡无光的明天,0,0,1,0,0,0,0,0,0,0,0,0
22,我就不应该相信任何人,0,0,0,0,0,0,0,0,1,0,0,0
23,可能是我我活该吧从出生到现在真的就是个loser没有做成功任何一件事想好好的谈一场恋爱又异常的艰难我真的不配吧,0,0,0,0,0,0,0,0,1,1,0,0
24,压力大亲人不理解很难过还有婚前焦虑症,0,0,1,0,0,0,0,0,0,0,0,0
25,好累啊我不会变好了,0,0,0,0,0,1,0,0,0,0,0,0
26,什么狗屁朋友表面装的真好,0,0,0,0,0,0,0,0,0,1,0,0
27,快乐这件事情从来不会发生在我身上,0,0,0,0,0,1,0,0,0,0,0,0
28,未来看不到光明,0,0,0,0,0,1,0,0,0,0,0,0
29,每次看到有那些年纪轻轻却发生意外或是遇到天灾都会觉得很心痛老天爷为什么要把他们带走为什么死的人不是我我才是最应该死的那个啊,0,0,0,0,0,0,0,0,1,0,0,0
30,我不是想死我怕痛的但是那个自卑自闭怀疑自己不自信的自己讨厌要杀掉它但是做不到我还是舍不得,0,0,0,0,0,0,0,0,0,1,0,0
31,走饭姐啊我今天在你的评论里遇见了一个哥哥他不是很开心我找了他聊天我希望我可以给他带来快乐和希望我能感同身受他的内心不过他好像并不是很在意我的认真啊失望失望失望,0,0,0,0,0,1,0,0,0,0,0,0
32,临去上班的时候我请了个病假可是我并没有发烧只是单纯地不想见到任何人不想强装笑容不想活着,0,0,1,0,0,0,0,0,0,0,0,0
33,所以到底是抑郁还是社恐不对应该是都有才对,0,0,0,0,0,0,0,0,1,0,0,0
34,我又做错了什么我最大的错是一开始就不该来到这个世界上我最大的错是一出生就该夭折我最大的错就是离家出走之后就不该活着回来我最大的错就是服药自尽不应该被救我最大的错就是还舔着脸活在这世上我该死我最该死,0,0,0,0,0,0,0,0,1,0,0,0
35,生活无望,0,0,1,0,0,0,0,0,0,0,0,0
36,我已经感觉不到自己了大脑混乱真的很无奈没有一点点调节能力了不是别人说就能理解的说不出来的感觉不知道自己能坚持到什么时候苟且偷生的活着没有一点目标了真的感觉自己只剩一个躯壳了连自己的家人都感觉很陌生,0,0,0,0,0,0,0,0,0,1,0,0
37,这种天堂地狱随时切换的日子什么时候才能消停一会呀,1,0,0,0,0,0,0,0,0,0,0,0
38,打卡我今天又分手了我求了他好长时间他说好累真的不想和我走了我懂很多道理可是我就是走不出来从小被孤立的原因吧我觉得自己就是没有用的人一个人离开我我真的受不了我想睡也睡不着我不敢去医院也买不到安眠药就吞了之前买的退黑素我倒了很多在嘴里但我还是睡不着,0,0,1,0,0,0,1,0,0,1,0,0
39,一切都不会好了,0,0,0,0,0,1,0,0,0,0,0,0
40,每次听老师说什么责任担当之类的话就感觉自己很没用每天都只是为了活着而活着还讲什么以后,0,0,0,0,0,0,0,0,0,1,0,0
41,"好像没有什么可以依赖相信的人了	对家人也疏离	我感觉真的我很糟糕啊",0,0,0,0,0,0,0,0,0,1,0,0
42,又被屁大点事压得喘不过气了根本不知道自己想要什么只能循规蹈矩地努力也不知道为了什么,0,0,1,0,0,0,1,0,0,0,0,0
43,就让我恶心透顶吧我是恶人你就这么认为吧,0,0,0,0,0,0,0,0,0,1,0,0
44,这次小猪她们估计得恨死我了姑姑说我死了她也活不了她的两个孩子怎么办窒息的感觉越来越强烈了我马上也要走了,0,0,0,0,0,1,0,0,0,0,0,0
45,我是不是不应该存在啊伤心,0,0,0,0,0,0,0,0,1,0,0,0
46,我最近很老实的吃药好像也遇上了那种好人胃口有改善了睡眠也是医生跟我说人这一辈子不知道会遇到多少你知道又或者你不知道的帮助你的人像是父母光是对他们好你也没有办法完全回报他们其实这些我都清楚可我还是自私的我不愿意我不想除了他们去对其他人负责,0,0,0,0,0,0,0,0,0,1,0,0
47,可是我真的好懦弱,0,0,0,0,0,0,0,0,0,1,0,0
48,家人朋友都抛弃了我我是多失败哈哈哈哈哈一切都没有意义了谢谢你安慰我安慰了这么多人你会幸福的,0,0,0,0,0,0,1,0,0,1,0,0
49,不知道哪里好浑身的缺点表达能力也不行交际也不行,0,1,0,0,0,0,1,0,0,0,0,0
50,真奇怪总想路过一个在哭的女孩子总想抱住她可能我太沙雕了所以从来不敢多哭可如果你哭我一定会抱住你啊,0,0,0,0,0,0,0,0,0,1,0,0
51,我大概是很暴躁了改不好论文格式想把电脑都甩出去扔了,0,0,0,0,0,0,0,0,0,1,0,0
52,昨天终于去了心理咨询其实是一件一直没有勇气去做的事情去了之后才确认了其实我真的真的一只脚已经离开地面了我会虽然会继续活着但我却确定我无法获得快乐,0,0,0,0,0,1,0,0,0,0,0,0
53,大概所有事情都不会好了,0,1,0,0,0,1,0,0,0,0,0,0
54,我今天好难过原以为只是抑郁情绪而已好像从年爷爷去世开始我就会莫名其妙的哭可是我回想一直以来我从来没有开心过走饭我该怎么办啊,0,1,0,0,0,0,0,0,0,0,0,0
55,我真的好没用好蠢啊眼泪都不想掉下来了,0,0,0,0,0,0,0,0,0,1,0,0
56,真的很难过给你们带来困扰我很抱歉,0,0,0,0,0,0,0,0,0,0,1,0
57,早上起来还是觉得很烦很烦很累很累为什么这么多波折为什么就是我,0,0,1,0,0,0,0,0,0,0,0,0
58,我想自杀没人知道我没有爸爸了我根本就走不出来每次还要很开心地当姐姐我工作还做不好给不了家里什么妈妈的担子很重我不想背负很重家里的包袱我想做自己喜欢的事情陌生的城市我一个人都不认识呐我还怕黑每天都开灯睡觉难过的时候没次都要躲一个小角落里自己抱自己伤心,0,0,1,0,0,0,0,0,0,0,0,0
59,我觉得这个世界都不需要我了,0,0,0,0,0,1,0,0,0,0,0,0
60,本来想去陪你的我妈也不要我我爱的人也放弃我所以割腕自杀可是失败了被拦下来了真的疼割了好几次血才滴的多一点觉得胳膊手指都是冰的好好奇你是怎么死的不疼吗我好不容易有勇气割腕却失败了失望,0,0,1,0,0,0,0,0,0,0,0,0
61,能不能不爱了因为爱太痛了我痛的快死了,0,0,1,0,0,0,1,0,0,0,0,0
62,永远都是不被珍惜的人,0,1,0,0,0,1,0,0,0,0,0,0
63,讨厌外贸讨厌做客户的舔狗讨厌节假日还要回消息,0,0,0,0,0,0,0,0,0,1,0,0
64,我又来了今天跟朋友出去玩去到人多的地方我突然有种很怪的感觉这个世界好多人我就算出去玩也觉得好累好累我不知道我活着是为了什么工作是为了什么我其实什么都不想做什么都不想有,0,0,0,1,0,0,0,0,0,0,0,0
65,爱情会发生但我不相信会发生在我身上也不相信任何感情真的能够一辈子希望你们遇到的都能长长久久,0,0,0,0,0,1,0,0,0,0,0,0
66,辜负了时光辜负了亲情爱情友情辜负了自己辜负了所有美好的事物生而为人我很失败,0,0,0,0,0,0,0,0,0,1,0,0
67,我今晚又哭了躲在被窝里不敢放声内心压抑的要窒息不知道我还有没有明天我不想这般累我想快乐,0,0,1,0,0,0,0,0,0,0,0,0
68,别人一句无心的话就可以让我怒火中烧我太敏感了真的好难,0,0,0,0,0,0,1,0,0,0,0,0
69,失眠了好烦有时候觉得人活着真没意思感觉自己的最美好的时光已经过去了从毕业开始再也不会有在大学时候的那种快乐了,0,0,0,0,0,1,0,0,0,0,0,0
70,有时候总幻想自己手中有刀然后狠狠的捅进心脏直到有天我真的拿起了一把刀快要往心脏捅去的时候又触电似的丢开开始颤抖着不断的骂自己神经病神经病啊我好害怕,0,0,0,0,0,0,0,0,0,1,0,0
71,没有快乐没有灵魂没有兴趣什么都没有的一个躯壳而已看到一些暖也会难过,0,0,0,1,0,0,0,0,0,0,0,0
72,崩溃一上午题目没做出来几道答案还看不懂,0,0,0,0,0,0,1,0,0,0,0,0
73,预约了星期三的精神科看病可是我不想治好所有的现实不会变好最终都会向我所预想的最坏结果发展的短暂的健康还有意义吗祈祷我得绝症如果有另一个努力奋斗的人有生命危险的话请用我替换他也算是愿望,0,0,0,0,0,1,0,0,0,0,0,0
74,饭哥对不起又懦弱地来你微博下哭泣我不知从何说起我的悲伤只知道有一个伤口估计要好久好久才能愈合,0,0,0,0,0,0,0,0,0,1,0,0
75,我懦弱的连死亡的勇气都不具备想过无数次可每次到那个地方却又止住了脚步退了回去又陷入无尽的折磨当中我也不知道吃药多少能死透我也不知道这个过程会有多久会有多痛不知道父母该怎么办我该怎么给他们一个交代还有我的朋友和我老师我亲戚这么多牵挂啊什么时候才能抛开,0,0,0,0,0,0,0,0,0,1,0,0
76,饭饭我还是调整不好我的心态我不想去上学了真的不愿意了我害怕学校我只是一个很懦弱的人而已我想告诉我爸所有的事情我想休学但我又害怕他对我失望,0,0,0,0,0,0,0,0,0,1,0,0
77,我不要做噩梦了我不要做噩梦了没有人会安慰我,0,0,0,0,0,1,0,0,0,0,0,0
78,我是一个绝缘体生活在地球,0,0,0,0,0,0,0,0,0,1,0,0
79,饭饭我真的难过莫名其妙的难过想伤害自己还不想让别人知道想回家又不想回家我为什么是家里的希望啊根本就是个笑话真的,0,0,1,0,0,0,0,0,0,0,0,0
80,最近工作上好累而且领导一直给压力感觉怎么做都做不好作为一个哥哥也不称职作为家里长子也不称职好想死一死,0,0,0,0,0,0,1,0,0,0,0,0
81,毕业以后工作不顺利因为毕业异地和男朋友也分手了家里投资也赔了很多钱妈妈也受到了很大的打击我却无能为力三四个月胖了十斤夜里经常睡不着本该给父母更好生活的年纪现在却更让她们担心我瞒着我给我找了个稳定的工作现在就要离开我喜欢的城市回家了看不到未来,0,0,1,0,0,0,0,0,0,0,0,0
82,已经没什么人心疼我了他也远离我了伤心或许真的到了结尾了,0,1,0,0,0,1,0,0,0,0,0,0
83,我想好好的忏悔一下关于我做人方面失败的事情因为得了躁狂症把曾经的好朋友的微信删掉了很对不起她这段感情中是我不对我不应该太情绪化把事情弄到这个地步是我不该我要好好忏悔希望我们都能忘掉对方吧然后各自好好的生活希望她也能过得好,0,0,0,0,0,0,0,0,1,0,1,0
84,我真的真的好喜欢好喜欢你啊可是那怎么办呢你看你啊像是月光明亮纯洁我只是黑暗里的尘埃永远无法靠近你我只希望这一世你能永远幸福快乐你的家庭多美满啊我真的不想给你造成困扰那我就悄悄藏好了我下一世一定会在对的时间遇见你那个时候你就不要把我当小孩了,0,0,0,0,0,1,0,0,0,1,0,0
85,走在人满为患的大街感觉自己孤独得像尘随风飘散,0,0,0,0,0,0,0,0,0,1,0,0
86,忘了晚上一个人崩溃过多少次怕别人知道不敢哭出声放声大哭都不敢真差劲,0,0,0,0,0,0,0,0,0,1,0,0
87,羡慕你我有些社恐跟人对视都困难特别想一个人生活可惜每天被迫面对很多人简直生不如死,0,0,0,0,0,0,0,0,0,1,0,0
88,原来我这么招人烦啊真令人难过,0,0,0,0,0,0,0,0,0,1,0,0
89,我快要毕业了这样就可以回家这样做了可是在家又会让父母被说闲话不知道没有好的办法我能想到的可能是得病吧搞垮身体就容易死亡,0,0,0,0,0,0,1,0,0,0,0,0
90,这还是男朋友吗这不整个一诈骗犯吗,0,0,0,0,0,0,0,0,0,1,0,0
91,就让我恶心透顶吧,0,0,0,0,0,0,0,0,0,1,0,0
92,我其实讨厌我爸的自作主张明明都说好了我明天一定去上学的他给班主任打电话又是一顿说教说什么为了我好好吧确实是但不能听听我的意见吗我就想冷静一下一定要逼我我真的累了瞒着这个瞒着那个强打起精神也很累我就出去散散心,0,0,0,0,0,0,0,0,0,0,0,1
93,我绝对和他成不了要好的朋友但我真的好想好想和她成为最要好的朋友,0,0,0,0,0,1,0,0,0,0,0,0
94,饭饭啊真的很难受呢我都变成自己小时候在电视上看到的神经病了自己都觉得特别矫情何况别人呢一直很后悔为什么不让父母多生一个弟弟这样我走了也不会连累他们呢,0,0,0,0,0,0,0,0,0,1,0,0
95,死是一定会死的解脱是不会解脱的死都不会解脱的,0,1,0,0,0,1,0,0,0,0,0,0
96,好想死好难受我努力生活了都认为我过的很好但是真的好想死每天每天都想,0,0,1,0,0,0,0,0,0,0,0,0
97,工作被领导针对同事还在背后说坏话告状今天一气之下走人了没拿工资这个月还要交房租没有钱很快连住的地方也没有了父母也好多年没联系了一直一直一个人努力支撑着活下去太累了,0,0,0,0,1,0,0,0,0,0,0,0
98,我甚至很讨厌我自己觉得我自己真的很差劲很差劲,0,0,0,0,0,0,0,0,0,1,0,0
99,好讨厌我们班主任啊我不就是不爱说话吗你凭什么针对我啊你凭什么捧高踩低啊你凭什么问都不问我就给我下定义还背后说我坏话啊你配当老师吗妈的,0,0,0,0,1,0,0,0,0,0,0,0
100,人生这么的让人很绝望或者说是我的人生很绝望估计死也是这一两年的事了但先把债还清吧不想拖累家人,0,0,1,0,0,0,0,0,0,0,0,0
101,每分每秒都在煎熬胸口很酸眼泪止不住可我不想它掉下来,0,0,1,0,0,0,1,0,0,0,0,0
102,我真的喜欢你喜欢到快要疯了,0,0,0,0,0,0,0,0,0,1,0,0
103,每天早上睡醒后过了一会儿又没劲了只觉得昏昏沉沉一想起些事就烦的不得了我在情绪上还是有障碍极端状态要么就好好的但只要别人一个眼神一句话语气不对就不管是啥只要触碰到我敏感神经我就想打他甚至动手要他的命然后我就进入地狱唉好累至从上次情绪崩溃现在也没太缓过来,0,0,0,0,0,0,1,0,0,0,0,0
104,周围无知且无趣的人真的太多了压抑自我也变成了同样我想哭一哭你可不可以暂时先别睡悲伤悲伤,0,0,0,0,0,0,0,0,0,1,0,0
105,怎么才能正常的与别人交流好像被这个世界所隔离一下很难受,0,0,0,0,0,1,0,0,0,0,0,0
106,饭我好傻真的好傻好傻为他付出了一切所有所有的一切钱也没了身体也垮了孩子也没有了可他说我给不了他想要的为什么我会这么傻三年来照顾他的饮食起居帮工作出谋划策我什么都不要只想跟他在一起到头来为什么会这样所有的事情我一个人抗,0,0,0,0,0,0,0,0,0,1,0,0
107,一点情感上的小挫折就让我内心起了轩然大波朋友都劝我不要把那么多心思放在情情爱爱上可他们不能理解我无父无母无所依托内心的漂泊无人能知我得有个依靠有个寄托我才能活,0,0,0,0,0,0,1,0,0,0,0,0
108,其实有时候我真的觉得自己是个累赘每天除了拖累家人什么都做不了,0,1,0,0,0,0,0,0,0,1,0,0
109,走饭我恋爱了希望是她绝望更是她我好想逃避可是老天为什么给我牵挂活着太难了,0,0,1,0,0,0,0,0,0,0,0,0
110,我真的是个很差劲的人啊被大家讨厌当成扫把星我也不想被生出来来到这个槽糕的世界上妈妈说如果当初把我堕胎了该多好就不用经历这些不好的事情了,0,0,0,0,0,0,0,0,0,1,0,0
111,饭啊我最近总是爱哭我的神经好像越来越敏感了觉得吵闹觉得头疼我已经了讲道理我觉得自己活够了很累很累的那种但是我很害怕我有好多舍不得的东西呀,0,0,1,0,0,0,0,0,0,0,0,0
112,从不被理解也不需要被理解,0,1,0,0,0,0,0,0,0,0,0,0
113,好累啊饭外面天气那么好可是我却绝望到要崩溃了你说我该怎么办好想有人能够帮帮我泪泪,0,0,1,0,0,0,0,0,0,0,0,0
114,有目标的男生计划里没有人他是一个有野心的人你也是可有可无在利益面前可以随便抛弃你,0,0,0,0,0,1,0,0,0,1,0,0
115,原来生活从来没有对我好过呵呵此刻我只感觉瑟瑟发抖又一次见证了人心最丑陋最恶心的一面,0,1,0,0,0,0,0,0,0,0,0,0
116,经常笑只是不想给别人带来负能量实则内心有多痛苦也就自己知道有时候活得就像会演戏的小丑人们只在意他们所看到的表面当触及真心的时候却又临阵退缩我的勇气只有那么几次每一次几乎都是用尽了全身力气然而在对方看来可能也只是屈指可数中的一条鱼甚至都不存在他的故事里,0,0,0,0,0,1,0,0,0,1,0,0
117,我也是啊别人都说我内向我也恐惧社交但是我就是不知道怎么跟别人相处我也不喜欢孤独,0,0,0,0,0,0,0,0,0,1,0,0
118,我这么无趣没人想跟我聊天,0,0,0,0,0,1,0,0,0,1,0,0
119,为什么别人都活的这么好我每次活的这么差,1,0,0,0,0,1,0,0,0,0,0,0
120,饭饭我很失败,0,0,0,0,0,0,0,0,0,1,0,0
121,曾经我真的认为我是一个不差的女孩子也许不够成熟但一定值得一份quot非我不可的爱quot可为什么接近我又逃离我我真的有这么不堪吗,0,0,0,0,0,0,0,0,0,1,0,0
122,我做不到这样安慰自己我的未来会很好我表现的我对未来充满希望我在对未来奋斗着其实我只是一个丧的一批害怕死却渴望着死身心疲惫却还要装作什么事都没有笑着安慰那些被伤到的朋友用自己的事告诉他们要相信未来可我从来都没有相信我会有未来这种东西啊,0,0,1,0,0,0,0,0,0,0,0,0
123,我每天光是走出房门下楼就感觉好累噢当我打起精神和人交流的时候内心想逃好疲惫好累,0,0,1,0,0,0,0,0,0,0,0,0
124,每到夜晚对于生活的无力感像鬼一样地缠着我死亡近在咫尺,0,0,1,0,0,0,1,0,0,0,0,0
125,真的没有想到会到这种地步饭饭为什么活着这么累这么难为什么要来到这个世界上活着的意义是什么,0,0,1,0,0,0,0,0,0,0,0,0
126,饭从我记事起父母就离婚了我跟了爸爸但我爸从我上小学二年级的时候把我接到上海丢我叔叔家就不怎么管我小时候上学一个人长大了步入社会也是一个人没有亲情没有友情没有爱情从小到大有什么事情从来都是我自己一个人扛过节的时候别人都回家过节了可我连家都没有我真的好累不知道为什么而活着,0,0,1,0,0,0,0,0,0,0,0,0
127,我以为这一次我会一直好下去但是这段时间又犯了所有的负面情绪都来了感觉又被丢弃了好失败随便一个人都比我厉害,0,0,0,0,0,1,0,1,0,0,0,0
128,人情世故还是一如既往的差劲事情办的不全面,0,0,0,0,0,0,0,0,0,1,0,0
129,我明明在跟朋友逛街吃饭看电影K歌这是我喜欢的事情但是就不是发自内心的快乐只感觉人生好累好想真正开心起来这样的感觉太难受了悲伤,0,0,0,1,0,0,0,0,0,0,0,0
130,怎么度过接下来的日子我很害怕很讨厌现在的一切想消失讨厌学校讨厌各种考试面试,0,0,1,0,0,0,0,0,0,0,0,0
131,放弃吧我的特性注定了会孤独,0,0,0,0,0,1,0,0,0,0,0,0
132,深夜崩溃这不是常有的事儿吗我在矫情什么爱别离意难平所有的一切都在折磨着我不止在折磨我还折磨着世人为什么要有感情呢七情六欲四识五感呢死了不好吗,0,0,0,0,0,1,0,0,0,0,0,0
133,得了抑郁症活着就不再是一件美好的事了,0,0,0,0,0,1,0,0,0,0,0,0
134,父母对子女的羡慕嫉妒已决定了人性的丑恶评论配图,0,0,0,0,0,1,0,0,0,0,0,0
135,我真的快撑不住了我快忍不住了我好压抑我喘不过气来我害怕去上班是害怕不是讨厌我真的很怕,0,0,1,0,0,0,1,0,0,0,0,0
136,饭啊你啥时候带我走啊真的活够了活怕了一天小时分钟秒却没有一刻能够轻松的喘口气为自己而活无止境的债务无止境的责任赚多少钱也填不完家里的洞我真的放弃了我已经尽我最大的努力了还是不行,0,0,1,0,0,1,0,0,0,0,0,0
137,我又来了我受不住了我这两天把每一段感情都搞砸啦我每次都在后悔为什么我要这样做可是每一次我都会这样我好累我想睡了我感受不到爱人生真的很没意思对吧,0,0,1,0,0,0,0,0,0,0,0,0
138,我已经解释到无力我不想说了真的很难过啊大概我就是个愚昧的人可我为什么会是个人为什么非得是我这世界创造了我却无时无刻不在嘲笑我我也很讨厌自己我为什么还没有死他们看着我难过我很羞耻我听着指责对不起是我的错是我想太多才会抑郁我很抱歉可是我真的控制不了,0,1,0,0,0,0,0,0,0,1,1,0
139,理所当然的认为自己没问题可是处处是问题既然都认为没责任所以啊最后是我的问题,0,0,0,0,0,0,0,0,0,0,1,0
140,今天的我很不开心下了班家里却没人也没有饭吃妈妈要在别人家吃了饭才能给我带回来没有人知道此时的我多么难过无助就像被全世界抛弃了一样,0,0,1,0,0,0,1,1,0,0,0,0
141,路都是自己走的当你做每一种选择的时候必然要面对每一种可能讨厌失控的自己我讨厌我自己讨厌这个比昨天更喜欢你的我,0,0,0,0,0,0,0,0,0,0,1,0
142,我活的太失败啦身边的人几乎都不知道我病了我也不愿意说但是我也好想被安慰,0,0,0,0,0,0,0,0,0,1,0,0
143,果然自己一无是处,0,0,0,0,0,1,0,0,0,1,0,0
144,第一次看到你的微博我非常想知道您在那边过得怎么样我也好想逃离现在的世界我真的太痛苦了我不想再被痛苦萦绕了我什么都没有家人朋友爱人我都没有我只是孤身一人我好孤独我真的想被人拥抱如果您方便可以在梦里抱抱我安慰我吗谢谢了,0,0,1,0,0,0,0,0,0,0,0,0
145,生活真没意思苟活也累每天工作麻痹自己旅游玩什么的都没意思真的一切毫无意思,0,1,1,0,0,0,0,0,0,0,0,0
146,没什么只是在绝望的深渊继续挣扎着但我挣扎的好累啊明明他一直在陪着我可我为什么始终都逃离不了绝望的深渊,0,1,1,0,0,0,0,0,0,0,0,0
147,最难受的莫过于别人看来挺正常的只有自己知道浆糊样脑袋话说的别人听不明白怎么尝试努力大都那么无力是多么绝望,0,0,0,0,0,1,0,0,0,1,0,0
148,饭我好自私我就希望有一个人能来救救我,0,0,0,0,0,0,0,0,0,1,0,0
149,是我让我自己的生活变成这样,0,0,0,0,0,0,0,0,0,0,1,0
150,爱我的都会离开我连养条狗狗都不喜欢和我这个郁郁寡欢动不动就掉眼泪的人呆一起嫌累除了我那个我从不敢在他面前表露情绪的爸因为他不能理解我不快乐得有了病还除了那个因无法自控爱着我的妈妈一个家庭主妇开始去了解抑郁症我要死了我爸得多想不通啊我妈得多伤心呢可是我真的好累,0,0,0,0,0,1,0,0,0,0,0,0
151,饭饭割了之后会不会好点我这么丑是不是应该死了,0,0,1,0,0,0,1,0,1,0,0,0
152,孤独深深的孤独缠绕着我对一切都提不起来兴趣我没有动力向前走生活逼得我停不下来,0,0,1,0,0,0,0,0,0,0,0,0
153,饭饭我又来了昨天觉得有点甜今天又觉得好苦了没有了阳光整个人都觉得好丧想要逃离可是我又该逃哪里去呢,0,0,1,0,0,0,0,0,0,0,0,0
154,活着好累每个人都好虚伪,0,0,0,0,0,0,0,0,0,1,0,0
155,饭给我安排一场意外吧我不再撑下去了最后一次让我解脱吧让我扔掉这自卑扔掉负罪感吧我不想要再取悦任何人了我好累好累啊改不掉这性格那就让我解脱吧,1,0,0,0,0,0,0,0,0,1,0,0
156,父母同学同事好像从没有遇到过对的人都是自己的问题吧学会知足一点不好吗为什么这么贪心,0,1,0,0,0,0,0,0,0,0,1,0
157,我想会玩心机一定特别棒两个可怜兮兮的人在一起唠嗑身边的人没有一个可以相信的我是挺招人烦的我的坚持很快就会被一些不定因素打破如果哪天我因为小事离开了肯定又要被说闲话了,0,1,0,0,0,1,0,0,0,1,0,0
158,我不喜欢晚上一点也不讨厌那个无法控制又心无比肮脏的我晚上和白天根本就不是一个人啊,0,0,0,0,0,0,0,0,0,1,0,0
159,饭也许这就是命羡慕能解脱的,0,0,0,0,0,0,0,0,1,0,0,0
160,是吧有时候我在想应该是我的问题看不进那些东西,0,0,0,0,0,0,0,0,1,0,0,0
161,我根本不会变好我没救了我早就知道,0,0,0,0,0,1,0,0,0,0,0,0
162,饭你看没人喜欢身边有负能量的人有负能量的我啊在别人眼里就如臭虫一样这个世界总是不容我嘛所以我学会了假笑敷衍有的时候勇敢到自己都能骗过自己比如今天艳阳高照我们去踏青吧又是阴天嘛,0,0,0,0,0,0,0,0,0,1,0,0
163,真讨厌啊自己明明什么都做不到呢,0,1,0,0,0,1,0,0,0,0,0,0
164,大部分人其实都有或多或少自卑的我有时候也会觉得自己挺糟糕的不过要自己找一找发泄的方法比如听一听音乐掉一掉眼泪只要你开心只要不伤害自己都好身边可能真的有人没法理解自己因为有一部分人天生不会主动也学不会撒娇我也算是其中一员不过反过来想在小世界自得其乐未尝不可,0,0,0,0,0,0,0,0,0,1,0,0
165,不管是我的家庭还是感情都是被伤害的一塌糊涂我还在努力的活着为什么呢其实我早就该死的其实割喉也不疼的,0,0,1,0,0,0,1,0,1,0,0,0
166,知道吗我刚刚和心理医生打完电话她要我做了一套试题我做完了发给她看结果了医生建议我去大医院看看我可能需要吃药微笑我知道我脑子里面那些想法是不好的但是我还是忍不住想泪我感觉我很累很压抑真的我要撑住嗯我可以的嗯加油,0,0,1,0,0,0,0,0,0,0,0,0
167,我仍然希望在活着的日子找到属于我的避风港让我体验一下被爱的感觉如果没有也无所谓找到了也不好没有人会喜欢我特别是我现在这种状态,0,0,0,0,0,1,0,0,0,0,0,0
168,自残后感觉自己坏掉了和周围的人不一样感觉怪怪的真切的感觉自己是另类伤口的疼痛告诉自己还活着告诉自己过的并不顺心刚才看佛祖的视频还笑出了声是不是我作啊自己作自己弄出一身伤,0,0,0,0,0,0,0,1,0,1,0,0
169,饭我太累了甚至打字都觉得累没希望没动力甚至感觉不到疼了我只想好好睡一觉没人知道我的状态连我自己都不知道为什么晚安祝好,0,0,1,0,0,0,0,0,0,0,0,0
170,我的今生ξ易隽艘患事不o而e我不知道接下砩活怎N能快菲,0,0,1,0,0,0,0,0,0,0,0,0
171,我好难过啊好难过好难过可是没有人可以听我说没有人能值得我去分享我又害怕又冷太难了活着太难了,0,0,1,0,0,1,0,0,0,0,0,0
172,我不配幸运,0,0,0,0,0,1,0,0,1,0,0,0
173,又催了以前有可能的时候一直拦着不让现在没有可能了一直催一直催然后就争吵恶性循环一整天难过什么时候才能替我考虑一下为我想一下我觉得一个人挺好的啊没有伤害过自己的生活为什么非要两个人可不可以不要催我了啊我好难受啊,0,0,0,0,0,0,1,0,0,0,0,0
174,外面下好大的雨真冷感觉不到温暖我想活着但是对身体的折磨太痛苦了我感觉不到自己活着了我还是要再熬一熬,0,0,1,0,0,0,0,0,0,0,0,0
175,可是活着好累心里好累身体好累,0,0,1,0,0,0,0,0,0,0,0,0
176,去看了精神科挂了焦虑抑郁门诊检查出来中度强迫状态中度焦虑症状重度抑郁症状以及中度敌对症状重度恐惧和中度偏执状态今天是确诊的第二天我花了两年多的时间才有勇气踏足那个地方这期间我给自己找了无数的借口不敢往那方面想但是最近真的撑不住啦世界很美好哦好不了的是我,0,0,0,0,0,1,0,0,0,0,0,0
177,哎懦弱的人啊那一点点痛苦都承受不了怎么自杀啊,0,0,0,0,0,0,0,0,0,1,0,0
178,昨天和喜欢的人在一起来了开心了一整天可今天早上醒了又开始哭下午哭一直都在哭他跟我说有不开心的事要跟他说可是我真的说不出来我很后悔一年前的我对我不够善良,0,0,0,1,0,0,0,0,0,0,0,0
179,我哪里做的不好你告诉我对不起我总是执着的不是地方,0,0,0,0,0,0,0,0,0,0,1,0
180,我又来了今天还是不开心呀从昨天哭到今天我真软弱,0,0,0,0,0,0,0,0,0,1,0,0
181,这个世界不会好了,0,0,0,0,0,1,0,0,0,0,0,0
182,总之真没人在意的,0,0,0,0,0,1,0,0,0,0,0,0
183,我什么都不想干想沉下去一点点掉下去无底洞似的摔不死也活不成,0,0,1,0,0,0,0,0,0,0,0,0
184,麻木麻木麻木因为一些奇怪的事情笑也不是开心我不知道开心是什么感觉了整个人浑浑噩噩什么都不想做回首过去都是空白未来也没有一点光,0,0,1,0,0,0,0,0,0,0,0,0
185,分手了我们我知道是小事以后回头来看一定是小的不能再小的事但我现在好难受呀,0,0,0,0,0,0,1,0,0,0,0,0
186,走饭你知道吗我今天是真的不想活了人生好累啊我以前觉得我妈妈特别不容易她总说我死了她也活不成了于是我活着可是今天的我真的累了他说我是装样子的其实不是如果不是我奶奶我弟弟拦着我那把刀已经把我的手腕割开了如果我的死能够使这一切终结那么我真的愿意,0,0,1,0,0,0,0,0,0,0,0,0
187,几年前我觉得自己挺好的真的是越来越不行了一切都在下坡路什么时候是尽头啊我好像掉进无底洞,0,0,1,0,0,0,1,0,0,0,0,0
188,现在已经平淡了毕竟还没有出社会人性最初的恶我已经尝过了等到看过了人类最坏的本性让我再不屑一点体验绝望的日子就无憾了也没有什么好期许的我只希望现在可以让自己快乐一点,0,0,1,0,0,0,0,0,0,0,0,0
189,害怕嘛很是很怂也会怕在一起喜欢的人会有不开心的时候怕他不舒服分开我有舍不得想得太多吧,0,0,0,0,0,0,0,0,0,1,0,0
190,抑郁很长时间了想死很多次了直到有一天当我把刀片放到手腕上但是没有勇气划下去的时候才发现我不贪生一点都不但是我怕死很怕后来就没有再想死了但是却常常觉得很累很累有时候觉得连呼吸都会痛睁眼都觉得光线刺眼眼泪顺着眼角就那样溢出擦都擦不完真的很累很累,0,0,1,0,0,0,0,0,0,0,0,0
191,什么都做不好,0,1,0,0,0,0,0,0,0,0,0,0
192,我是今天才知道走饭这个微博的在知乎上看到的来这里评论的人一定都活的不容易吧我也是,0,0,0,0,0,1,0,0,0,0,0,0
193,我啊是个很糟糕的人呢每认识一个人最后都会离我而去,0,1,0,0,0,0,0,0,0,1,0,0
194,没上过大学很自卑被别人问起你这个年龄不是在上大学吗这句话让我难过了,0,0,0,0,0,0,1,0,0,0,0,0
195,我才是他们幸福生活的最大障碍嘻嘻,0,0,0,0,0,1,0,0,0,0,0,0
196,哈哈哈哈哈哈哈我以后一定不是合格的老师,0,0,0,0,0,1,0,0,0,0,0,0
197,我知道没有人会心疼我在乎我毕竟我只是个丑小鸭,0,0,0,0,0,1,0,0,0,1,0,0
198,特别不想活又特别怕死每次想着要是一睡再也醒不来了该有多好每天都不开心每天都对任何事情感到厌烦其实我好羡慕身患绝症的人饭饭你什么时候带走我我真的要受不了了啊,0,0,1,0,0,0,0,0,0,0,0,0
199,自己好没用啊饭,0,0,0,0,0,0,0,0,0,1,0,0
200,怎么办啊我什么都做不了没有一点温暖对不起我找不到活下去的意义,0,1,1,0,0,0,0,0,0,0,0,0
201,饭饭我想走了我在开始准备玻璃心的我要活下去真的好难好难我总是因为一些小事难过我受够了还有我知道这个世界上的人还有好多好多好的但我们那个班的人恶心死了,0,0,1,0,0,0,0,0,0,1,0,0
202,很羡慕你能勇气感觉自己就是个胆小的老鼠她把我删了妈妈觉得我是个异类总是谈起离婚前的事情让我自己去找爸爸老师觉得我是累赘快毕业了工作也签不上面试就觉得我是个消极的人朋友借了钱跑路了这些事依然没有勇气站起来也没有胆量去结束如果得了绝症该有多好可以理所应当的离开了,0,0,1,0,0,0,0,0,0,1,0,0
203,所有人都在嫌我不工作死了算了不想再看见他们那势力的眼神了,0,0,1,0,0,0,1,0,0,0,0,0
204,偶尔的失眠会焦虑头痛情绪有快要爆发控制不住的时候每到凌晨睡不着就开始疯狂被负面情绪包围影响害怕自己撑不下去爸爸妈妈现在对我很好她们要怎么办虽然家里有姐姐弟弟还是怕她们会太过伤心每天都过得很难受唯一的好友无法理解我不敢告诉家人我不知道我为什么会变成这样太累了,0,0,1,0,0,0,0,0,0,0,0,0
205,一人生了一天的飧傻子一舆吃了好多y七八糟的|西也能崞轿倚闹械幕,0,0,0,0,0,0,0,0,0,1,0,0
206,如果我是抑郁症那我觉得我还有救可怕的是如果我不是抑郁症那我觉得我这个人真的彻底废了我不敢去医院我怕医生说你一切正常,0,0,0,0,0,0,0,0,0,1,0,0
207,本来以为不会好起来也不会恶化了还是我天真了人间真的不值得我也不值得,0,0,1,0,0,0,0,0,0,0,0,0
208,我是杀了人还是放了火让你这么怕我我知道你不在乎我我没想过跟你在一起了你凭什么这么伤害我我对你是真心的但是你呢为什么我就要陷入这种无边的黑暗中你却当什么事都没有发生过我知道我脆弱我矫情我知道我有很多缺点可你为什么还要伤害我为什么,0,0,0,0,0,0,0,0,0,1,0,0
209,昨晚还一起看深夜电影接吻在我小区门口抱着半小时不撒手今天一天都不回消息微笑男人都大猪蹄子大概我只是一条鱼吧,0,0,0,0,1,0,0,0,0,1,0,0
210,现在想想我爸跟苏大强有点像有点懦弱只不过没苏大强那么懦弱我妈比赵美兰温柔多了遇事犹豫不决自己做不了决定别人做决定还嫌弃,0,0,0,0,0,0,0,0,0,1,0,0
211,昨天和她们骑自行车难得出去可是不开心缺了什么好像世界与我无关边缘人醒来不开心好累不想再出去了不想出去拍照在朋友圈刷存在感,0,0,1,0,0,0,0,0,0,0,0,0
212,他拒绝好友申请我好难过心好痛,0,0,0,0,0,0,1,0,0,0,0,0
213,这辈子就是太懒太软弱太没毅力太没坚持才让自己太过无能整日焦虑无法好好去把握自己的未来对未来的人生真是抱不起任何的希望,0,0,0,0,0,0,0,0,0,1,0,0
214,造成这一切的原因是我对自己要求太高了,0,0,0,0,0,0,0,0,0,0,1,0
215,我愤怒的来源的一部分我物质上也不想舍精神上也不想舍这是我的理想状态可现实是我物质缺少了一部分精神上的就不会缺失物质上充足了精神上就会流走一部分这是我现在理想和现实的矛盾我没有办法很好的整合好,1,0,0,0,0,0,0,0,0,0,0,0
216,刘建华我喜欢你可你讨厌我,0,0,0,0,1,0,0,0,0,0,0,0
217,听到别人的脚步声走向我都会觉得很焦虑千万不要走过来千万不要进来啊我真的想一个人呆着,0,0,0,0,0,0,1,0,0,0,0,0
218,是我自己把路走成这样的世间有人有梦想也在为此努力而我只是度日如年,0,0,0,0,0,0,0,0,0,0,1,0
219,情绪总是莫名低落时起时伏我自己也不知道怎么了好时感觉整个世界都在发光一点小事兴奋好久不好时总想哭我真不知道自己这是怎么了我很不喜欢周围人随时把抑郁这类词语挂在嘴边可我解决不了自己的问题总觉得自己熬不过去不知道怎么了,0,0,0,0,0,0,0,1,0,0,0,0
220,饭呀我好无奈毕业了不想去北京不喜欢去我姑姑家我跟爸妈关系不好那是我后妈我不太喜欢她她对我好可终究不是我亲妈还是有距离感呀我很迷茫我奶奶年纪也大了再等个年年我奶奶走了我就没有家了啊这世上就剩我自己了,0,0,1,0,0,0,0,0,0,0,0,0
221,哈喽时隔两年我又来啦最近我很差劲仔细想一想好像都没有真正开心的时候我想回家想抱着我的狗把它搂在怀里这样我就会特别开心了,0,0,0,0,0,0,0,0,0,1,0,0
222,饭我突然发现不管再亲近的人不是抑郁症就永远不会理解发作时绝望的心情那种找不到活下去的理由整个世界一片灰暗的感觉真的很不好从他知道我有抑郁症开始就一直在陪着我可他不会理解那种心情他说让我别胡思乱想想点开心的如果不是胡思乱想怎么会有抑郁症所以我不知道该怎么诉说,0,0,1,0,0,0,0,0,0,0,0,0
223,每天十二个小时的班每天不到凌晨两三点睡不着每天睡四五个小时的觉生活中不被人理解爱人吵架能把自己逼的精神奔溃眼泪直流脑子特疼特别累,0,0,1,0,0,0,0,0,0,0,0,0
224,我正在偷偷的崩溃哭压力好大好难过,0,0,1,0,0,0,0,0,0,0,0,0
225,我没什么要活的对所有的没有兴趣没有爱孤独的没有灵魂的我病态的我没办法控制思绪的我等等的我都让我只想死了我能想想我死的时候什么样子我不在以后是什么样子我都觉得很好但活着真不好,0,0,1,0,0,0,0,0,0,0,0,0
226,我爷爷是公务员奶奶是文工团的这么好的家庭条件我爸成家后就混日子明明可以和其他人一样的被我爸弄的呵呵真不想叫他爸恶心,0,0,0,0,0,0,0,0,0,1,0,0
227,作为一个姬佬如果我出柜遭到反对如果到了不得不妥协的地步我最多做到为了他们一辈子不找女朋友我为了我自己也一辈子不会找男朋友虽然我真的找不到女朋友跪了,0,0,0,0,0,0,0,0,0,1,0,0
228,真好你那么有勇气我夹杂在活与死之间很痛苦活着确实是个令人痛苦的过程死了也解脱了吧,0,0,0,0,0,0,0,1,0,0,0,0
229,我太自以为是了想掐死自己,0,0,0,0,0,0,0,0,0,1,0,0
230,每天晚上都希望第二天死掉,0,0,1,0,0,0,0,0,0,0,0,0
231,喜欢城市的喧闹又喜欢安静美丽的山庄我都快人格分裂了有时候希望自己有什么超能力能做点什么让别人记住你至少能感觉到自己的存在有意义而不是整天两点一线这样或者真的无聊天天都像复制粘贴一样感觉自己的存在可有可无白天装笑晚上失眠那种感觉睡着了却又感觉还醒着真的难受,0,0,0,0,0,0,0,0,0,1,0,0
232,哈哈二十五岁马上就二十六啦还是没有男朋友我妈担心我嫁不出去我越来越愧疚感觉对不起他们生活工作都是一团乱麻我也好想闭上眼睛再也不醒过来,0,0,1,0,0,0,1,0,0,0,1,0
233,总是有一种无力感就好像被人突然抽走了所有感觉没有一个人能理解我难受,0,0,0,0,0,1,0,0,0,0,0,0
234,我从不渴望救赎因为根本不会有人救赎我从小到大我所有的委屈都是我一个人扛下来谁对谁错根本不重要重要的是从来都没有人站在我的身边明确的说你做的很好做的很棒剩下的交给我吧根本没有,0,1,0,0,0,0,0,0,0,0,0,0
235,走饭小姐姐还有天就是我生日了我已经孤单过好几次生日了这一次我打算今天一个人提前就过了我已经赖活着撑到现在我觉得真的太累了我对不起这个世界太多人了最对不起就是我多年没有像一个正常人一样活着给周围填了太大麻烦我自知我以已然撑不下去了枉到了另一个地方可以与你相见,0,0,0,0,0,0,0,0,0,0,1,0
236,我没有未来好像一个乞丐,0,0,0,0,0,1,0,0,0,1,0,0
237,我是中度抑郁平时表面上笑嘻嘻对每个人都笑转头说不定就开始哭我觉得我没什么希望活下去父母的嫌弃和唾骂亲人的责备我真的快疯了他们最常对我说的就是你要听话你大了能不能体谅父母你怎么那么不懂事别人都能坚持你为什么不能网络给了我一点慰藉感谢那个一直陪我的少年,0,0,1,0,0,0,1,0,0,0,0,0
238,爸妈现在也都没工作了不知道他们是怎么想的感觉未来一片黑暗,0,0,1,0,0,0,0,0,0,0,0,0
239,因为会做一些糟糕的决定所以越来越差越来越差,0,1,0,0,0,0,0,0,0,0,0,0
240,这个世界一点也不喜欢我我也不喜欢它了,0,1,0,0,0,1,0,0,0,0,0,0
241,所以什么时候我可以死一死好难受好痛苦根本不是一回事真的很难受我不想坚持了是不是死了就好了,0,0,1,0,0,0,0,0,0,0,0,0
242,我还是想有机会的话我要烂在一个角落里不需要任何人,0,0,1,0,0,0,0,0,0,0,0,0
243,就好像只有我受苦,0,1,0,0,0,1,0,0,0,0,0,0
244,对啊一点点爱就好可是长大了还是得到一点点爱就被抛弃也许我就不应该活在这个世上正常人的幸福我是不配拥有的,0,0,0,0,0,1,0,0,1,0,0,0
245,父母只不过时时刻刻想着嫁人的事可是连活都不想了还会想着别的事吗,0,0,0,0,0,1,0,0,0,0,0,0
246,我是错的,0,0,0,0,0,0,0,0,0,0,1,0
247,也可能不是自我贬低大概我就是这个样子吧,0,0,0,0,0,0,0,0,1,0,0,0
248,她过得还是很好即便我真的用尽心思让她过的没那么好为什么她做了那么多坏事却是永远在幸运永远在幸福,0,0,0,0,0,1,0,0,0,0,0,0
249,我就像是一坨屎谁见了都讨厌,0,0,0,0,0,0,0,0,0,1,0,0
250,傻还天真借别人钱去催他还钱他不但不还还叫人打我结果下一次他可怜的假样又找我借钱我还是借了没有人说你宽容善良只会说你是个烂好人还没脑子自己做事从来都是约束自己做不好一件事给人家道歉还心有愧疚给人家补偿想做恶人但是潜意识却想做个好人可笑,0,0,0,0,0,0,0,0,0,1,0,0
251,饭啊我好像得抑郁症了羡慕你做了自己喜欢的人世界上没有人在乎我的感受呢我也想自杀但时间上我不放心的有太多连这世界都不让我安心的死去我是不是太贪生怕死可以抱抱我吗永远不放开的那种,0,0,0,0,0,1,0,0,0,1,0,0
252,总想依靠一份感情来拯救自己最后发现折磨了别人更痛苦了自己也许我就是不配得到爱,0,0,0,0,0,0,0,1,0,0,0,0
253,好累每天都在被情绪折磨折磨到我已经无法正常生活了连洗澡都觉得是一件很累的事情跟身边所有人说都没有人相信我觉得我在作没有人理解每天都活着好痛苦,0,0,1,0,0,0,1,0,0,0,0,0
254,饭饭分手第二天我已经接受了分手事实但是情绪不停陷入崩溃时不时大哭,0,0,1,0,0,0,1,0,0,0,0,0
255,走饭我难过的时候就会来你这里看看越来越多的觉得没有人能理解我的痛苦也没有人真正的感同身受他们或许还会觉得我小题大做觉得我不够坚强不够有责任感才会冒出想要一了百了的念头我现在觉得活着是多么的艰难啊我无法控制自己不去难过悲伤无法控制自己的消极忐忑,0,0,0,0,0,1,0,0,0,0,0,0
256,我喜欢一个人就只是喜欢了是不是太懦弱怕连话都说不了,0,0,0,0,0,0,0,0,0,1,0,0
257,我是个罪人,0,0,0,0,0,0,0,0,0,0,1,0
258,我妈肯定有焦虑症因为子女的没出息看看这都三点多了她还在自言自语谁少了她钱,0,0,0,0,0,1,0,0,0,1,0,0
259,我一点也不够努力我什么也不想干我很懒也很怕死饭饭你真的很厉害但也许活着会更好吧,0,0,0,0,0,0,0,0,0,1,0,0
260,我老是在想活着有什么意义呢挺没趣的我是这样一个空洞洞的人没有喜欢的东西没有很多的朋友没有想要做的事情就这样像个孤魂野鬼苟活于世活着又有什么意思呢,0,0,1,0,0,0,0,0,0,1,0,0
261,饭饭我好累了又睡不着觉真的好绝望I我只会哭哭哭真是没用废材,0,0,0,0,0,0,0,0,0,1,0,0
262,她们都是大白菜,0,0,0,0,0,0,0,0,0,1,0,0
263,亲情友情职业都无从下手越来越觉得自己社恐这人生真的不是自己想要的想放弃了,0,0,1,0,0,0,0,0,0,1,0,0
264,饭饭我现在都不知道活着是为了什么感觉毫无意义但是又怕我的家人们伤心我不知道怎么样能够做的更好,0,0,1,0,0,0,0,0,0,0,0,0
265,她怎么可以如此伤害我啊我做错了什么每天被嘲讽贬低谩骂你本地人就如此高贵吗为什么别的寝室都好好的我却说话都被打断制止,0,0,0,0,0,0,0,0,0,0,0,1
266,我怕哪天我就真的这样不见了变得越来越反感自己了光是活下去已经用尽全部的力气了,0,0,1,0,0,0,0,0,0,0,0,0
267,我看看再糟还会糟成什么样一起来吧,0,0,0,0,0,1,0,0,0,0,0,0
268,谁他妈的来救救我我真的要崩溃了压力太大,0,0,1,0,0,0,0,0,0,0,0,0
269,今天有点开心可是我害怕开心永远不属于我一点点的开心的背后就是无尽的黑暗,0,1,0,0,0,1,0,0,0,0,0,0
270,走饭啊今天不知道该说什么了人真的都挺自私的现在我还是怕黑还是一个人孤孤单单的就这样啊一直到死掉,0,0,0,0,0,0,0,0,0,1,0,0
271,我为何如此堕落,0,0,0,0,0,0,0,0,0,1,0,0
272,变得越来越敏感了以为自己不会在意失败的事情但别人一提起还是很难过很崩溃战胜不了自己鼓不起勇气觉得自己废了没有人能倾诉了只有这里了,0,0,1,0,0,0,1,0,0,1,0,0
273,我朋友说终于明白为什么你刚来宿舍的时候那么多东西不会了因为你被保护的太好了我也觉得啊我以前真的是被保护的太好了有男朋友保护家里也不缺钱和和睦睦的可是男朋友背叛我了家里生意也出经济问题了这些事情都一起来的他们把我压迫了强制性把我换性格了I,0,0,0,0,0,0,1,0,0,0,0,0
274,感觉被生活压的喘不过气了瞪着眼睛熬到天亮即便困得流泪在想我们这么活着是为了什么呢有什么意义啊苦多甜少还要这样为了生存而生存吗,0,0,1,0,0,0,0,0,0,0,0,0
275,为什么我被欺负了总是不会发飙她太恶心了,0,0,0,0,0,0,0,0,0,1,0,0
276,今天的自己充M了怨恨怒每天不是y^就是怒我到底怎N走出砦铱毂蛔约旱哪X子逼了,1,0,0,0,0,0,0,0,0,0,0,0
277,对方是个很容易接受别人的人我不行我做不到我大概是个自闭儿,0,0,0,0,0,0,0,0,0,1,0,0
278,真的没有人会在意我我死了也无所谓,0,0,0,0,0,1,0,0,0,0,0,0
279,工作被排挤家里人不想我留家里啃老房价太高恐婚看不见未来如果明天六点起来我还是这种心情那我选择死亡,0,0,1,0,0,0,0,0,0,0,0,0
280,胆小懦弱一无是处的人啊,0,1,0,0,0,0,0,0,0,1,0,0
281,我现在真的太怕回应别人的喜欢了就感觉好像一直在辜负他们辜负任何人我记得大学毕业的时候我是想去外面的可是我也不知道为什么就留在了县城我把自己的生活过的一点都不像以前想的然后在这样的生活里面渐渐的不知道自己到底应该做什么我真的真的太需要一个拥抱也太需要一份目标了,0,0,0,0,0,0,0,0,0,0,1,0
282,忽如其来的恐惧像阴影一样罩在我身上无法脱离这种窒息感让我感觉自己随时会死去失望,0,0,1,0,0,0,0,0,0,0,0,0
283,饭饭我之前一直觉得为失恋那么痛苦的人很可笑可是现在我离开他真的太悲伤难受了我失去最后一根救命稻草了,0,0,1,0,0,0,1,0,0,0,0,0
284,我妹一早起就开始看电视一直到现在还在那屋扑腾的跳跺的地板响还发出怪声音笑简直吵死了烦死了真想一脚给踢出去,0,0,0,0,0,0,0,0,0,0,0,1
285,研没考上工作也找不到我这个垃圾,0,0,0,0,0,0,0,0,0,1,0,0
286,我好像每天都在期待意外死亡我也不知道为什么感觉每个人对我但是不好的每个人都排挤我讨厌我我在哪里都是多余的我每天白天但是要开开心心的我真的好难受我到了晚上我就特别想哭我觉得做人真的好难好难,0,1,1,0,1,0,0,0,0,0,0,0
287,讲出来太累啦想过了就那样一天一天下去承受不住的时候就离开带着这些年所有的难过离开,0,0,1,0,0,0,0,0,0,0,0,0
288,生病了才发现其实我一个朋友也没有,0,0,0,0,0,1,0,0,0,0,0,0
289,你全身而退我满盘皆输高健你赢了呀可我怎么办呢我活着真的一点意义都没有了,0,0,1,0,0,1,0,0,0,0,0,0
290,每天都让人觉得生活无望,0,0,1,0,0,0,0,0,0,0,0,0
291,又是哪个猪蹄子啊想归想但是这个时间你不睡觉伤身体啊喂快给我睡觉,0,0,0,0,0,0,0,0,0,1,0,0
292,其实我愧疚的点在于我知道我父母给我花的多给她花的少我钱花的多得到的东西也多但我看不见的付出的也不少比如在这个家我只能偷偷摸摸像做贼一样去享受这些战利品如果我们姐妹花的一样我就能光明正大的但在金钱上能利用的就少了很多所以啊一切都是平衡的,0,0,0,0,0,0,0,0,0,1,0,0
293,下周又得去开药了开一次药没分之生活费我太败家了,0,0,0,0,0,0,0,0,0,1,0,0
294,心情很糟糕怀疑男朋友身心出轨想分手但经济还没独立烦,0,0,0,0,0,1,0,0,0,0,0,0
295,又来这儿了成年人的世界总有发泄不完的负面情绪总有愤愤不平你好像就这样没人在乎的死去,0,1,0,0,0,0,0,0,0,0,0,0
296,我不该来到这个世界,0,0,0,0,0,0,0,0,1,0,0,0
297,无所谓了吧四月的春天都救不了我站在太阳下面我只觉得遗憾如果能重来我会做的好一点吧唉无所谓了我用棉花塞满了我的伤口日复一等到他们溃烂的一天就不要说我没有坚持过吧起码现在的眼泪都是为坚持而流的,0,0,1,0,0,0,0,0,0,0,0,0
298,遇到好笑的哪怕一点点小事我都可以笑半天不是因为笑点低我只是假装快乐告诉自己开心起来但是内心沉的不行在乎别人的想法一举一动经常觉得在为别人活着生活也就没有意义拼命想融入集体但是每次都失败也就放弃了一个人自言自语做事散步玩游戏谢谢对不起经常说但是还是有人说自己,0,0,1,0,0,0,1,0,0,0,0,0
299,我好没用蠢人不配过得轻松只能一直付出很多很多无用功,0,0,0,0,0,1,0,0,0,1,0,0
300,从初三到现在我求救了好多次了年的时候我拥有了你拥有了光可是我不好把我的光推开了对于你来说这几年其实很难受吧最后还要在我身边没办法和喜欢的人在一起,0,0,0,0,0,0,0,0,0,0,1,0
301,我讨厌这个肮脏的世界我讨厌那些肮脏的人,0,0,0,0,0,0,0,0,0,1,0,0
302,十几二十岁的时候我就开始整天想死那时就诊断为抑郁症过了十几二十年快四十岁了还是一遇到不想面对的事情时就想离开这个世界死的念头一直没停过想的最多的是如果没来过这个世界那该多好啊,0,0,1,0,0,0,0,0,0,0,0,0
303,有时候我很想像以前一样哇的一声大哭出来但是我突然发现我没眼泪了麻木了想一个布偶娃娃感觉不到人间情味了,0,0,0,0,0,0,0,0,0,1,0,0
304,要么让我快点好起来要么让我得个绝症要病就病得彻底一点,1,0,0,0,0,0,0,0,0,0,0,0
305,工作不顺心和同事也处的不开心好像从来都不合群又渴望合群,0,1,0,0,0,0,0,0,0,0,0,0
306,饭今天外面一直在下雨然后突然之间就停电了我爸妈说她们觉得我有性格缺陷他们无法理解我会动不动就拉黑别人删除别人我总是喜欢活在过去的事情里面然后无法自拔然后自我折磨其实我也知道我所有的压力都来自于我自己可是事实上我连一点改变都做不了我真的真的太讨厌现在的自己了,0,0,1,0,0,0,0,0,0,0,1,0
307,感觉自己好没用把身份证掉了去补的路上受不了自己边走边哭我感觉快要坚持不下去了我这种人为什么还要活着点点事情都做不好,0,0,1,0,0,0,1,0,0,1,0,0
308,同样的日子为什么别人过得开心而我天天挑剔一定是我的过错,0,0,0,0,0,0,0,0,0,0,1,0
309,走饭我暴食了我不敢说我真的好难过活着真的好累,0,0,1,0,0,0,0,0,0,0,0,0
310,我并不善良当我选择死亡的时候我就把父母朋友放在了接受负面的影响里了非常对不起他们,0,0,0,0,0,0,0,0,0,0,1,0
311,我是一名双相情感障碍患者我跳楼自杀了却活下来了耗费了钱财耗费了亲人的精力在恢复期的我却还是天天难过自卑自哀觉得自己不该活着自己不堪入目的灵魂就应该被炸掉就应该粉身碎骨,0,0,1,0,0,0,0,0,1,1,0,0
312,今天又被喜欢的人否定质疑了唉他可是我的小太阳啊给我希望给我光每次被凶总觉得是自己的错可我不想解释了好累啊今天又下雨了不该奢求会有人来拯救我我只会变成别人的负担我明明也不想哭啊为什么我怎么这么软弱我又想偷偷离开了可是我不敢,0,0,0,0,0,0,0,0,0,1,0,0
313,记忆力越来越差了是不是有一天谁也不记得了是不是更好,0,0,0,0,0,1,0,0,0,0,0,0
314,然而你要明白的是你的父母不可能成为你理想中的那种完美周到的样子他们不会改变你要做的就是逃能逃多远谈多远再也不要回来了再也不要靠近他们了,0,0,0,0,0,1,0,0,0,0,0,0
315,我多羡慕你的决心我真的好累我好想死我真的好想死我受不了了,0,0,0,0,0,0,1,0,0,0,0,0
316,饭我太没出息了都不知道到底为什么在哭明明今天心情还可以的,0,0,0,0,0,0,0,0,0,1,0,0
317,好颓废不想活了,0,0,0,0,0,0,0,0,0,1,0,0
318,如果你能看到我的内心你会发现它早已经千苍百孔了生活已经让我伤痕累累了,0,0,1,0,0,0,0,0,0,0,0,0
319,像我这样的理想主义者根本就不适合活在这个世界上吧,0,0,0,0,0,1,0,0,1,0,0,0
320,比昨天更喜欢他了好像毒药一样会上瘾我发现我好像戒不掉了我是不是太贪恋他了突然觉得这辈子活的真累,0,0,1,0,0,0,1,0,0,0,0,0
321,上班好像又被针对了别人让我学聪明点可我真的不知道要怎么才叫聪明,0,0,0,0,1,0,0,0,0,0,0,0
322,我也在等这样的人出现但是又觉得如此不堪的我应该不会有人接近,0,0,0,0,0,1,0,0,1,1,0,0
323,觉得自己变得越来越冷漠了坐地铁旁边有个人没站稳倒我身上我竟然懒得去扶一下让她自己扶着我站起来的,0,0,0,0,0,0,0,0,0,1,0,0
324,胡扯累死了每天自责恐惧身体病痛折磨我还是早早规划一下早日脱离苦海,0,0,1,0,0,0,0,0,0,0,1,0
325,我的同事可能会觉得我阴郁吧看起来奇奇怪怪的样子,0,0,0,0,1,0,0,0,0,0,0,0
326,我巴不得现在就死掉算了不然还要害怕每一个明天情绪崩溃的时刻我真的受不了了我忍不住了,0,0,1,0,0,0,1,0,0,0,0,0
327,闹了这么一通我在房间却听到我妈和弟弟妹妹很开心很开心的大笑叫了我一天没起床她的态度称呼就开始变得烦躁埋怨碰到摆了一床的玩偶我想如果我死了它们该怎么办衣服可以烧点书可以送人可是这些玩偶陪了我这么多年已经旧了过时了如果我死了它们应该会出现在垃圾堆吧,0,0,0,0,1,0,0,0,1,0,0,0
328,这些年依然生活在黑暗中可是却已经不想要阳光了担心能够触及阳光的时候就会害怕一旦失去阳光重回黑暗那种感觉比从未拥有更加难受,0,0,1,0,0,0,0,0,0,0,0,0
329,一天没有吃饭了不饿也不想吃希望今天晚上睡着后可以猝死不用醒来了手机里留好了告别信以防万一我突然的离开也可以减轻他们的痛苦为我开心当然还是希望我醒不过来吧,0,0,0,0,0,1,0,0,0,0,0,0
330,我真是记性差到极点记忆混乱到极点脾气差到极点心情差到极点干什么都不行,0,1,0,0,0,1,0,1,0,0,0,0
331,我不配拥有好运气好心情,0,0,0,0,0,0,0,0,1,0,0,0
332,然而她不知道我这些年怎么过来的初中知道了当时真的自己非常嫌弃自己觉得自己脏了真的被性侵过后伤害是永久的还会有二次伤害我感觉自己要疯掉了太难受了,0,0,0,0,0,0,0,0,0,1,0,0
333,我也很自卑是真的真的自卑多希望不要有优秀的人出现在我的世界里,0,0,0,0,0,0,0,0,0,1,0,0
334,近两年我的新年愿望生日愿望都是希望家人朋友身体健康可今年大舅走了所以愿望只能是愿望根本不会实现我一个岁的成年人了居然还像个孩子一样相信愿望,0,1,0,0,0,0,0,0,0,0,0,0
335,今年第不知道多少次的崩溃或许我本来就不该存在,0,0,0,0,0,0,0,0,1,0,0,0
336,自己停了药情绪完全崩溃真的活着好累为什么死不了为什么活着一天折磨我一天,0,0,1,0,0,0,0,0,0,0,0,0
337,想活着但是为什么我爱的人都要逼我呢一次又一次我真的不知道怎么办了要不是还有一大堆事情没有做完我希望真的可以就这样睡着睡着就不要再醒过来了来带我走吧我走了他们就不会烦了,0,0,1,0,0,1,0,0,0,0,0,0
338,讨厌这样的自己又改变不了这样的自己是因为寂寞吗,0,0,0,0,0,0,0,0,0,0,1,0
339,嗯对坚持有什么用呢反正都是苦难,0,1,0,0,0,1,0,0,0,0,0,0
340,失去了工作能力没办法和人交流能干什么工作呢,0,0,1,0,0,0,1,0,0,0,0,0
341,我该对谁说我生病了是心里有病的那种不想见熟人不想回消息不想回电话我不想这样的我已经很努力在装作自己很乐观积极向上了真的有很努力了可是我还是会忍不住动那个念头好难继续装作乐观积极感觉自己快疯了,0,0,1,0,0,0,0,0,0,0,0,0
342,饭饭你知道吗其实我有很长一段时间无比厌恶自己现在也是可是我只有在这种厌恶里才能觉得自己是真实存在的好难过好像真的快坚持不了了这么恶心的自己自己都不想在看到了,0,0,1,0,0,0,0,0,0,0,0,0
343,谁叫我是穷鬼,0,0,0,0,0,0,0,0,0,1,0,0
344,可是我就是很笨啊,0,0,0,0,0,0,0,0,0,1,0,0
345,抱有这样想法的他们才是有病,0,0,0,0,0,0,0,0,0,1,0,0
346,反正没办法控制情绪了我一定要好起来啊或者千万不要好起来啊越来越糟才更好,0,0,1,0,0,1,0,0,0,0,0,0
347,有没有这样一个人他她的离开让你觉得自己的灵魂也缺失了一块这一块不是时间能弥补的没了就是没了一次次的转世轮回就为了寻找这一块也许这世依旧找不到也许来世也可能找不到依旧执念的寻找直到找到缺失的这一块也许再也找不到直到自己的魂魄灰飞烟灭,0,1,0,0,0,1,0,0,0,0,0,0
348,我只敢在评论里叫嚣我的抑郁却不敢发圈我想我是一个懦弱的孤独患者,0,0,0,0,0,0,0,0,0,1,0,0
349,抑郁症是穷人病吧日复一日的机械劳作一言难尽的家庭琐事突如其来的恶意,0,0,1,0,0,0,0,0,0,0,0,0
350,每天难过的偷偷崩溃大哭和好朋友说她们也只是当我夜来非而已我真的好累了我好累了我连出门看太阳的力气都累的没有了我好想就这样一觉睡过去别醒来了就这样好好睡一觉睡到下辈子,0,0,1,0,0,0,0,0,0,0,0,0
351,对不起我活着很卑微等那天我不想卑微了就会离开这个世界,0,0,0,0,0,0,0,0,0,1,0,0
352,一切都是因为我变糟的,0,0,0,0,0,0,0,0,0,0,1,0
353,我的存在就是错的,0,0,0,0,0,0,0,0,0,0,1,0
354,被男朋友骗了几十万自己又是抑郁症你要我怎么活,0,0,1,0,0,0,0,0,0,0,0,0
355,为什么不幸的总是自己呢他们总说你这算什么事是啊都是压死我的稻草,0,1,0,0,0,0,0,0,0,0,0,0
356,好丧啊一点小事就想死,0,0,0,0,0,0,1,0,0,0,0,0
357,可是谁又能来到我这个一事无成一身负能量坏脾气长得黑瘦还丑的人身边呢,0,0,0,0,0,0,0,0,0,1,0,0
358,觉得自己很没用好端端的就是不停流眼泪死了就不会有痛苦了吧,0,0,0,0,0,0,0,0,0,1,0,0
359,我该选择信任么我该怎么信任是我想的太多了吗为什么可以那么残忍我到底算个什么东西,0,0,0,0,0,0,0,0,0,1,0,0
360,有些女生真令人恶心为了个男的去欺凌其他女孩子还拍视频是不是应该感谢她们为报警提供了证据具体事宜我还要和她商量可我觉得她应该不会报警因为后续的报复我咬牙切齿这个社会真的是糟糕透了,0,0,1,0,0,0,0,0,0,1,0,0
361,忽而开心忽而难过神经病一样我只想挨打可以被人打死那种,0,0,0,0,0,0,0,0,0,1,0,0
362,今天是我的岁生可是我为什么这么难受这么压抑跟朋友在一起还假装很开心偷偷的趁姐妹在洗澡划了几下舒服多了为什么人活着要这么难啊评论配图,0,0,1,0,0,0,0,0,0,0,0,0
363,希望我们都能快点再快一点从情绪的漩涡里走出来不求我能立马积极的面对人生只要能比昨天更好一点就好了我真的好焦虑一想到要去培训出差收拾行李我就紧张的心快跳出来了,0,0,0,0,0,0,1,0,0,0,0,0
364,走饭越来越多的时间我情绪开始崩溃了其实我也不累生活也挺好的没有太多的磨难可是就是没什么好活的了希望到时候我也能鼓足勇气结束吧,0,0,1,0,0,0,0,0,0,0,0,0
365,我以为我可以坦然的取消对你的关注可我还是做不到啊走饭你在那边过得怎么样是不是特别轻松啊我好羡慕你啊可我的胆子太小了我没有勇气一走了之我多么希望我没长耳朵这样我就听不见我妈的话了我也不会对这个世界这么失望了我想来找你你一定要等我哦,0,0,1,0,0,0,1,0,0,0,0,0
366,世界没有一点爱唉,0,1,0,0,0,0,1,0,0,0,0,0
367,今天的坏事情已经过去了那剩下的都是好事,1,0,0,0,0,0,0,0,0,0,0,0
368,谁都不要我了他们都把我扔掉了,0,0,0,0,0,1,0,0,0,0,0,0
369,走饭啊我难过的感觉快要死掉了啊,0,0,1,0,0,0,1,0,0,0,0,0
370,生活对人的锤骟是不会停止的当你快乐一点找到点活下去的意思走有各种事一件接一件砸在头上我很不想痛哭但是我感觉这情绪又来了一次一次重击打的你耳鸣眼花却连还手的对象都没有为什么人间这么苦呢,0,1,0,0,0,1,0,0,0,0,0,0
371,依旧是卑微仔一个,0,0,0,0,0,0,0,0,0,1,0,0
372,年月号夜很深了想一走了之了我这个人自私自负谈恋爱给女朋友带来很多痛苦我真的觉得自己白活这么多年了自暴自弃了感觉心里不知道为什么很难受看着窗外过往的车辆想了想是不是跳下去就没有这么多事了也不会有人想起我过往云烟我对不起妈妈,0,0,1,0,0,1,0,0,0,1,0,0
373,喜欢的工作父母不喜欢我换父母安排相亲我去不是我不想坚持我自己的路而是我坚持了很久很久同样的事不知道吵过多少次我累了很早就累了很想一死百了可是现在遇到太多有趣的人有点舍不得但是我比以前更累了很迷茫不知道怎么办唉,0,0,1,0,0,0,0,0,0,0,0,0
374,活着也没有多重要吧,0,0,1,0,0,0,0,0,0,0,0,0
375,饭我无时无刻都想死去做人太难了我真的很累,0,0,1,0,0,0,0,0,0,0,0,0
376,其实我特别特别懦弱遇到点事情想的只有逃避,0,0,0,0,0,0,0,0,0,1,0,0
377,其实这也就是生活它逼迫着你希望其他人能走开困难我最近也遇到难言的事情也许世人都是苦命人希望我度开吧,0,0,0,0,0,1,0,0,0,0,0,0
378,早上哭到下午眼睛现在还疼我很想找到希望可是生活处处都是天坑,0,1,0,0,0,0,0,0,0,0,0,0
379,是啊在外面朋友闺蜜同事领导周围的人就算是没有见过面的人对我的印象都是斯文秀气文文静静做事有分寸的一个女孩子从来不会得罪别人特别懂事成熟的人在家里人和亲戚面前就不一样了幼稚脾气暴躁不懂事不懂分寸不会做人不讲理没用没能力做什么都是错真的腻了,0,1,0,0,0,0,0,0,0,0,0,0
380,为什么我那么胖那么丑,0,0,0,0,0,0,0,0,0,1,0,0
381,暖阳再也不会来,0,0,0,0,0,1,0,0,0,0,0,0
382,不行啊我觉得男人的话还是不太可信笨蛋下次不许再这么卑微,0,0,0,0,0,0,0,0,0,1,0,0
383,感觉自己压力好大不知道下一步怎么办了工作看不到希望努力也看不到未来,0,0,1,0,0,1,0,0,0,0,0,0
384,看着你的微博就莫名的哭了挺羡慕你的可以把自己的不开心当做一个笑话一样调侃地说出来然后也挺有勇气的饭饭要是你还在的话我真的挺想认识一下你这么久了就很烦躁还有我真的理解不了自己为什么老是不开心明明生活在这样一个家庭里身边的人也还行我真的挺难受的,0,0,0,1,0,0,0,0,0,0,0,0
385,我好累活着真的太累了,0,0,1,0,0,0,0,0,0,0,0,0
386,我太贱了,0,0,0,0,0,0,0,0,0,1,0,0
387,饭我又回想起了那些委屈哇我至今心脏都一块揪着一块的疼虽然过去那么久这个世界对我并不友好我看出它并不喜欢我了我也很无奈阿硬撑着好没安全感的心脏只能用笑笑来掩饰自己的伤口妈的没关系大不了一死,0,1,1,0,0,0,0,0,0,0,0,0
388,饭好疼啊坚持不下去了又哭了我还有眼泪可以哭却没有勇气报警弄死那个负心汉,0,0,0,0,0,0,0,0,0,1,0,0
389,一想到未来就是无尽的绝望活着真的好难究竟什么时候才能安安静静的死,0,0,1,0,0,0,0,0,0,0,0,0
390,只是真的对不起一些人吧但是我已经足够对不起自己了,0,0,0,0,0,0,0,0,0,0,1,0
391,这个世界一点也不喜欢我我也不喜欢它了,0,1,0,0,0,1,0,0,0,0,0,0
392,很累但是怕死今天被我爸爸指着说谁叫你命不好压力很大现在连车都不敢开总是怕自己会撞到别人很久没遇到比较开心的事了,0,0,1,0,0,0,1,0,0,0,0,0
393,就算我真的有病我也不会让任何人知道我有病不然我真有病了这就是传说中的奥秘所在,0,0,0,0,0,0,0,0,0,1,0,0
394,众所周知没有什么能天长地久,0,0,0,0,0,1,0,0,0,0,0,0
395,隔壁欢声笑语真好呀我这辈子好像都要这样孤独下去了,0,0,0,0,0,1,0,0,0,0,0,0
396,我这么开朗的一个人居然觉得活着没有意义了,0,0,1,0,0,0,0,0,0,0,0,0
397,没有抑郁的人谈恋爱也不见得会幸福的随心吧我觉得,0,0,0,0,0,1,0,0,0,0,0,0
398,挺累的浑浑噩噩这些年不知道怎么过的活成了丧尸,0,0,0,0,0,0,0,0,0,1,0,0
399,我找不到宣泄的出口我成绩好从全国前十的名校考到世界前十的名校吃了一年的抗抑郁药已经停了找了份工资高的工作可是太累自己坚持不下来现在考公务员一百人都考不上一个的比例人活着为什么总是要竞争我好累,0,0,1,0,0,0,1,0,0,0,0,0
400,被所有人排挤的感觉太难受了,0,0,0,0,1,0,0,0,0,0,0,0
401,这种日子什么时候有尽头啊真的要逼死我吗,0,0,1,0,0,0,0,0,0,0,0,0
402,我这样子的人真差劲,0,0,0,0,0,0,0,0,0,1,0,0
403,好像没有一个人考虑过我的感受,0,1,0,0,0,1,0,0,0,0,0,0
404,走饭我又来了你知道吗我今天特别特别伤心好像一点点小事就能把我压垮不过就是选优秀团员我以为每年都是班干部然后今年是宣传委员写了很多新闻稿拍了很多照片班级活跃分第二的我能入选事实上一个人都没投我一个平时不干事没什么存在感但是总喊大家打游戏的一个女生入选我存在的意义是什么呢,0,0,1,0,0,0,1,0,0,0,0,0
405,我绝望厌世不相信人性没有快乐满是痛苦那活着干什么,0,0,1,0,0,0,0,0,0,0,0,0
406,看到一句话我觉得自己就像个精神分裂者像个怪人像个神经病我一边要压抑着自己悲观的情绪和想法一边让自己看起来开朗活泼人见人爱,0,0,0,0,0,0,0,0,0,1,0,0
407,你就是不喜欢我不喜欢我不喜欢我,0,0,0,0,0,1,0,0,0,0,0,0
408,我还行还可以呀爱你很开心他很好啊可我好怂,0,0,0,0,0,0,0,0,0,1,0,0
409,祝我早点死吧这种那么晦气倒霉的人活着浪费空气,0,0,0,0,0,0,0,0,0,1,0,0
410,好像都觉得我没用,0,0,0,0,0,1,0,0,0,0,0,0
411,有时候没想到自己最艰难的时候是自己家人一点点冷水往自己身上倒可能他们认为是对我好是为我考虑可是为什么不心疼心疼我问问我的想法就算不支持也不要打击好不好我的人生不想被他们安排的明明白白或许他们说的扑的路安安稳稳的没错但是我是个人有自己的想法我想要快乐,0,0,0,0,0,0,0,0,0,0,0,1
412,我真的好累去过一次医院就再也不敢去复查我这样的人活该只能一个人承受痛苦对吗,0,0,0,0,0,0,0,0,1,0,0,0
413,啊我真的很没用啊因为感情奔溃撑不下去抑郁症真的好讨厌啊可是他不走开怎么办啊,0,0,1,0,0,0,1,0,0,1,0,0
414,软弱,0,0,0,0,0,0,0,0,0,1,0,0
415,我可能活不过这个春天应该活不过这个夏天,0,0,0,0,0,0,0,0,1,0,0,0
416,我这辈子过的太痛了我原谅不了我恨得不行,0,0,1,0,0,0,0,0,0,0,0,0
417,世间的一切美好都与我无关,0,0,1,0,0,1,0,0,0,0,0,0
418,为什么没人善待我,0,0,0,0,0,1,0,0,0,0,0,0
419,很想有个人能拉我一把带我逃离现在的黑暗深渊可是不能的不能让别人沾染到这种不好的情绪不过也没遇到我一直一直把自己当做能救自己的唯一可是自我拯救的过程好难长这么大居然没有一个可以放心依靠的人再好的朋友也不想让她们沾染到我内心的阴暗不怕孤独只怕流浪无期的孤苦,0,1,0,0,0,0,0,0,0,0,0,0
420,没有退路的时候很容易想开我好多了以后顺其自然随遇而安该来的会来该走的不强求做自己喜欢的事装扮成自己喜欢的样子不在意别人的眼光老了以后开始旅行一台车子一车行李一路风景最后找个安静的地方也就这样了吧做条咸鱼自由的咸鱼,0,0,0,0,0,0,0,0,0,1,0,0
421,在学校每天早上像个正常人说说笑笑我差点以为我真的变好了可是一到晚上情绪就崩溃了没有原因就是很痛苦,0,0,1,0,0,0,0,0,0,0,0,0
422,我怎么这么丑我真的不配我比别人丑还没别人懂事还比别人笨我真的不配,0,0,0,0,0,0,0,0,0,1,0,0
423,能不能别这样子姐姐我二十了因为自己性格的原因有很严重的抑郁症和社交恐惧症在家一年了基本上不敢出门见人也不知道怎么去跟别人面对面交流每天就是行尸走肉一样一个手机一顿饭一张床一个活死人说的就是我我准备今年去医院看的呢你仔细想想这个世界上真的没有你牵挂的了吗我们一起加油好吗,0,0,0,0,0,0,0,0,0,1,0,0
424,我从来没想过二妹会这么跟我闹我找不到说话的人觉得自己没用没地方发泄亲情不是最美好的东西吗与我似乎从来没有过反正也过了二十几年了过够了可我又怕死我舍不得家里我捡的那只别人不要的小狗我是没出息,0,0,0,0,0,0,0,0,0,1,0,0
425,有时候脑袋里的细胞动一下都觉得疲惫,0,0,0,0,0,0,1,0,0,0,0,0
426,也许死亡是我唯一能与命运对抗的筹码,0,0,0,0,0,1,0,0,0,0,0,0
427,抱歉很晚才认识你不过怎么说呢能够认识就不算晚心我总会觉得自己有一段日子超自卑莫名其妙就想哭发脾气好像什么什么都做不好任何人都比我优秀不过现在大概大学要毕业了人老了竟然也就佛了酸希望来这儿的小伙伴能找到属于自己的那份开心和幸福吧即使微不足道心别忘了有人陪,0,1,0,0,0,1,0,0,0,1,0,0
428,该睡觉了走饭晚安今天不和你讲话了睡了心其实我想大哭一场再睡可是哭不出来算了吧一切都放下告诉自己梦醒了而已你本来就一无所有不是吗,0,0,1,0,0,1,0,0,0,0,0,0
429,既然活着不能让自己快乐那为什么要活着,1,0,0,0,0,0,0,0,0,0,0,0
430,明明生活的也算幸福但是总觉得人生无望呢我要是从来没出现过在这个世上就好了我总是搞砸一切,0,0,1,0,0,0,0,0,0,0,1,0
431,感觉自己每天都活在痛苦的深渊里每天想把自己拔出来但是每天都越陷越深,0,0,1,0,0,0,0,0,0,0,0,0
432,我祈祷上天现在收了我的命吧我不能在学校跳楼学校没有错老师同学没有错回家也许挺好的但是会被村里其他人指指点点吧也会留下心理阴影的,0,0,0,0,1,0,0,0,0,0,0,0
433,太渴望拥有有时候对别人对自己都是个负担比如活着就是个负担,0,0,0,0,0,0,0,0,1,0,0,0
434,饭饭你在另一个世界过得好吗你得到了解脱了吗把我也带走吧这世界上没什么值得我留恋了心死了绝望了只求一死,0,0,1,0,0,0,0,0,0,0,0,0
435,一觉醒来突然觉得人间的一切于我没有任何意义了不想说话不想睡觉不想做任何事,0,0,1,0,0,0,0,0,0,0,0,0
436,他都还心安理得活着凭什么你去遭受他应该遭受的报应,0,0,0,0,0,0,0,0,1,0,0,0
437,受不了了我太崩溃我又到处砸东西了我已经很努力在控制自己的情绪了可是我真的好难受啊我真的好讨厌我自己我超级努力想要生活变得好一点可是似乎没有任何意义,0,0,1,0,0,1,0,0,0,0,1,0
438,生活很苦全是煎熬不知不觉就变暴躁了,0,0,1,0,0,0,0,0,0,0,0,0
439,人这一生吧总没那么的顺我倒是浑浑噩噩的混了四十一年曾经最难熬的日子就这么挺过来现在想想也无非就是皮糙肉厚贪生怕死给自己找个借口开心下当然每个人的遭遇不一样并不试图劝解你只是想想十月怀胎好容易挤掉那几亿的兄弟变成了人哪儿能这么轻易的把自己给交代了呢,0,0,0,0,0,0,0,0,0,1,0,0
440,我活着果然是个累赘,0,0,0,0,0,0,0,0,0,1,0,0
441,总会试着去寻找是不是这个世界错了寻找不是自己的问题可是找来找去终究是自己不行啊比赛自己学识不够拖后腿打游戏自己能力不够被喷说话谈吐也感觉自己读书不够肤浅肤浅到和游戏里的人都能对骂起来,0,0,0,0,0,0,0,0,0,0,1,0
442,一点小事就能让我崩溃让我嚎啕大哭一晚上我真的好累,0,0,1,0,0,0,1,0,0,0,0,0
443,嗯所以说我这样的人活该是被人嫌弃的呢,0,0,0,0,0,0,0,0,1,0,0,0
444,很想要有人抱团取暖但是我的占有欲会让它变质没有人会接受这么糟糕的我要是世界上有另一个我就好了,0,0,0,0,0,1,0,0,0,1,0,0
445,其实不是谁的错是我自己太无能,0,0,0,0,0,0,0,0,0,1,0,0
446,扛不住了又是一年清明我又想起了他他可以带我走吗我实在没有勇气自我了结可是也实在不想继续这样如同行尸走肉般过活太没意思了,0,0,0,0,0,0,0,0,0,1,0,0
447,我没有工作的能力我一无是处我什么都不会我有很多很多的困难和阻碍我活着浪费空气我很痛苦,0,0,1,0,0,0,0,0,0,1,0,0
448,不知道到哪里去买安眠药我现在觉得死是一件好快乐的事我要是可以死该多幸福,0,0,0,0,0,0,0,0,1,0,0,0
449,我也不知道我在丧什么但就是很难受丧到死,0,0,1,0,0,0,0,0,0,0,0,0
450,饭饭你知道吗我快撑不下去了我想来见你了真的没有人站在我这里我其实也很脆弱啊饭饭你告诉我天堂怎么去不会痛好吗,0,0,0,0,0,1,0,0,0,0,0,0
451,今天我们都是沙雕,0,0,0,0,0,0,0,0,0,1,0,0
452,或许我根本不应该出现这个世界,0,0,0,0,0,0,0,0,1,0,0,0
453,我终于变成自己讨厌的那种人了,0,0,0,0,0,0,0,0,0,0,1,0
454,但任何事都不会变好,0,1,0,0,0,1,0,0,0,0,0,0
455,我一个那么丧的人居然也在安慰别人,0,0,0,0,0,0,0,0,0,1,0,0
456,我贪生怕死却又不配活着,0,0,0,0,0,0,0,0,0,1,0,0
457,大夫开的药让我感觉脑子好陌生哦但是吃了药就可以function啦像小机器人,0,0,0,0,0,0,0,0,0,1,0,0
458,我爸又在外面骂人我在房间里听的咯噔一声每天都活在恐惧和绝望当中跟一个神经病住在一起他自己混日子把我害死了毁了我一辈子,0,0,0,0,0,0,0,0,0,1,0,0
459,身边还有父母再一无所有所谓的什么爱的人算了吧生存还是毁灭自己别无选择,1,0,0,0,0,0,0,0,0,0,0,0
460,我没有朋友没有男朋友没有真的喜欢我的人我干什么爸妈都不会理解我都是我自己作成这样我是个废人,0,0,0,0,0,0,0,0,0,1,1,0
461,嘿饭饭好几天没来了最近真的不开心感情工作生活都很不顺啊我一想到要面对那些恶心的人还有事儿我的胃部就开始不适我超级想用东西把它给塞满憋憋的然后我就可以不那么空了,0,0,1,0,0,0,0,0,0,1,0,0
462,幼稚恶心,0,0,0,0,0,0,0,0,0,1,0,0
463,我是不是很坏可爱嘿嘿人活一生为了什么不就是为了开心嘛我管你污,0,0,0,0,0,0,0,0,0,1,0,0
464,命不久矣了吧,0,0,0,0,0,1,0,0,0,0,0,0
465,每次出门之前都要纠结半天感觉一出门全世界的人都在看着我出糗盯着我的缺点看,0,0,0,0,0,1,0,0,0,0,0,0
466,住院第三天消极想法可以控制了基本不会无缘无故冒出来但是活着还是让我感到疲倦我甚至有点不想治好我的病治好了就死不了了,0,0,1,0,0,0,0,0,0,0,0,0
467,感觉身体哪哪都是病,0,0,0,0,0,1,0,0,0,0,0,0
468,简直有病,0,0,0,0,0,0,0,0,0,1,0,0
469,心里好一阵难受这世界并不爱所谓善良的人善良只说明我懦弱罢了,0,0,1,0,0,1,0,0,0,1,0,0
470,睡了醒醒了又睡在梦与现实之间徘徊挣扎着猛然睁开眼睛脑子被突然从梦境中拉回来我是谁我在哪精神突然就被撕扯着眼神空洞像是分裂了无助绝望又痛苦这样的日子什么时候才是个头啊我不想治病了只想让一切都赶快结束掉跪了,0,0,1,0,0,0,0,0,0,0,0,0
471,我太脆弱了脆弱到唯一的筹码也用不上,0,0,0,0,0,0,0,0,0,1,0,0
472,我想要拥抱可我一次次的推开这个拥抱是怕再一次的受伤我现在一无所有有的只是这个一条不值得的命我想结束结束掉所有的一切就当我没有来过这世上一样寻不到我的任何,0,0,1,0,0,0,0,0,0,0,0,0
473,没人愿意和抑郁症患者谈恋爱吧都会被讨厌的,0,1,0,0,0,1,0,0,0,0,0,0
474,曾经我也是个活波的孩子用正能量感染身边的朋友积极进去不怕失败不知道什么时候开始我突然不爱说话喜欢独处害怕尝试懦弱自卑无能,0,0,0,0,0,0,0,0,0,1,0,0
475,所以和抑郁症谈恋爱是无法完全开心的吧,0,0,0,0,0,1,0,0,0,0,0,0
476,我也觉得生活没意思时常在想我什么时候才会走到生命尽头,0,0,1,0,0,0,0,0,0,0,0,0
477,好多想做的可是什么都做不到,0,0,0,0,0,1,0,0,0,0,0,0
478,你就是个骗子,0,0,0,0,0,0,0,0,0,1,0,0
479,我真的变成了一个非常糟糕的人好难过,0,0,0,0,0,0,0,0,0,1,0,0
480,饭我错过了报名时间我参加不了考试了我没有跟任何人说因为这件事我自己已经很痛苦了如果我跟别人说又会受到指责了那样就会更痛苦你能懂我的吧饭,0,0,0,0,0,1,1,0,0,0,0,0
481,为什么会得抑郁症我知道是我该死,0,0,0,0,0,0,0,0,1,0,0,0
482,嘿陌生人今天又因为我的情绪破坏了气氛老公又叫我离婚我是不是这样不放手让他没有奔向更好的幸福可是这个病折磨得大家精疲力尽了想一个人安安静静的走不知道怎样才不痛苦的离开佩服你当初的勇气当我拿起刀子它是冰冷的当我站在高楼上我觉得好大的风都是害怕的理由我明天还能看到天明吗,0,0,1,0,0,0,0,0,0,0,0,0
483,感觉活的很自卑矛盾的快要爆炸我好想你,0,0,0,0,0,0,0,0,0,1,0,0
484,饭饭中午就算正在流泪还在劝别人坚持下去短短几个小时过去我自己已经坚持不住了不知道从什么时候开始父母已经不是我留下来的牵挂然后意外的有了我的宝宝熬过艰难的孕期然后迎来了我的宝宝可是除了我没有人爱她她是我的天使拯救了我可我当不好一个好妈妈,0,0,0,0,0,1,0,0,0,0,0,0
485,我在这里苦逼的上班人际关系永远处理不好一定是我的问题我自己在过钻牛角尖自己自尊心太强大如果能当个舔狗就好了微笑,0,0,0,0,0,0,0,0,0,0,1,0
486,小心翼翼到后来的试探性依赖再到后来完全相信你把心给了你一直到现在我们结束你终于成功的让我这辈子都不会再去喜欢和爱了你成功的抹杀了我这个能力,0,0,1,0,0,0,1,0,0,0,0,0
487,饭书上说做自己能给自己最大的自信和快乐可是我不敢我是不是太怂了挤眼,0,0,0,0,0,0,0,0,0,1,0,0
488,也许我就是多余的吧,0,0,0,0,0,0,0,0,0,1,0,0
489,最近突然特怕孤独我怕我猝死了都没人知道好像要朋友啊感觉自己活的好失败,0,0,0,0,0,0,0,0,0,1,0,0
490,有一阵子没来是我的问题失望抱歉啦各位朋友,0,0,0,0,0,0,0,0,0,0,1,0
491,没有人喜欢我没有人在意我的心情是不是我彻底消失了大家才回像以前那样关注我,0,0,0,0,0,1,0,0,0,0,0,0
492,后来我的痛苦就全都转化为她对我说的那句话但是所有人都不理我在我发疯的时候快乐地聊天我的人生除了痛苦就是耻辱我听到别人的笑声只感到更加耻辱,1,0,0,0,0,0,0,0,0,0,0,0
493,我也不想跟我妈发什么但我太痛苦了必须纠缠要不然怎么活我现在所学理论帮不了我了我现在正在向外抓心里空的很没办法求不来爱要点纠缠总行吧我没那么幸运,0,0,1,0,0,0,0,0,0,0,0,0
494,想走了一天小时无时无刻的想走想放弃真的真的熬不住了永别了,0,0,1,0,0,0,0,0,0,0,0,0
495,对不起世界给我的反馈可能是不会好了一直一直,0,1,0,0,0,1,0,0,0,0,0,0
496,我也好想死做着自己不喜欢的工作加上父母不断的催着找女朋友这几天心情低迷看着花花世界是越来越没趣走在阳台上好像从上跳下去,0,0,0,0,0,0,1,1,0,0,0,0
497,我又开始了这种间歇性的抑郁快把我折磨死了今天在图书馆看书闭馆时发现找不到书的原位我焦虑的跑遍了都找不着你说怎么就找不着了呢悲伤悲伤在去地铁站的路上就开始哭了我活着好像没什么用啊,0,0,1,0,0,0,1,0,0,0,0,0
498,突然好丧因为生病每天吃的药钱就够吃一顿饭时不时的还要做个检查如果没有我是不是就不会有那么多负担他们的生活一定会过得更好的,0,0,0,0,0,1,0,0,0,0,0,0
499,我是本科生中医专业毕业很多年了现在想重新干本行工作结果医院只招研究生今年我接受太多的打击了我又是一个很要强不服输的人我花了很多的时间才把自己从低落的情绪里拉出来但是我现在真的没有自信了其实我很羡慕你们研究生因为比本科生有更大的竞争力而本科生连报名的资格都没有,0,0,1,0,0,0,1,0,0,0,0,0
500,饭可能是我作恶多端所以想要的永远都得不到人间对于我来说才是地狱,0,0,0,0,0,1,0,0,0,1,0,0
501,我是一个没有感情的机器一无所有才不怕失去吧,0,0,0,0,0,0,0,0,0,1,0,0
502,焦虑症疑病症真的要折磨死我了最近竟然在搜索烧炭自杀的信息知道这样是不对的可是控制不住自己不知道什么时候坚持不下去了,0,0,1,0,0,0,0,0,0,0,0,0
503,做什么事都觉得做的不好即使在别人看来已经很好了就是苛责自己就是对自己高要求就是觉得自己不好朋友没有人了解抑郁他们真的觉得是我想太多了可我真的很难过呀真的想让自己死了算了,0,0,1,0,0,0,1,0,0,0,0,0
504,心里苦的人吃一颗糖果你以为会有点甜甜的味道然而糖果也是苦的我的生活没有色彩没有甜甜的味道真苦不吃也罢,0,0,1,0,0,0,0,0,0,0,0,0
505,每当生活和工作不顺心时就想来看看你那些心灵鸡汤说的什么坚持住会越来越好的全是狗屁对我来说能维持原状已经算是好的了更多的是你永远未知更坏的是什么一山更比一山低低处永远未算低,0,1,0,0,0,1,0,0,0,0,0,0
506,我只是一个寄生虫而已,0,0,0,0,0,0,0,0,0,1,0,0
507,现在是什么样呢大概就是在持续的绝望中混吃等死,0,0,1,0,0,0,0,0,0,0,0,0
508,上周好难过然后给自己定了自杀日期然后每天煎熬的过着今天是生日也是我定下的自杀日期呐今天情绪更是不好所以我应该扛不住了要去见见你了,0,0,0,0,0,0,0,1,1,0,0,0
509,自信会让我极度没有安全感可在人前的时候我又必须摆出一副自信的样子所以只有在每天晚上缩在被窝里的时候我才敢跟我的自卑和安全感一起相处有时候我甚至只能靠着墙角或者是床板才能睡着以前害怕自己猝死在房间中几个月无人发现现在巴不得在床上发生一场意外,0,0,0,0,0,0,0,0,0,1,0,0
510,我活着真没用什么事情都做不好,0,0,0,0,0,1,0,0,0,1,0,0
511,原来这里有这么多相似的人从早上八点醒了之后就没起饿但是不想起只想哭哭得眼泪都没了每天活的好痛苦不知道这么大年纪了辞职还能做什么没有一技之长没有学历没有长相没有背景了越来越焦虑没对象没人爱一听有人要给我介绍对象就发自心底的排斥我想我是完了,0,0,1,0,0,1,0,0,0,0,0,0
512,也许一生也走不完,0,0,0,0,0,1,0,0,0,0,0,0
513,我真是令大家都讨厌的人啊,0,1,0,0,1,0,0,0,0,0,0,0
514,我一点都不好过的一点都不好,0,0,1,0,0,0,0,0,0,0,0,0
515,看吧我又在哭了真没用,0,0,0,0,0,0,1,0,0,1,0,0
516,晚上打车回学校经过一条漆黑黑的大路旁边只有几盏路灯害怕得不行脑子里想着各种车祸现场绑架案件要是死掉该怎么办呀忽然想起遗书已经写好了心里就平静下来了,0,0,1,0,0,0,0,0,0,0,0,0
517,逼我辞职逼我放弃一切好像从来没有自己选择的权利傀儡一样好累好累想好好和爸妈聊聊可是他们从来不给我机会,0,1,0,0,0,0,0,0,0,1,0,0
518,我发现我是一名同性恋我对不起家人对不起朋友我不敢承认我没有孝心我的朋友也会离我而去每天浑浑噩噩没有任何用处,0,0,0,0,0,0,0,0,0,0,1,0
519,饭我明天去看心理医生我感觉自己不会好了我要买一条红裙子燃起一盆温暖的炭火喝下酸酸甜甜的葡萄酒给自己化一个美美的妆安静体面的离开,0,0,0,0,0,1,0,0,0,0,0,0
520,我真的好难过在这个时间点为自己的没有见识像一根稻草也能压死的骆驼,0,0,0,0,0,0,0,0,0,1,0,0
521,有时候真的感觉活的好累又不知道为什么这么累没有目标的工作每天过的浑浑噩噩不知道接下来的路怎么走真的真的好想自杀,0,0,1,0,0,0,0,0,0,0,0,0
522,饭饭分手的第三天昨天的度日如年已经过去了我希望自己能够睡个好觉可是那种被什么压着的感觉又出来了好羡慕那些能够好好睡觉的人,0,0,1,0,0,0,1,0,0,0,0,0
523,没有快乐的事一天天的真的很累伤心压力太大了我已经放弃了,0,0,1,0,0,0,0,0,0,0,0,0
524,我真的神经病活在自己的世界走不出去很无奈很痛苦如果不是独生女我恐怕已经,0,0,0,0,0,0,0,0,0,1,0,0
525,半年了还是找不到工作怎么办活不下去了,0,0,1,0,0,0,1,0,0,0,0,0
526,走饭我可能真的不该结婚婚姻更加让人痛苦更加让我想要解脱你不能想象正月十四到现在都发生过哪些可笑的事情我的父母如何对待我我自己选择的丈夫又做了些什么这些事情我想想就知道以后得日子有多凄苦那个时候我也许有了孩子我的童年是悲哀的我不想我以后的孩子也会痛苦,0,0,1,0,0,1,0,0,1,0,0,0
527,饭我请假天数太多老师说再请就得重修了我现在只盼着五一那少的可怜的两天假期我可以在这个使我身心俱疲也厌恶至极的地方熬到五一的是吗,0,0,1,0,0,0,1,0,0,0,0,0
528,真孤独啊这个世界没有人会懂我的,0,0,0,0,0,1,0,0,0,0,0,0
529,上午满课而且全是那个老气横秋并且有强迫症的女老师的课真是无聊,0,0,0,0,0,0,0,0,0,1,0,0
530,生病的这些天真的不知怎么过来的一个接一个的坏消息等了两年的人又换了一个女朋友最近好不容易遇到的新的喜欢的人和他前任复合了这连一半都没到就已经这么难熬了好像复制了一遍恶心至极,0,1,1,0,0,1,0,0,0,0,0,0
531,我有无数种方式证明自己不坏或者没那么坏但让那个女孩子哭是事实,0,0,0,0,0,0,0,0,0,0,1,0
532,可能闪闪发光的人都不属于我吧,0,0,0,0,0,1,0,0,0,0,0,0
533,最近情绪很不好已经连续好几晚凌晨一两点才能睡着一点点声音都难以入睡不知道是不是心理疾病总是情绪失控动不动就哭工作让我很挫败什么都不会做也做不好和爸妈的关系也很差劲不知道自己存在的价值的是什么,0,1,0,0,0,0,0,0,0,0,0,0
534,我觉得一个人在国外真的太难了并且因为上这个破学我没能陪奶奶我没能在她最最需要我的时候在她身边我恨死自己了她走了快一年了妈妈说一切都会好的可是我知道我不会了我永远永远失去奶奶了没人可以治愈我,0,0,0,0,0,1,0,0,0,0,1,0
535,不能痛快的活也不能爽快的死,1,0,0,0,0,0,0,0,0,0,0,0
536,我可能一辈子都会这样不会好了这种痛苦会伴随我一生只有死了才能真正开心吧,0,1,0,0,0,1,0,0,0,0,0,0
537,我一直不觉得这个世界上真的有会男生来喜欢我即便喜欢了时间久了也离开了本来还存在侥幸心理现在啊我是真的明白了不会有的,0,1,0,0,0,1,0,0,0,0,0,0
538,很压抑很无助最近发现好像确实是得了抑郁症工作生活都受到了影响抑郁症也许真正折磨人的地方就是没人会理解在别人眼里永远是可笑的矫情活着很难很难,0,0,1,0,0,1,0,0,0,0,0,0
539,我不想醒了我只想永远的睡去只是还差一个心愿去完成完成了我就走了我的人生已经崩盘了你等我哦到时候我们聊聊_,0,0,0,0,0,1,1,0,0,0,0,0
540,感觉自己要精分了,0,0,0,0,0,0,0,0,0,1,0,0
541,想起以前年做的激光手g手g想起自己闹楹Ｐl校的第一天_W休W裢说结淼拇S工服T幼@考次牌到淖唢uJR他和他聊天到最後不g而散浊日子e缀趺刻於伎奁流眼I什Nr候能死呢眼睛都快看不了,0,0,1,0,0,0,0,0,0,0,0,0
542,活着对我来讲就是折磨也是对别人的折磨,0,0,0,0,0,1,0,0,0,0,0,0
543,今天将是非常难熬的一天好累好累好累好累,0,0,0,0,0,1,0,0,0,0,0,0
544,好累喘气都觉得累,0,0,0,0,0,0,1,0,0,0,0,0
545,生活一般感情一般我一般,0,0,0,0,0,0,0,0,0,1,0,0
546,那些虚伪的爱或人全都远离我了或者说靠近不了我了,0,1,0,0,0,1,0,0,0,0,0,0
547,就让我做个恶人吧,0,0,0,0,0,0,0,0,0,1,0,0
548,没有人会真的喜欢我,0,0,0,0,0,1,0,0,0,0,0,0
549,后天休息日要去加班好痛苦,0,0,1,0,0,0,1,0,0,0,0,0
550,如果我自杀了应该很多人会笑话我吧,0,0,0,0,0,1,0,0,1,0,0,0
551,我月份因为考研成绩不理想一度情绪崩溃到怀疑自己真得了抑郁症了我曾经有过一次全世界都崩塌了经历这次跟上次比其实差不多的奔溃我加了几个抑郁症患者的群然后看他们在群里的对话我发现我跟他们不一样的时候心里突然好高兴好高兴因为我没有患抑郁症我只是偶尔抑郁还是可以被治愈的,0,0,1,0,0,0,0,0,0,0,0,0
552,永远也等不到那个真正爱我的人,0,0,0,0,0,1,0,0,0,0,0,0
553,不要再等了不会有人拉你一把的,0,0,0,0,0,1,0,0,0,0,0,0
554,厌恶这世上的人事厌恶所有的一切包括我自己本身想死真的想死,0,0,1,0,0,0,0,0,0,0,0,0
555,最近我是怎么了内心老是莫名焦虑烦躁沉不下心我究竟在焦虑什么啊这样子好难受啊这样的一天天过的好痛苦啊,0,0,1,0,0,0,0,0,0,0,0,0
556,世界上多的是两条腿的恶人,0,0,0,0,0,0,0,0,0,1,0,0
557,我不喜欢现在的自己纠结懦弱胆小我发现就这么盯着手机我能坐好久我比昨天更喜欢你了抱歉我遇见不到最好的自己愿来世不在为人,0,0,0,0,0,0,0,0,0,1,0,0
558,嗯其实我也知道平时走在大街上别人怎么想我的但是我忍受不了我爸妈这么说我真的会崩溃,0,0,1,0,0,0,1,0,0,0,0,0
559,饭好久没来了我发现我再怎么努力让自己正常起来也还是没用情况时好时坏我再怎么努力稳定也没用幻觉幻听还有梦里见到的她好像都来了莫名的哭就像疯子一样我都快受不了自己了,0,1,0,0,0,1,0,0,0,1,0,0
560,其实有时候我也会把自己关在房间里关灯拉上窗帘只有黑暗陪着我我自己一个人躲在被子里失声痛哭心情压抑到了极点不知道为何很喜欢这种感觉,0,0,1,0,0,0,0,0,0,0,0,0
561,我注定一生孤独,0,0,0,0,0,1,0,0,0,0,0,0
562,是我不值得,0,0,0,0,0,0,0,0,1,0,0,0
563,不敢去看病怕不是抑郁症没有哭的理由了我很懦弱的但是没有人知道我也不喜欢和陌生人讲话也没有人知道他们会说我很懦弱的,0,0,0,0,0,0,0,0,0,1,0,0
564,自己是个抑郁症病人没人爱也不敢爱人怕耽误别人,0,0,0,0,0,1,0,0,0,0,0,0
565,同样别人也不喜欢我,0,0,0,0,0,1,0,0,0,0,0,0
566,我好没用还长的丑,0,0,0,0,0,0,0,0,0,1,0,0
567,或许我这种抑郁症患者就不该去接触这种特殊群体我以为他的阳光他的自信能让我摆脱黑暗却没想到他带给我的是更多的痛苦人心都是会变的是我把军人想的太好了,0,0,0,0,0,0,0,0,1,0,0,0
568,我就是太依赖她了不光是依赖她还依赖身边的每一个人只要有人稍微对我的态度跟以前不太一样了我就难过,0,0,0,0,0,0,1,0,0,0,0,0
569,我为什么要醒睡着的时候没有任何情绪是我最开心的时候醒来了就各种丧各种不开心为什么要醒呢死去了永远醒不了多好呢,0,0,1,0,0,0,0,0,0,0,0,0
570,今天又被班主任训了我真的好累快要崩溃了,0,0,0,0,0,0,1,0,0,0,0,0
571,我啊就像拿了一个放大镜在看生活所有的苦难不易都加倍放大了折磨着我的那一点点的快乐却毫无感觉甚至一点快乐过后又是无尽的丧,0,0,0,1,0,0,0,0,0,0,0,0
572,没人在乎我,0,0,0,0,0,1,0,0,0,0,0,0
573,明明已经快忘记讨厌的人长什么样子了自己却去翻相册看到然后一直在脑子里转悠我真的很恶心我为什么会遇见你遇见她拜托放过我吧我就想每天开开心心的笑呀健健康康的就行,0,0,0,0,0,0,0,0,0,1,0,0
574,我真的觉得自己烂透了,0,0,0,0,0,0,0,0,0,1,0,0
575,受不了最恶心的竟然是自己的家人或许算不上家人吧器官捐赠我连遗体都不想留给她们了,0,0,0,0,0,0,0,0,0,1,0,0
576,好讨厌一个人讨厌到想打她人生已经很痛苦了为什么还要出现恶心的人呢,0,0,0,0,0,0,0,0,0,1,0,0
577,应该不可以啦我没办法和别人在一起,0,0,0,0,0,0,0,0,1,0,0,0
578,今天又特别苦闷看着别人都积极向上的生活自己每天颓废想使力气可又对一切都提不起兴致我连我极度热爱的小说都看不进去了一次一次努力失败我现在开始嫌弃自己越来越嫌弃我舍不得我爸妈我觉得我对不起他们每天都又痛苦又苦恼,0,0,1,0,0,0,0,0,0,0,1,0
579,我和这个世界根本就格格不入八字不合我就像个局外人,0,0,0,0,0,1,0,0,0,0,0,0
580,我们家人之间从来没有内心的交流就算我想说我妈也马上转移话题了或许她真的不想聊吧,0,1,0,0,0,0,0,0,0,0,0,0
581,我怎么会这么丧,0,0,0,0,0,0,0,0,0,1,0,0
582,反正交友app只是撩骚我自己这么差劲什么人会喜欢啊哈哈哈哈哈,0,0,0,0,0,0,0,0,0,1,0,0
583,难过刚到上海找工作太难家人又催我也找不到合适的工作真的快要崩溃了我怕熬不过来,0,0,1,0,0,0,1,0,0,0,0,0
584,饭饭我想告诉别人我难过可是她们一定不会理解我的我的伤心就是自己矫情我莫名其妙的难过我喜欢的东西很喜欢可是放下之后就又情绪不好我想一直睡着不想起来,0,0,0,0,0,1,0,0,0,0,0,0
585,这个世界不会好了伤心,0,0,1,0,0,1,0,0,0,0,0,0
586,酒精能暂时摆脱焦虑但是第二天焦虑还是会在那里等你伴随着宿醉反应,0,0,0,0,0,1,0,0,0,0,0,0
587,看电影新闻看到谁谁死掉了我都羡慕死了不用再活下去了多好啊我下辈子绝对不会再来到这个世界上了我也好想知道为什么会这样为什么别人就可以每天都积极向上快快乐乐我就不行我的快乐哪去了快让我死掉吧,0,0,1,0,0,0,0,0,0,0,0,0
588,还是都糟透了什么都做不好什么都不顺意,0,1,0,0,0,1,0,0,0,0,0,0
589,自我厌恶到了极致恶心恶心恶心怎么这么恶心从不堪变成恶心,0,0,0,0,0,0,0,0,0,0,1,0
590,我寻思着我妈觉得我的存在就是影响我的病最大的因素,0,0,0,0,1,0,0,0,0,0,0,0
591,人生真的是一场赌博赌输了就是悲剧赌赢了才是喜剧赌的时候总在为自己找借口不会输的无所谓的拼一把吧然而有多少人满盘皆输后抱头痛哭隐匿在无尽的人海里,1,0,0,0,0,0,0,0,0,0,0,0
592,饭我和他约了晚饭在我们领结婚证那天庆祝的餐厅整整一个月了信终于写完了我可以走啦饭我能见见你么你愿意的话凌晨的时候在路口等等我好么我想抱着你哭一哭你那里真的没有痛苦对么不管有没有这里的我负担不起了,0,0,1,0,0,0,0,0,0,0,0,0
593,我看不到未来一想到以后就压抑无助,0,0,1,0,0,0,0,0,0,0,0,0
594,人家说我很浮躁我是无能加浮躁真差劲,0,0,0,0,0,0,0,0,0,1,0,0
595,我这种人真不应该活着,0,0,0,0,0,0,0,0,1,0,0,0
596,我买啥东西啥东西缺货,0,1,0,0,0,0,0,0,0,0,0,0
597,饭饭我想死了我熬不下去了为什么会这样真心错付我没有东西可以撑着我活下去了,0,0,1,0,0,0,1,0,0,0,0,0
598,饭黑狗没有撕咬我的时候我以为我是个正常人可都是错觉都是错觉它还是轻易的把我扑倒撕咬着我嘲笑着我白天我高兴的和老朋友打游戏晚上已经哭了两三次了盖着被子我在想能不能用被子窒息死亡戴着耳机我在想能不能用耳机线致人死亡我把耳机线缠在脖子上然后就哭了为什么哭,0,0,1,0,0,0,0,0,0,0,0,0
599,一切都好糟糕,0,0,1,0,0,0,0,0,0,0,0,0
600,又冷又饿想下去吃点东西家里一群人乐乐呵呵的聊着天我怕我下去她们见到我又是各种刨根问底说话的力气都没有所有的朋友在你患难的时候都悄无声息了家人也在背后到处各种大肆宣扬我有病我差点死掉情绪失控各种想哭躺着眼泪就没停过想想以后要每天吃药都难受好累活着好辛苦,0,0,1,0,0,0,0,0,0,0,0,0
601,坐著想哭站著想哭躺著想哭吃想哭看想哭是想哭到底怎Nk,0,0,1,0,0,0,0,0,0,0,0,0
602,年我知道我挽不回他然后自己去了另一个城市去看了很多风景我以为我还是可以很快乐但夜晚来临之时我还是一个劲哭哭几个小时然后吃错东西就直接食物中毒进医院了,0,0,1,0,0,0,1,0,0,0,0,0
603,好想藏到一个没有人的地方去当初再走最失落的时候你离开了我那这辈子再也不可能了谁会喜欢满满负能量的我啊,0,0,0,0,0,1,0,0,0,0,0,0
604,是个疯子死了不痛先下去给朋友们探探路,0,0,0,0,0,0,0,0,0,1,0,0
605,饭啊带我走吧好难过好崩溃好难,0,0,0,0,0,0,1,0,0,0,0,0
606,今天为什么还活着还不能死掉啊,0,0,1,0,0,0,0,0,0,0,0,0
607,我有好多委屈想要和你说啊但我又有什么资格瞧我现在人不像人鬼不像鬼,0,0,0,0,0,0,0,0,0,1,0,0
608,生活不会好起来的,0,0,0,0,0,1,0,0,0,0,0,0
609,坐公交使我焦虑早起也使我焦虑就想快进不用睡觉就好了,0,0,0,0,0,0,1,0,0,0,0,0
610,有人爱有人关心可我就是觉得很难过很难过,0,0,0,1,0,0,0,0,0,0,0,0
611,感觉自己就像一个feiwu可还行,0,0,0,0,0,0,0,0,0,1,0,0
612,我真的太懦弱了,0,0,0,0,0,0,0,0,0,1,0,0
613,看到下面有条评论我只是想要被爱可是我想要真诚地被爱虚情假意像对个消遣品一样随意对待当我好欺负吗可是我还是这样被人欺负了好没意思人生啊,0,0,0,0,1,0,0,0,0,1,0,0
614,人间不值得你也不值得,0,0,1,0,0,1,0,0,0,0,0,0
615,我啊一无是处甚至尝试过自杀但没成功嘻嘻我的胃病越来越痛抑郁也越来越严重但是我不想治疗我想放纵一把我做好了面对死亡的准备但我没有直面生活的勇气或许这会被别人嘲笑吧不过无所谓了如果哪天我删除了朋友注销了账号别担心我只是想去找走饭聊聊天我只想去看看那个世界的样子,0,0,0,0,0,1,0,0,0,1,0,0
616,我就是很容易对人产生依赖感啊真是没用或许那哥哥并不愿意和我聊下去吧也许他只是出于礼貌毕竟我对他来说只是一个陌生人而已啊,0,0,0,0,0,0,0,0,0,1,0,0
617,好难受我真的好多余明明答应过她不会再有这个念头的人可是她不知道她和其他男的在房间里吃火锅之后还聊了两小时天会让我怎么想吗好累啊不过你能开心就好了我不打扰你了想休息一下,0,0,0,0,0,0,1,0,0,1,0,0
618,这是一道坎是永远也逾越不了的坎,0,1,0,0,0,1,0,0,0,0,0,0
619,饭他有新欢了那个女孩子很好很开朗是能照亮他的女孩子他好像慢慢变开心了真好真的我一点也不想他反而替他高兴遇到了一个这么好的女孩我呢继续听我的网易云越来越喜欢黑夜越来越喜欢心口空空的感觉越来越上瘾心碎的声音那种隐隐约约的痛感才能能证明我还还活着对吧可爱,0,0,1,0,0,0,0,0,0,0,0,0
620,你知道吗我很羡慕你我也很想离开这个世界可是我怕爸爸妈妈没人照顾也怕爸爸妈妈伤心如果哈利波特里像艾玛沃特森那样念一段咒语就能把爸爸妈妈的记忆和所有有关孩子的东西删除那也太好了我真的活不下去了真想有一场车祸或者意外把我带走啊我的爸爸妈妈一定要健康长寿啊,0,0,1,0,0,0,0,0,0,0,0,0
621,知道自己很不好很不好但是但是呀每次说想死的时候眼泪就会很急迫地涌出来我是希望这是留恋啦就当是一个并不幸运的小胖子对这个很好看很好看的世界的所能做到的最深情吧有一点点想变幸福我不贪的说一点点就一点点悄悄告诉你哦我买了一个小泡泡机,0,0,0,0,0,0,0,0,0,1,0,0
622,不敢期望有人会安慰不敢成为别人快乐的理由不敢去面对生活不想说话谁也不会发现我不好了谁也不会在意尽管想被记得想被重视想被放在心里从未拥有所以更加珍惜,0,0,0,0,0,1,0,0,0,0,0,0
623,把生死问题扔给您我是不是很自私我是一点责任都承担不了的我的生死您怎么能替我做主我向来讨厌这样没错我就是个矛盾体这种矛盾体,0,0,0,0,0,0,0,0,0,1,0,0
624,我没有爱的人也没有人爱我,0,0,0,0,0,1,0,0,0,0,0,0
625,明天太阳依旧会升起卑微和渺小在所有面前都微不足道方法方式不对错的终究是我,0,0,0,0,0,0,0,0,0,1,1,0
626,断断续续吃了一年的药并没有感觉到好转好像拆东墙补西墙每段时间都有不同反应可能真的治不好吧这个病只能控制我有家族遗传已经放弃了得过且过的挺矛盾,0,0,0,0,0,1,0,0,0,0,0,0
627,每分每秒都活在痛苦绝望中想告别这个世界可每天又在坚持活下去曾经想倾诉却被人嘲笑数落,0,0,1,0,0,0,0,0,0,0,0,0
628,走饭我和我的男朋友放手了我是个很强势也很容易操心的人他呢正好相反每次我都仿佛说的事情他都忘记了后来太多次我就发脾气了我像个泼妇一样我觉得我不是我了我不想要对着一个木偶发火,0,0,0,0,0,0,0,0,0,1,0,0
629,为什么我老是不开心对不起你们要和这么神经质的我相处对不起你们过去认识的那个我已经不在了,0,0,1,0,0,0,0,0,0,1,1,0
630,原来到现在了还有这么多人记得她现在南京通了好多条地铁了但是还是挤如果你还在世的话应该还是不喜欢吧,0,0,0,0,0,0,0,0,1,0,0,0
631,我其实就是一个小垃圾也是一个累赘活着被爱即是牵挂也是束缚如果我的爸爸妈妈没有把我带到这个世界多好他们已经有了一个儿子呀还要我做什么呢,0,0,0,0,0,0,0,0,0,1,0,0
632,没有值得活下去的动力了但死去却无法做到全部终结我深知人人都负重前行可我就是一个没办法前进下去的怂货啊,0,0,0,0,0,0,0,0,0,1,0,0
633,每天都喊着想死掉想死掉可依然在这个世界上苟且偷生不是因为我怕死而是自己实在不忍心自己死后家人要痛苦好久跪了两者之间总要有一个自私的一个无私的他们可能不知道我有多累多难过他们说我只是病了可我不愿承认,1,0,0,0,0,0,0,0,0,1,0,0
634,我伪装成骗子人们就说我是个骗子我充阔人人以为我是阔佬我故作冷淡人人说我是个无情的家伙然而当我真的痛苦万分不由得呻吟时人人却认为我在无病呻吟,0,0,0,0,0,0,0,0,0,1,0,0
635,我不知道自己还能撑多久没有路夜看不到头上一次这样的境遇状况还是用了近八年才改善然后只好了两年又跌入了谷底总有人说我矫情其实我有多努力真的没有人看得到写这些字的时候又泪目眼睛还是肿的画了眼线和遮盖仍然能看得出,0,0,1,0,0,0,0,0,0,0,0,0
636,吐对自己厌恶至极为什么那么自私愚蠢脑袋又不好使,0,0,0,0,0,0,0,0,0,1,0,0
637,没有人会在乎我开不开心大家也都不知道,0,0,0,0,0,1,0,0,0,0,0,0
638,男人都是大猪蹄子,0,0,0,0,0,0,0,0,0,1,0,0
639,我一心情不好就喜欢玩游戏什么都可以放弃唯独游戏结束游戏后整个世界又麻木空虚大概是孤独久了,0,0,1,0,0,0,0,0,0,0,0,0
640,其实怎么说呢我表面真的很开朗吧内心却算黑暗吗我总是想着如何把一段好的关系给破坏想着大家是否是喜欢我的会不会在我背后说我坏话是不是大家都在虚情假意的跟我做朋友我很烦我不懂自己在想些什么,0,0,0,0,0,1,0,0,0,0,0,0
641,生活没有任何意义,0,0,0,0,0,1,0,0,0,0,0,0
642,好好保护我好不好算了怎么可能有人一直保护我呢,0,0,0,0,0,1,0,0,0,0,0,0
643,痛苦地活下去为了寻找活着的意义必将付出惨痛的代价,0,0,0,0,0,1,0,0,0,0,0,0
644,不知道自己为什么活着所以想死去但我不敢对自己动手一直苟且偷生到现在,1,0,0,0,0,0,0,0,0,1,0,0
645,爸爸妈妈根本就不会带我去看病熬了半年一点没好胳膊上还全是疤昨天晚上不准备活了可我高估自己了我疼的哭出来了趁别人都不知道我得抑郁症了我能不能装作什么都没发生偷偷活下来哪怕以后还是哭到发抖我真的很害怕别人在背后偷偷议论我,0,0,0,0,0,1,0,0,0,0,0,0
646,不会的,0,0,0,0,0,0,0,0,0,1,0,0
647,我听见心里怨毒的说都怪你还不都是你我听见嘴上温和的说没事谢谢,0,0,0,0,0,0,0,0,0,0,1,0
648,阿饭我爸妈已经不要我了我该怎么办我没有退路了你把我带走吧我今天自杀又没死成,0,0,1,0,0,0,0,0,0,0,0,0
649,这样子的我没有资格和任何人在一起,0,0,0,0,0,0,0,0,1,0,0,0
650,如果我不在了是不是一切都会好起来是不是有我就没有快乐我不在了会有人记得我吗,0,0,0,0,0,1,0,0,0,0,0,0
651,我有时也知道我侵犯了我们家人的界限但是在那一瞬间我是控制不了的我的内心充实着阴暗的想法暴躁愤怒他们那么高兴我感觉是对我的一种刺激侮辱心里充实着十万个凭什么唉要哪一天才能好,0,0,1,0,0,0,0,0,0,0,0,0
652,怎么能是祸害呢要相信你是白菜他才是猪,0,0,0,0,0,0,0,0,0,1,0,0
653,饭饭来看看你但是总在不断伤害自己伤害爱我的他每一天都活在自责和矛盾中对不起对不起对不起对不起,0,0,0,0,0,0,0,0,0,0,1,0
654,挺羡慕别人晒自拍在朋友圈我看着我自己都觉得恶心,0,0,0,0,0,0,0,0,0,1,0,0
655,想和心里认定的朋友聊天就是那种比较深度的话题那种不过我朋友肯定不想聊因为我容易聊成发散负能量然后影响她所以就没办法很孤独没人讲话没有理解自己的人要和别人成为朋友又挺难,0,0,0,0,0,1,0,0,0,0,0,0
656,没人喜欢我,0,0,0,0,0,1,0,0,0,0,0,0
657,饭又是凌晨点半我觉得我已经是个神经病了连做梦都在否定自己陷入无休止的恶循环我还记得那种感受真的难受从里到外的厌恶自己骂自己越是沉沦越是难过越是难过越是沉溺我终于懂了我有一天也会去找你的吧也不知道你见到我会不会笑话我在你微博底下留了那么多言也许我根本见不到你,0,0,1,0,0,0,0,0,0,1,1,0
658,身边还是很美好的啊为什么我还总想哭,0,0,0,1,0,0,0,0,0,0,0,0
659,我真的好没用啊,0,0,0,0,0,0,0,0,0,1,0,0
660,很多个难熬的夜晚今晚称最原谅我今晚的怯懦我想要喊救命,0,0,0,0,0,0,0,0,0,1,0,0
661,都是我不好,0,0,0,0,0,0,0,0,0,0,1,0
662,我不知道活着的意义是什么朋友离开上海了知道朋友见到了她我开始兴奋起来但往后的几个小时里除了空虚难过和对明天的恐惧之外我没有任何感觉了我还没有见到她她是一个好温柔好真诚的人可是我觉得我撑不到那一天了现在外边儿是大太阳可我就想从楼上跳下去,0,0,1,0,0,0,0,0,0,0,0,0
663,我现在很颓废感情家里经济还有自己的身体心理我到极限了所以告诉我怎么死的快没痛苦,0,0,1,0,0,0,0,0,0,1,0,0
664,说结束的话很容易但结束很难一直以来都活在这种困难中,0,1,0,0,0,0,0,0,0,0,0,0
665,我羡慕别人能做自己喜欢的事想学跳舞但家里没法支出费用想买喜欢的衣服但我喜欢的别人都不喜欢喜欢吃芝士和蛋糕但妈妈不喜欢考了个好学校因为学费贵去了一个不喜欢的没人愿意听我的故事我不敢难过因为会被说做作我不敢流泪因为在父母面前必须坚强早点结束吧这操蛋的生活,0,0,1,0,0,0,0,0,0,0,0,0
666,人间不值得但你值算了你也不值得,0,0,1,0,0,1,0,0,0,0,0,0
667,实在是太痛苦了每一分每一秒都是,0,0,0,0,0,0,1,0,0,0,0,0
668,今天做了错事都这么大的人了还什么都做不好真的不知道自己有什么用,0,0,0,0,0,0,1,0,0,0,0,0
669,活着是为了开心吗那如果活着不开心是不是就没必要了,1,0,0,0,0,0,0,0,0,0,0,0
670,抑郁症就像我掉到海里怎么挣扎都游不上来时不时的被呛几口水迎来的只是无尽的黑暗,0,0,1,0,0,0,0,0,0,0,0,0
671,每天都是这个死样子,0,1,0,0,0,0,0,0,0,0,0,0
672,我就是个异类他们容不下异类,0,0,0,0,0,0,0,0,0,1,0,0
673,一瞬间发现一直都是自己自作多情从来自己都是一个人你在期待什么你就是错的因为全世界都说你是错的而你没有顾森西来告诉你你是对的果然没有绝对的感同身受你永远不知道你会给别人带来什么伤害你永远不知道那样的你有多么可恶,0,0,0,0,0,0,0,0,0,0,1,0
674,总而言之我能看到你看不见的我也能感应到你感受不到的你身体没了什么都没了就是一个穷光蛋,0,0,0,0,0,0,0,0,0,1,0,0
675,马上就要到清明了或许真的是喝了酒醉了之后便觉得心里有好多话想说但是又怕说错了话从之前的害怕被领导听见到现在的无所畏惧或许我是疯了但依然很难过因为有些话永远都憋在心底我真的好想回到学校那会儿真的不想与人打交道真的好想简简单单的好想一切都安好,0,0,0,0,0,0,0,0,0,1,0,0
676,所以我现在就解脱是对的对不对活着到底是为了什么我不懂是为了经历很多的痛苦吗可是痛苦太多了再美好的事情都失去了发现它的心灵呀走饭带我走吧这个世界真的没有什么可以期待的了,0,0,0,1,0,0,0,0,0,0,0,0
677,有时候很想一个人没有谁在乎我这样我就可以一个人浪迹天涯一个人生活一辈子现在的我不上不下我在乎我似乎只有我的父母因为他们也在乎我我不在了他们难过的样子我想起来觉得也对不起他们但是我这个性格已经没救了吧平时都是虚伪的我在这里才能展示我内心的另一面,0,1,1,0,0,1,0,0,0,0,0,0
678,大哭一场可是有什么用呢哭完我还是得面对这个该死的世界我如果能悄无声息的死了该多好,0,0,1,0,0,0,0,0,0,0,0,0
679,只有在饭饭这里才能看到与我相似的人现实中根本没有我这样的人一个人没有家人朋友对象好奇怪啊可是我偏偏就是没有可能所有的错都是我造成的吧,0,0,0,0,0,0,0,0,0,0,1,0
680,我看我的心结永远都解不开了,0,0,0,0,0,1,0,0,0,0,0,0
681,我太没用了,0,0,0,0,0,0,0,0,0,1,0,0
682,每一分每一秒都是痛苦的,0,1,1,0,0,1,0,0,0,0,0,0
683,我真的不知道生活有什么意义永远离开多好,0,0,1,0,0,0,0,0,0,0,0,0
684,真的只想sidiao不被人理解,0,0,0,0,0,1,0,0,0,0,0,0
685,岁创业五年一事无成老婆也不理解我我也想去了活着太痛苦,1,1,1,0,0,0,0,0,0,0,0,0
686,其实我的自卑很大功劳源于我的舍友good,0,0,0,0,0,0,0,0,0,0,0,1
687,微笑如果你有抑郁症不要跟你身边的任何一个人说因为他们都会模式化的告诉你别开玩笑了,0,1,0,0,0,1,0,0,0,0,0,0
688,今天下了好大的雨舍友看着我在雨中走着没有一把伞愿意邀请我我只能拼命跑掉,0,0,0,0,0,1,0,0,0,0,0,0
689,有时候真觉得自己挺差劲的我妈也说我一点也不阳光传播负能量可我也不想这样啊,0,0,0,0,0,0,0,0,0,1,0,0
690,饭你在那边过的还好吗我发现我最近有点严重了什么都不想做动不动就哭记忆力反应力都在下降甚至连我六岁的儿子都不想管了想去医院看看又好怕真的确诊了日子好难过啊真的好难熬,0,0,1,0,0,0,0,0,0,0,0,0
691,我好想死我该怎么办我觉得好难我的人生充满了黑暗我看不到光生而为人十分抱歉如有来世我不希望做人,0,0,1,0,0,0,0,0,0,0,0,0
692,我不值得被爱,0,0,0,0,0,1,0,0,0,0,0,0
693,我觉得我现在好累啊其实我挺希望有一个人能够理解我懂我陪着我宠着我但是我就是遇不到,0,0,0,0,0,1,0,0,0,0,0,0
694,所有人都是自私的就连父母也一样呵这一切也是自己作出来的吧要是当时忍忍不就过去了自己活该,0,0,0,0,0,0,0,0,1,1,0,0
695,饭昨天我刚被确诊中度抑郁医生给我开了药我不想吃我害怕副作用家里人知道了之后说我什么事都没有就是自己瞎想出来的病听到这些话我恨不得即刻去世,0,0,0,0,0,0,1,0,0,0,0,0
696,抑郁症奇特之处在于好事会变坏坏事变更坏精神世界中的色盲黑白之间只有更坏,0,0,1,0,0,0,1,0,0,0,0,0
697,如果死掉就好了活着就是一件让人难以忍受的事仿佛空气都变得稀薄每时每刻都面对着让人无法忍受的孤独与恐惧,0,0,1,0,0,0,0,0,0,0,0,0
698,既然不能帮到我就早点放弃我吧,1,0,0,0,0,0,0,0,0,0,0,0
699,我的快乐维持不了多久就被打回原形,0,0,0,0,0,1,0,0,0,0,0,0
700,为什么那么多的事情过了那么那么久只要写下来我还是那么的痛呢为什么啊想求求时间治愈我可是我知道我无法痊愈了之前的都是妄想我只不过是一遍又一遍的经历着以前的事一遍又一遍的想要缝补过去的自己而已,0,0,0,0,0,1,0,0,0,0,0,0
701,早就该死了不是吗为什么都要让我自卑到抬不起头来像我这种人除了死没有别的选择,0,0,0,0,0,0,0,0,1,0,0,0
702,大概是没有什么所以特别想要什么吧想要一个温暖的干净的家庭可是我没办法把自己带入我的病态心理拥有不了健康的家庭,0,0,0,0,0,1,0,0,0,0,0,0
703,饭饭我遇到了一个温柔的男孩子他给我唱歌教我怎么学英语安慰我让我好好活下去熬夜陪我聊天说我在他眼中只有可爱我真的很谢谢他不嫌弃我的一切可是我还是不想活下去我已经祸害了我所有的家人我不想再祸害他这么好的一个人了,0,0,0,1,0,0,0,0,0,0,0,0
704,明天要跟室友出去玩其实我没有很开心我甚至是不想去的可我知道我不能这样我不能总是这么自私不能总把我奇怪的情绪带给别人很多时候我控制不了但也得在我尽力能控制的时候不要让身旁的人被我影响大家都是很好的人坏的是我而已,0,0,0,0,0,0,0,0,0,1,1,0
705,饭啊我突然想找个人谈恋爱男的女的都行最好跟我一样我就想知道两个抑郁症在一起是互相拯救还是一起走向尽头我发现两种结局都不变但是这个世界再也没人能救得了我,0,0,0,0,0,1,0,0,0,0,0,0
706,饭我又来了我想死死不起我好难过都是我一手造成的,0,0,1,0,0,0,0,0,0,0,1,0
707,没有人看得到,0,0,0,0,0,1,0,0,0,0,0,0
708,我也是失去了最后一根稻草连呼吸都困难,0,0,0,0,0,0,1,0,0,0,0,0
709,真是厌恶了这世上的一切尤其是恶心的自己,0,0,0,0,0,0,0,0,0,0,1,0
710,每次的开心都觉得不属于自己好像自己就属于悲伤好想聊聊和从前一样,0,0,1,0,0,1,0,0,0,0,0,0
711,也或者是臆想这事儿是真的烦我就是个弱鸡我就是个弟弟,0,0,0,0,0,0,0,0,0,1,0,0
712,已经累到了极致我很想睡觉一闭上眼睛脑海里面就回浮现各种想法我好孤独啊我想要健康我想要快乐,0,0,1,0,0,0,0,0,0,0,0,0
713,我真够恶心的,0,0,0,0,0,0,0,0,0,1,0,0
714,明天去见见爷爷和爸爸说真的我没脸见他们我把一切都弄得乱糟糟的没照顾好奶奶和妈妈也没照顾好自己把自己弄成这幅鬼样子到底都是让所有人失望的没脸见他们那只会让我更加良心不安我为什么成了这个样子,0,0,0,0,0,0,0,0,0,0,1,0
715,不那个日子不好的我觉得你应该死在温暖的床上带着幸福的笑脸老死,0,0,0,0,0,0,0,0,1,0,0,0
716,饭饭我的情绪又变坏了我是不是一个很糟糕的人啊,0,0,0,0,0,0,0,1,0,1,0,0
717,没有人救我,0,0,0,0,0,1,0,0,0,0,0,0
718,嗨我来看看你我今天特别累明明昨天精力充沛今天测试皮脂上来一点回家吃碳水了哈哈哈可是今天好累没有一点点力气我的眼泪不知道为什么就是止不住我想我能坚持到什么时候我怕我忍不住我还有父母我还不到时候呀我不知道为什么我会是人会有思维太痛苦了,0,0,1,0,0,0,0,0,0,0,0,0
719,恐怖的原生家庭童年的阴影恐怕这下半辈子都治愈不了最困难的时候是迎来血缘关系最难听的话多亏了我不要脸死皮赖脸的跑回来住要不然我还得到处去找地方住不想活的那么累要不就躺着不动眼泪要流就让它流奢求一觉睡过去永远不醒,0,0,0,0,0,1,0,0,0,1,0,0
720,骗了自己很多年啊觉得他们对我还是爱的可是此刻突然意识到这个谎言继续不下去了哈哈哈哈我是真的多余的不该来这世界的允悲,0,0,0,0,0,0,0,0,1,0,0,0
721,照顾自己就很难了真的不应该去喜欢别人的,0,0,0,0,0,0,0,0,1,0,0,0
722,饭我又加快了去找你的步伐的确生活没了谁都可以过可是心被掏空的过活又有什么意义呢我放弃了这次不是为了能让他愧疚让他背负骂名了是我真的放弃了这生活太重我寸步难行,0,0,1,0,0,0,1,0,0,0,0,0
723,大概就是人间不值得吧,0,0,0,0,0,1,0,0,0,0,0,0
724,人类真的很恶臭,0,0,0,0,0,0,0,0,0,1,0,0
725,我年因为一个男孩子自卑于是减肥绝食我在我并没有什么抑郁的时候觉得抑郁症能引起别人注意于是假装自己是谁能想到弄假成真先是精神性厌食症继而是暴食百忧解是基础药但在那时我却觉得自己一切正常这个死胡同一旦钻进去没人可以救你岁的时候,0,0,0,0,0,1,0,0,0,0,0,0
726,真希望就这样死了今天又是恶心的一天我真的快坚持不下去了,0,0,0,0,0,0,0,0,0,1,0,0
727,受够了每天上课到一半崩溃到去厕所大哭一整天除了在吃药都没有别的记忆几天几天的睡不着,0,0,1,0,0,0,0,0,0,0,0,0
728,昨晚睡不着今天也没胃口吃东西我在努力的瞒着所有人在进行我的计划我要顺着他们的意思让他们觉得我没事了很好希望我的离开并不会让你觉得措手不及我有很多次自杀的念头我渴望能安静的消失灭霸为什么不把我带走也许我这种罪孽深重的人没资格上天堂也许地狱也会比这个世界让我更自在吧,0,0,0,0,0,1,0,0,0,1,0,0
